collision_index,collision_year,collision_ref_no,vehicle_reference,vehicle_type,towing_and_articulation,vehicle_manoeuvre_historic,vehicle_manoeuvre,vehicle_direction_from,vehicle_direction_to,vehicle_location_restricted_lane_historic,vehicle_location_restricted_lane,junction_location,skidding_and_overturning,hit_object_in_carriageway,vehicle_leaving_carriageway,hit_object_off_carriageway,first_point_of_impact,vehicle_left_hand_drive,journey_purpose_of_driver_historic,journey_purpose_of_driver,sex_of_driver,age_of_driver,age_band_of_driver,engine_capacity_cc,propulsion_code,age_of_vehicle,generic_make_model,driver_imd_decile,lsoa_of_driver,escooter_flag,driver_distance_banding
2020010267060,2020,010267060,1,1,9,99,99,9,9,99,99,0,9,99,9,99,1,1,2,2,2,27,6,-1,-1,-1,-1,6,E01004588,0,-1
2020041006423,2020,041006423,3,9,0,2,2,0,0,6,6,8,0,0,0,0,4,1,6,6,3,-1,-1,-1,-1,-1,-1,-1,-1,0,-1
2020522002907,2020,522002907,1,9,0,18,19,4,8,0,0,8,1,0,0,0,1,1,6,6,1,25,5,-1,-1,-1,-1,-1,-1,0,-1
2020332000563,2020,332000563,1,9,0,9,9,1,7,0,0,5,0,0,0,0,1,1,6,6,1,53,8,-1,-1,-1,-1,10,E01025835,0,-1
2020430096172,2020,430096172,1,19,0,7,7,2,6,0,0,8,0,0,0,0,4,1,1,1,1,40,7,-1,-1,-1,-1,-1,-1,0,-1
2020320554192,2020,320554192,1,9,0,17,19,7,4,0,0,0,1,0,1,3,1,1,2,2,2,28,6,-1,-1,-1,-1,-1,-1,0,-1
2020522002302,2020,522002302,1,1,0,18,19,5,1,0,0,0,0,0,0,0,0,1,6,6,1,42,7,-1,-1,-1,-1,8,E01033331,0,-1
2020040993065,2020,040993065,1,9,0,9,9,7,5,0,0,0,0,0,0,0,0,1,6,6,3,-1,-1,-1,-1,-1,-1,-1,-1,0,-1
2020460964593,2020,460964593,1,9,0,18,19,7,3,0,0,0,0,0,0,0,1,1,6,6,3,-1,-1,-1,-1,-1,-1,-1,-1,0,-1
2020332000787,2020,332000787,3,9,0,2,2,0,0,6,6,0,0,0,0,0,4,1,6,6,1,18,4,-1,-1,-1,-1,9,E01025798,0,-1
202060Y170054,2020,60Y170054,1,9,0,4,4,3,7,0,0,1,0,0,0,0,1,1,6,6,2,-1,-1,-1,-1,-1,-1,-1,-1,0,-1
2020220995876,2020,220995876,1,9,0,5,5,7,3,0,0,0,0,0,0,0,1,1,6,6,2,34,6,-1,-1,-1,-1,-1,-1,0,-1
2020430052973,2020,430052973,3,8,0,2,2,0,0,0,0,0,0,0,0,0,2,1,6,6,3,-1,-1,-1,-1,-1,-1,-1,-1,0,-1
202006P177311,2020,06P177311,3,9,0,18,19,3,7,0,0,8,0,0,0,0,1,1,6,6,3,30,6,-1,-1,-1,-1,-1,-1,0,-1
2020332000829,2020,332000829,1,9,0,3,3,2,6,0,0,0,0,0,0,0,2,1,1,1,1,30,6,-1,-1,-1,-1,5,E01018648,0,-1
2020040949007,2020,040949007,1,9,0,16,19,1,5,0,0,0,0,0,0,0,1,1,6,6,3,-1,-1,-1,-1,-1,-1,-1,-1,0,-1
2020140976565,2020,140976565,1,98,5,2,2,0,0,9,9,1,0,0,0,0,0,1,6,6,3,-1,-1,-1,-1,-1,-1,-1,-1,0,-1
2020990949186,2020,990949186,2,9,0,2,2,5,5,0,0,2,0,0,0,0,1,1,6,6,3,-1,-1,-1,-1,-1,-1,-1,-1,0,-1
202006K269458,2020,06K269458,1,9,0,18,19,3,7,0,0,1,0,0,0,0,1,1,6,6,1,30,6,-1,-1,-1,-1,-1,-1,0,-1
2020100928581,2020,100928581,2,1,0,18,19,7,3,0,0,0,0,0,0,0,0,1,6,6,1,-1,-1,-1,-1,-1,-1,-1,-1,0,-1
20201379E1824,2020,1379E1824,1,19,0,18,19,8,4,0,0,0,0,0,0,0,4,1,6,6,3,-1,-1,-1,-1,-1,-1,-1,-1,0,-1
2020010263359,2020,010263359,2,8,0,99,99,9,9,99,99,0,9,99,9,99,3,9,6,6,1,57,9,-1,-1,-1,-1,2,E01001775,0,-1
2020200992184,2020,200992184,1,9,0,18,19,4,8,0,0,0,0,0,0,0,1,1,6,6,3,-1,-1,-1,-1,-1,-1,-1,-1,0,-1
2020230942845,2020,230942845,2,9,0,3,3,4,8,0,0,1,0,0,0,0,2,1,1,1,1,48,8,-1,-1,-1,-1,7,E01031041,0,-1
2020010276857,2020,010276857,2,9,0,99,99,9,9,99,99,9,9,99,9,99,1,9,6,6,3,-1,-1,-1,-1,-1,-1,5,E01000979,0,-1
2020471010324,2020,471010324,2,1,0,18,19,7,3,0,0,8,0,0,0,0,1,1,2,2,2,54,8,-1,-1,-1,-1,2,E01016909,0,-1
2020010284380,2020,010284380,2,22,0,18,19,3,7,0,0,1,0,0,0,0,0,1,6,6,2,49,8,-1,-1,-1,-1,2,E01001010,0,-1
2020010272780,2020,010272780,2,19,0,6,6,1,1,0,0,6,0,0,0,0,1,1,6,6,3,-1,-1,-1,-1,-1,-1,-1,-1,0,-1
2020010285206,2020,010285206,1,-1,0,18,19,3,7,9,9,1,0,0,7,0,1,1,6,6,1,35,6,-1,-1,-1,-1,2,E01021488,1,-1
2020010252810,2020,010252810,2,9,0,12,12,7,3,0,0,0,0,0,0,0,1,1,6,6,3,-1,-1,-1,-1,-1,-1,-1,-1,0,-1
2020137321449,2020,137321449,1,9,0,18,19,2,6,0,0,6,0,0,0,0,1,1,6,6,3,-1,-1,-1,-1,-1,-1,-1,-1,0,-1
2020010273569,2020,010273569,2,1,0,9,9,5,3,0,0,6,2,0,1,0,1,1,6,6,2,31,6,-1,-1,-1,-1,2,E01004404,0,-1
2020500923510,2020,500923510,2,1,0,18,19,6,2,0,0,8,0,0,0,0,1,1,5,6,1,41,7,-1,-1,-1,-1,1,E01015046,0,-1
2020430432219,2020,430432219,1,9,0,9,9,1,3,0,0,1,0,0,0,0,1,1,6,6,3,-1,-1,-1,-1,-1,-1,-1,-1,0,-1
2020010245657,2020,010245657,1,-1,9,18,19,6,2,0,0,1,5,0,0,99,4,9,6,6,1,33,6,-1,-1,-1,-1,3,E01033132,1,-1
2020400973378,2020,400973378,1,9,0,18,19,5,1,0,0,1,0,0,7,1,1,1,5,6,2,24,5,-1,-1,-1,-1,9,E01027037,0,-1
202060Y121285,2020,60Y121285,3,9,0,10,10,7,3,0,0,1,0,0,0,0,2,1,6,6,1,59,9,-1,-1,-1,-1,-1,-1,0,-1
2020332000760,2020,332000760,1,9,0,9,9,2,8,0,0,6,0,0,1,0,3,1,6,6,1,60,9,-1,-1,-1,-1,1,E01026968,0,-1
2020052001040,2020,052001040,2,1,0,9,9,8,7,0,0,8,0,0,0,0,4,1,6,6,1,66,10,-1,-1,-1,-1,5,E01006942,0,-1
2020010269433,2020,010269433,2,1,9,99,99,9,9,99,99,9,9,99,9,99,9,1,6,6,1,-1,-1,-1,-1,-1,-1,5,E01001632,0,-1
2020200996541,2020,200996541,2,9,0,18,19,2,6,0,0,1,0,0,0,0,3,1,6,6,3,-1,-1,-1,-1,-1,-1,-1,-1,0,-1
2020010260168,2020,010260168,2,1,0,18,19,7,3,0,0,1,0,0,0,0,4,1,1,1,1,32,6,-1,-1,-1,-1,2,E01000064,0,-1
2020332001138,2020,332001138,1,9,0,18,19,8,4,0,0,0,0,0,0,0,0,1,6,6,3,-1,-1,-1,-1,-1,-1,-1,-1,0,-1
2020010251256,2020,010251256,2,19,0,1,1,3,7,99,99,0,9,99,9,99,2,9,6,6,3,-1,-1,-1,-1,-1,-1,-1,-1,0,-1
2020200955459,2020,200955459,1,1,0,9,9,2,8,0,0,6,0,10,1,0,1,1,6,6,1,40,7,-1,-1,-1,-1,2,E01008889,0,-1
2020010234273,2020,010234273,1,1,9,99,99,9,9,99,99,9,9,99,9,99,9,1,6,6,1,55,8,-1,-1,-1,-1,8,E01002207,0,-1
2020010264326,2020,010264326,2,21,1,3,3,1,5,0,0,1,0,0,0,0,1,2,1,1,1,27,6,-1,-1,-1,-1,-1,-1,0,-1
2020010242272,2020,010242272,2,9,0,18,19,1,5,0,0,2,0,0,0,0,1,1,6,6,1,41,7,-1,-1,-1,-1,3,E01002695,0,-1
2020990925891,2020,990925891,4,9,0,2,2,0,0,0,0,0,0,0,0,0,2,1,6,6,3,-1,-1,-1,-1,-1,-1,-1,-1,0,-1
2020170S11610,2020,170S11610,2,1,0,18,19,7,3,0,0,8,0,0,0,0,1,1,6,6,1,63,9,-1,-1,-1,-1,8,E01012190,0,-1
2020160987064,2020,160987064,1,97,0,14,14,3,7,0,0,0,0,4,0,0,1,1,6,6,1,25,5,-1,-1,-1,-1,1,E01013144,0,-1
2020010229811,2020,010229811,2,19,0,2,2,0,0,0,0,0,0,0,0,0,1,1,6,6,3,-1,-1,-1,-1,-1,-1,-1,-1,0,-1
2020552000926,2020,552000926,1,90,0,18,19,1,5,0,0,0,0,0,0,0,3,1,6,6,1,14,3,-1,-1,-1,-1,-1,-1,0,-1
2020010253559,2020,010253559,1,1,9,99,99,9,9,99,99,9,9,99,9,99,9,1,6,6,1,32,6,-1,-1,-1,-1,-1,-1,0,-1
2020332000561,2020,332000561,1,9,0,18,19,1,5,0,0,8,0,0,0,0,1,1,1,1,1,60,9,-1,-1,-1,-1,4,E01013617,0,-1
2020990946972,2020,990946972,2,1,0,18,19,2,6,0,0,8,0,0,0,0,1,1,5,6,1,32,6,-1,-1,-1,-1,6,-1,0,-1
2020200987536,2020,200987536,1,11,0,5,5,8,4,0,0,0,0,4,0,0,0,1,6,6,1,-1,-1,-1,-1,-1,-1,-1,-1,0,-1
2020122000247,2020,122000247,1,1,0,9,9,5,2,0,0,8,0,0,0,0,3,1,2,2,1,59,9,-1,-1,-1,-1,10,E01013340,0,-1
2020501008159,2020,501008159,1,1,0,18,19,3,7,0,0,0,1,0,0,0,1,1,5,6,1,31,6,-1,-1,-1,-1,7,E01020074,0,-1
2020549014620,2020,549014620,1,9,0,18,19,7,3,0,0,8,0,0,0,0,2,1,1,1,1,25,5,-1,-1,-1,-1,5,E01031898,0,-1
2020010277607,2020,010277607,2,9,0,99,99,9,9,99,99,9,9,99,9,99,0,9,6,6,3,30,6,-1,-1,-1,-1,-1,-1,0,-1
2020122000719,2020,122000719,2,1,0,9,9,1,2,0,0,2,0,0,1,11,2,1,6,6,2,50,8,-1,-1,-1,-1,6,E01027669,0,-1
2020010268385,2020,010268385,1,1,9,99,99,9,9,99,99,0,9,99,9,99,9,1,6,6,3,-1,-1,-1,-1,-1,-1,-1,-1,0,-1
2020440191689,2020,440191689,2,11,0,18,19,7,3,0,0,6,0,0,0,0,1,1,1,1,1,26,6,-1,-1,-1,-1,4,E01017171,0,-1
2020010280487,2020,010280487,2,9,0,99,99,9,9,99,99,0,9,99,9,99,1,9,6,6,3,-1,-1,-1,-1,-1,-1,5,E01000994,0,-1
2020010256212,2020,010256212,1,1,9,99,99,9,9,99,99,9,9,99,9,99,2,1,6,6,1,23,5,-1,-1,-1,-1,3,E01004661,0,-1
2020350968877,2020,350968877,2,1,0,18,19,5,1,0,0,0,0,0,0,0,1,1,6,6,1,57,9,-1,-1,-1,-1,-1,-1,0,-1
2020200942464,2020,200942464,1,9,0,18,19,-1,-1,0,0,0,0,0,0,0,1,1,6,6,3,-1,-1,-1,-1,-1,-1,-1,-1,0,-1
202060Y135952,2020,60Y135952,1,9,0,5,5,2,6,0,0,4,0,0,0,0,1,1,6,6,1,-1,-1,-1,-1,-1,-1,-1,-1,0,-1
2020450948000,2020,450948000,1,1,0,9,9,1,3,0,0,0,5,0,0,0,3,1,6,6,1,59,9,-1,-1,-1,-1,10,E01030486,0,-1
202060Y019667,2020,60Y019667,1,19,0,16,19,8,4,0,0,0,1,0,0,0,3,1,1,1,1,62,9,-1,-1,-1,-1,-1,-1,0,-1
202060Y001159,2020,60Y001159,1,9,0,18,19,6,2,0,0,1,0,0,0,0,1,1,6,6,2,64,9,-1,-1,-1,-1,-1,-1,0,-1
2020340K05032,2020,340K05032,2,1,0,18,19,3,7,0,0,0,0,0,0,0,1,1,6,6,1,27,6,-1,-1,-1,-1,8,E01032966,0,-1
2020622000689,2020,622000689,3,9,0,18,19,4,8,0,0,0,0,0,0,0,3,1,6,6,2,40,7,-1,-1,-1,-1,2,W01000900,0,-1
2020010241467,2020,010241467,2,9,0,99,99,9,9,99,99,0,9,99,9,99,1,9,6,6,3,-1,-1,-1,-1,-1,-1,-1,-1,0,-1
2020522000111,2020,522000111,2,1,0,14,14,3,7,0,0,0,0,8,0,0,1,1,6,6,1,49,8,-1,-1,-1,-1,7,E01014561,0,-1
2020231015554,2020,231015554,2,1,0,18,19,8,4,0,0,0,0,8,0,0,3,1,5,6,1,60,9,-1,-1,-1,-1,5,E01031105,0,-1
2020440318152,2020,440318152,1,9,0,9,9,1,7,0,0,6,0,0,0,0,1,1,2,2,1,43,7,-1,-1,-1,-1,4,E01017028,0,-1
2020430197506,2020,430197506,1,9,0,9,9,2,8,0,0,5,0,0,0,0,1,1,2,2,2,40,7,-1,-1,-1,-1,10,E01030691,0,-1
2020361012801,2020,361012801,1,1,0,18,19,6,2,5,5,0,0,0,0,0,-1,1,6,6,1,-1,-1,-1,-1,-1,-1,-1,-1,0,-1
2020052001288,2020,052001288,1,1,0,18,19,6,2,0,0,0,0,0,0,0,3,1,2,2,1,29,6,-1,-1,-1,-1,4,E01006998,0,-1
2020370982808,2020,370982808,2,1,0,18,19,7,3,0,0,1,0,0,0,0,1,1,5,6,1,64,9,-1,-1,-1,-1,6,E01026494,0,-1
2020160969869,2020,160969869,2,98,0,17,19,6,2,0,0,4,0,0,0,0,0,1,6,6,1,-1,-1,-1,-1,-1,-1,-1,-1,0,-1
2020170L40030,2020,170L40030,1,9,0,17,19,8,5,0,0,0,0,0,1,11,1,1,6,6,1,20,4,-1,-1,-1,-1,1,E01012096,0,-1
2020010253585,2020,010253585,1,1,0,18,19,2,6,0,0,0,0,0,0,0,1,1,1,1,1,27,6,-1,-1,-1,-1,3,E01002048,0,-1
2020410987482,2020,410987482,1,9,0,18,19,2,4,0,0,8,0,0,0,0,4,1,6,6,3,-1,-1,-1,-1,-1,-1,-1,-1,0,-1
2020410946467,2020,410946467,2,9,0,2,2,0,0,0,0,0,0,0,0,0,1,1,6,6,3,-1,-1,-1,-1,-1,-1,-1,-1,0,-1
2020340N03102,2020,340N03102,2,9,0,3,3,7,3,0,0,8,0,0,0,0,0,1,6,6,3,-1,-1,-1,-1,-1,-1,-1,-1,0,-1
2020010234899,2020,010234899,1,1,9,99,99,9,9,99,99,4,9,99,9,99,9,1,6,6,1,52,8,-1,-1,-1,-1,9,E01001063,0,-1
2020302001247,2020,302001247,2,9,0,18,19,2,6,0,0,0,0,0,0,0,1,1,6,6,3,-1,-1,-1,-1,-1,-1,5,E01019456,0,-1
2020332001002,2020,332001002,1,-1,0,18,19,8,4,0,0,0,0,0,0,0,1,1,6,6,1,54,8,-1,-1,-1,-1,3,E01009095,1,-1
2020302000310,2020,302000310,2,1,0,18,19,8,4,9,9,0,0,0,0,0,4,1,6,6,2,9,2,-1,-1,-1,-1,4,E01019516,0,-1
2020137811643,2020,137811643,2,9,0,18,19,3,7,0,0,8,0,0,0,0,1,1,6,6,1,36,7,-1,-1,-1,-1,2,E01011079,0,-1
2020450980210,2020,450980210,1,1,0,17,19,8,5,0,0,8,0,0,0,0,1,1,5,6,1,45,7,-1,-1,-1,-1,5,E01001099,0,-1
2020010254650,2020,010254650,2,1,0,18,19,3,7,0,0,3,0,0,0,0,4,1,6,6,2,57,9,-1,-1,-1,-1,6,E01003836,0,-1
2020990925912,2020,990925912,1,9,0,17,19,8,5,0,0,1,0,0,0,0,1,1,1,1,1,30,6,-1,-1,-1,-1,3,-1,0,-1
2020332000819,2020,332000819,2,9,0,4,4,7,3,0,0,1,0,0,0,0,2,1,6,6,1,53,8,-1,-1,-1,-1,8,E01025812,0,-1
2020332001121,2020,332001121,3,9,0,18,19,5,1,0,0,0,0,0,0,0,0,1,6,6,1,-1,-1,-1,-1,-1,-1,-1,-1,0,-1
202006G167312,2020,06G167312,2,9,0,18,19,8,4,0,0,1,0,0,0,0,1,1,6,6,3,-1,-1,-1,-1,-1,-1,-1,-1,0,-1
2020440017114,2020,440017114,1,3,0,18,19,3,7,0,0,8,1,0,0,0,0,1,6,6,1,33,6,-1,-1,-1,-1,10,E01023133,0,-1
2020430326687,2020,430326687,1,9,0,9,9,1,8,0,0,6,0,0,0,0,3,1,6,6,1,27,6,-1,-1,-1,-1,7,E01028549,0,-1
2020332000654,2020,332000654,2,19,0,18,19,2,6,0,0,0,0,0,0,0,0,1,1,1,1,30,6,-1,-1,-1,-1,3,E01025718,0,-1
2020440043390,2020,440043390,2,1,0,18,19,1,5,0,0,2,0,0,0,0,4,1,4,7,1,14,3,-1,-1,-1,-1,6,E01023081,0,-1
2020461009353,2020,461009353,1,9,0,4,4,6,5,0,0,3,0,0,0,0,1,1,2,2,1,41,7,-1,-1,-1,-1,4,E01024647,0,-1
20201372H0816,2020,1372H0816,1,19,0,4,4,2,6,0,0,1,0,0,0,0,1,1,1,1,1,-1,-1,-1,-1,-1,-1,-1,-1,0,-1
2020622000627,2020,622000627,1,1,0,17,19,6,3,0,0,8,0,0,0,0,1,1,6,6,1,22,5,-1,-1,-1,-1,8,W01001721,0,-1
2020470970204,2020,470970204,2,9,0,2,2,0,0,0,0,0,0,0,0,0,2,1,6,6,3,-1,-1,-1,-1,-1,-1,-1,-1,0,-1
2020500956652,2020,500956652,1,9,0,13,13,6,2,0,0,0,0,0,0,0,1,1,6,6,3,-1,-1,-1,-1,-1,-1,-1,-1,0,-1
2020522003813,2020,522003813,2,9,0,18,19,5,1,0,0,8,0,0,0,0,3,1,6,6,1,31,6,-1,-1,-1,-1,-1,-1,0,-1
2020320522104,2020,320522104,2,1,0,18,19,6,2,0,0,2,5,0,0,0,2,1,6,6,1,44,7,-1,-1,-1,-1,-1,-1,0,-1
2020010229784,2020,010229784,1,9,9,9,9,5,3,99,99,9,9,99,0,0,1,9,-1,-1,3,-1,-1,-1,-1,-1,-1,-1,-1,0,-1
2020160963133,2020,160963133,2,1,0,18,19,4,8,0,0,0,0,0,0,0,4,1,2,2,2,41,7,-1,-1,-1,-1,8,E01013264,0,-1
2020370973781,2020,370973781,2,1,0,18,19,4,2,0,0,1,0,0,0,0,1,1,5,6,1,62,9,-1,-1,-1,-1,3,E01029985,0,-1
2020450981579,2020,450981579,2,1,0,18,19,5,1,0,0,8,0,0,0,0,1,1,2,2,1,49,8,-1,-1,-1,-1,6,E01030455,0,-1
2020411017588,2020,411017588,2,1,0,18,19,4,8,0,0,0,0,0,0,0,3,1,5,6,1,58,9,-1,-1,-1,-1,7,E01023888,0,-1
2020010257642,2020,010257642,2,9,0,99,99,9,9,99,99,9,9,99,9,99,1,9,6,6,3,-1,-1,-1,-1,-1,-1,-1,-1,0,-1
2020010250797,2020,010250797,2,1,0,18,19,3,7,0,0,8,2,0,0,0,1,1,1,1,1,34,6,-1,-1,-1,-1,3,E01001807,0,-1
2020010272940,2020,010272940,2,1,0,18,19,2,6,0,0,1,0,8,0,0,1,1,6,6,1,27,6,-1,-1,-1,-1,2,E01003111,0,-1
2020430148307,2020,430148307,2,9,0,18,19,1,5,0,0,4,0,0,0,0,0,1,6,6,1,-1,-1,-1,-1,-1,-1,-1,-1,0,-1
2020522100952,2020,522100952,1,9,0,7,7,5,7,0,0,5,0,0,0,0,4,1,6,6,2,31,6,-1,-1,-1,-1,1,E01032515,0,-1
2020200946018,2020,200946018,2,9,0,13,13,8,4,0,0,0,0,0,0,0,3,1,6,6,3,-1,-1,-1,-1,-1,-1,-1,-1,0,-1
2020990969002,2020,990969002,1,9,0,13,13,2,6,0,0,0,0,0,0,0,3,1,2,2,1,21,5,-1,-1,-1,-1,5,-1,0,-1
2020421009473,2020,421009473,2,1,0,18,19,3,4,0,0,1,2,0,0,0,1,1,5,6,1,27,6,-1,-1,-1,-1,4,E01021501,0,-1
20201371O0871,2020,1371O0871,2,19,0,4,4,5,1,0,0,0,0,0,0,0,2,1,1,1,1,60,9,-1,-1,-1,-1,5,E01008172,0,-1
2020010270684,2020,010270684,2,19,0,99,99,9,9,99,99,0,9,99,9,99,4,9,6,6,3,30,6,-1,-1,-1,-1,-1,-1,0,-1
2020010257131,2020,010257131,2,9,0,18,19,7,3,0,0,0,0,0,0,0,0,1,6,6,3,-1,-1,-1,-1,-1,-1,-1,-1,0,-1
2020040956338,2020,040956338,2,1,0,18,19,7,5,0,0,2,0,0,0,0,1,1,6,6,1,75,10,-1,-1,-1,-1,8,E01025519,0,-1
2020500962394,2020,500962394,2,1,0,18,19,7,2,0,0,4,0,0,0,0,1,1,5,6,1,87,11,-1,-1,-1,-1,7,E01018787,0,-1
202006G272166,2020,06G272166,2,9,0,9,9,7,5,0,0,8,0,0,0,0,1,1,6,6,3,-1,-1,-1,-1,-1,-1,-1,-1,0,-1
2020010248380,2020,010248380,2,1,0,7,7,8,3,0,0,6,0,0,0,0,1,-1,6,6,1,27,6,-1,-1,-1,-1,6,E01002601,0,-1
2020430114400,2020,430114400,1,9,0,18,19,3,7,0,0,4,0,0,0,0,1,1,6,6,2,31,6,-1,-1,-1,-1,-1,-1,0,-1
2020350953777,2020,350953777,2,9,0,18,19,1,2,0,0,0,0,0,0,0,1,1,5,6,1,44,7,-1,-1,-1,-1,2,E01018068,0,-1
2020070302961,2020,070302961,1,1,0,16,19,4,8,0,0,0,0,0,0,0,1,1,6,6,1,64,9,-1,-1,-1,-1,10,E01018427,0,-1
2020350934607,2020,350934607,2,1,0,18,19,7,3,9,9,1,0,0,0,0,4,1,4,7,2,14,3,-1,-1,-1,-1,10,E01018134,0,-1
2020361017639,2020,361017639,2,1,0,18,19,1,5,0,0,2,0,8,0,0,1,1,6,6,1,56,9,-1,-1,-1,-1,4,E01026468,0,-1
2020010264241,2020,010264241,1,1,0,18,19,7,3,4,4,0,0,0,0,0,1,1,6,6,1,-1,-1,-1,-1,-1,-1,-1,-1,0,-1
2020320237048,2020,320237048,2,1,0,18,19,5,1,0,0,2,0,0,0,0,3,1,6,6,1,35,6,-1,-1,-1,-1,1,E01026176,0,-1
2020010262369,2020,010262369,1,1,0,18,19,3,7,0,0,1,0,0,1,10,3,1,6,6,2,28,6,-1,-1,-1,-1,2,E01003977,0,-1
2020010230456,2020,010230456,1,9,0,99,99,9,9,99,99,9,9,99,9,99,1,9,6,6,3,-1,-1,-1,-1,-1,-1,-1,-1,0,-1
202006N178653,2020,06N178653,2,9,0,9,9,5,2,0,0,1,1,0,0,0,1,1,6,6,2,30,6,-1,-1,-1,-1,-1,-1,0,-1
2020990958744,2020,990958744,2,1,0,18,19,5,1,4,4,1,0,0,0,0,0,1,5,6,2,44,7,-1,-1,-1,-1,2,-1,0,-1
2020332000751,2020,332000751,2,9,0,18,19,1,5,0,0,1,0,0,6,0,1,1,6,6,1,49,8,-1,-1,-1,-1,1,E01025934,0,-1
2020170M10350,2020,170M10350,2,1,0,18,19,7,3,0,0,8,0,0,0,0,4,1,6,6,1,15,3,-1,-1,-1,-1,1,E01012020,0,-1
2020450971941,2020,450971941,2,98,0,18,19,1,5,0,0,0,0,0,0,0,2,2,1,1,1,56,9,-1,-1,-1,-1,-1,-1,0,-1
2020052001715,2020,052001715,1,19,0,18,19,6,2,0,0,0,1,0,1,4,1,1,6,6,1,34,6,-1,-1,-1,-1,1,E01012424,0,-1
2020520004285,2020,520004285,4,9,0,3,3,6,2,0,0,0,0,0,0,0,2,1,6,6,1,33,6,-1,-1,-1,-1,1,E01010370,0,-1
2020010247444,2020,010247444,2,1,0,9,9,5,3,0,0,8,0,0,0,0,4,-1,6,6,2,62,9,-1,-1,-1,-1,2,E01000935,0,-1
202060Y006289,2020,60Y006289,1,9,0,13,13,1,5,0,0,0,0,0,0,0,4,1,6,6,3,-1,-1,-1,-1,-1,-1,-1,-1,0,-1
2020371027116,2020,371027116,1,9,0,13,13,4,8,0,0,0,1,0,8,0,1,1,1,1,1,51,8,-1,-1,-1,-1,5,E01026491,0,-1
20201374O2026,2020,1374O2026,2,1,0,18,19,5,1,0,0,8,0,0,0,0,1,1,6,6,2,68,10,-1,-1,-1,-1,7,E01011569,0,-1
2020332000716,2020,332000716,3,9,0,4,4,2,6,0,0,0,0,0,0,0,2,1,6,6,1,46,8,-1,-1,-1,-1,10,E01032895,0,-1
202006E269337,2020,06E269337,2,1,0,9,9,5,3,0,0,5,0,0,0,0,4,1,6,6,1,23,5,-1,-1,-1,-1,7,E01005275,0,-1
2020430273935,2020,430273935,1,19,0,18,19,2,6,0,0,0,0,0,0,0,4,1,6,6,3,-1,-1,-1,-1,-1,-1,-1,-1,0,-1
2020010261688,2020,010261688,2,1,0,18,19,5,1,0,0,0,0,0,0,0,0,1,6,6,1,33,6,-1,-1,-1,-1,2,E01033712,0,-1
2020470968607,2020,470968607,2,1,0,10,10,1,8,0,0,6,0,0,0,0,4,1,5,6,1,58,9,-1,-1,-1,-1,5,E01031410,0,-1
2020010252114,2020,010252114,2,1,0,14,14,1,5,0,0,0,0,0,0,0,4,1,6,6,1,37,7,-1,-1,-1,-1,3,E01003976,0,-1
2020500954988,2020,500954988,1,1,0,18,19,7,3,0,0,1,0,0,0,0,1,1,5,6,1,21,5,-1,-1,-1,-1,3,E01015168,0,-1
2020411003344,2020,411003344,2,1,0,18,19,1,5,0,0,6,0,0,0,0,4,1,4,7,1,11,3,-1,-1,-1,-1,10,E01023768,0,-1
2020470984508,2020,470984508,2,9,0,18,19,5,1,0,0,0,0,0,1,0,2,1,5,6,2,63,9,-1,-1,-1,-1,5,E01016151,0,-1
2020350958120,2020,350958120,2,9,0,8,8,1,5,0,0,1,0,0,0,0,2,1,6,6,1,49,8,-1,-1,-1,-1,10,E01026302,0,-1
2020350970035,2020,350970035,2,1,0,18,19,5,7,0,0,1,0,0,0,0,1,1,6,6,1,14,3,-1,-1,-1,-1,7,E01018002,0,-1
2020500922530,2020,500922530,1,19,0,18,19,7,3,0,0,0,0,0,0,0,4,1,6,6,1,87,11,-1,-1,-1,-1,5,E01020319,0,-1
202031A042420,2020,31A042420,2,19,0,3,3,4,8,0,0,1,0,0,0,0,4,1,6,6,1,-1,-1,-1,-1,-1,-1,-1,-1,0,-1
2020451004261,2020,451004261,7,9,0,4,4,1,5,0,0,0,0,0,0,0,2,1,2,2,1,53,8,-1,-1,-1,-1,3,E01016046,0,-1
2020549300620,2020,549300620,1,9,0,18,19,6,2,0,0,2,0,0,0,0,4,1,6,6,1,22,5,-1,-1,-1,-1,7,E01032015,0,-1
2020302000385,2020,302000385,1,9,0,18,19,7,3,0,0,4,0,0,0,0,3,1,6,6,3,-1,-1,-1,-1,-1,-1,5,E01019456,0,-1
2020990944602,2020,990944602,1,1,0,18,19,2,6,0,0,0,0,0,0,0,0,1,5,6,1,65,9,-1,-1,-1,-1,10,-1,0,-1
20201375U0647,2020,1375U0647,2,1,0,9,9,7,5,0,0,3,0,0,0,0,2,1,6,6,1,44,7,-1,-1,-1,-1,7,E01010636,0,-1
2020361011771,2020,361011771,1,9,0,18,19,5,1,0,0,0,5,0,1,0,0,1,2,2,2,20,4,-1,-1,-1,-1,4,E01026884,0,-1
2020470978348,2020,470978348,4,1,0,18,19,4,1,0,0,0,0,0,1,0,1,1,6,6,1,73,10,-1,-1,-1,-1,1,E01016868,0,-1
2020010239773,2020,010239773,3,19,0,18,19,3,7,0,0,0,0,0,0,0,2,1,1,1,1,64,9,-1,-1,-1,-1,7,E01000388,0,-1
2020370954065,2020,370954065,1,21,2,9,9,2,8,0,0,0,0,0,0,0,1,2,1,1,1,27,6,-1,-1,-1,-1,-1,-1,0,-1
2020160921768,2020,160921768,3,9,0,18,19,7,3,0,0,0,0,0,0,0,1,1,1,1,1,41,7,-1,-1,-1,-1,2,E01013038,0,-1
2020160935195,2020,160935195,3,9,0,18,19,7,3,0,0,0,0,0,0,0,2,1,1,1,1,46,8,-1,-1,-1,-1,8,E01013073,0,-1
2020010273807,2020,010273807,1,1,9,99,99,9,9,99,99,9,9,99,9,99,9,1,2,2,2,26,6,-1,-1,-1,-1,6,E01003026,0,-1
2020122000303,2020,122000303,2,1,0,18,19,5,1,0,0,1,0,0,0,0,0,1,6,6,2,42,7,-1,-1,-1,-1,8,E01013348,0,-1
2020522100776,2020,522100776,1,19,0,11,11,2,6,0,0,0,0,0,0,0,4,1,6,6,1,29,6,-1,-1,-1,-1,7,W01000651,0,-1
2020140993204,2020,140993204,3,9,0,6,6,1,1,0,0,0,0,0,0,0,3,1,6,6,3,-1,-1,-1,-1,-1,-1,-1,-1,0,-1