collision_index,collision_year,collision_ref_no,vehicle_reference,vehicle_type,towing_and_articulation,vehicle_manoeuvre_historic,vehicle_manoeuvre,vehicle_direction_from,vehicle_direction_to,vehicle_location_restricted_lane_historic,vehicle_location_restricted_lane,junction_location,skidding_and_overturning,hit_object_in_carriageway,vehicle_leaving_carriageway,hit_object_off_carriageway,first_point_of_impact,vehicle_left_hand_drive,journey_purpose_of_driver_historic,journey_purpose_of_driver,sex_of_driver,age_of_driver,age_band_of_driver,engine_capacity_cc,propulsion_code,age_of_vehicle,generic_make_model,driver_imd_decile,lsoa_of_driver,escooter_flag,driver_distance_banding
2020430002266,2020,430002266,1,19,0,18,19,5,1,0,0,8,0,0,1,0,1,1,1,1,1,71,10,-1,-1,-1,-1,8,E01024761,0,-1
2020200955486,2020,200955486,2,1,0,18,19,6,2,0,0,8,0,0,0,0,4,1,1,1,1,23,5,-1,-1,-1,-1,10,E01010180,0,-1
2020320299768,2020,320299768,2,9,0,18,19,7,3,0,0,2,0,0,0,0,1,1,6,6,1,49,8,-1,-1,-1,-1,4,E01026028,0,-1
2020100977243,2020,100977243,1,9,0,18,19,5,1,0,0,8,0,0,0,0,0,1,1,1,3,18,4,-1,-1,-1,-1,-1,-1,0,-1
2020201021159,2020,201021159,1,9,0,18,19,8,4,0,0,8,0,0,0,0,1,1,6,6,1,-1,-1,-1,-1,-1,-1,-1,-1,0,-1
2020622000978,2020,622000978,2,1,0,18,19,4,8,0,0,1,0,0,0,0,1,1,6,6,1,26,6,-1,-1,-1,-1,7,W01001005,0,-1
2020200992499,2020,200992499,1,9,0,18,19,1,5,0,0,0,0,0,0,0,1,1,6,6,1,-1,-1,-1,-1,-1,-1,-1,-1,0,-1
2020010251385,2020,010251385,1,1,9,99,99,9,9,99,99,1,9,99,9,99,1,1,2,2,1,23,5,-1,-1,-1,-1,8,E01004480,0,-1
2020332001176,2020,332001176,1,9,0,18,19,6,2,0,0,0,0,0,0,0,0,1,6,6,2,26,6,-1,-1,-1,-1,-1,-1,0,-1
202060Y103605,2020,60Y103605,2,9,0,2,2,0,0,0,0,0,0,0,0,0,1,1,6,6,2,58,9,-1,-1,-1,-1,-1,-1,0,-1
2020010258667,2020,010258667,1,1,9,99,99,9,9,99,99,0,9,99,9,99,9,1,6,6,1,28,6,-1,-1,-1,-1,3,E01004645,0,-1
2020610039720,2020,610039720,2,2,0,15,15,8,4,0,0,0,0,0,0,0,4,1,6,6,1,-1,-1,-1,-1,-1,-1,-1,-1,0,-1
2020010276953,2020,010276953,2,9,0,2,2,0,0,9,9,0,0,0,0,0,2,1,6,6,3,-1,-1,-1,-1,-1,-1,-1,-1,0,-1
2020010283796,2020,010283796,1,9,0,99,99,9,9,99,99,9,9,99,9,99,1,1,6,6,3,-1,-1,-1,-1,-1,-1,-1,-1,0,-1
202006J177837,2020,06J177837,2,1,0,18,19,2,5,0,0,8,0,0,0,0,2,1,2,2,1,38,7,-1,-1,-1,-1,3,E01005872,0,-1
2020070527839,2020,070527839,1,9,0,11,11,5,1,0,0,0,0,0,0,0,0,1,6,6,3,17,4,-1,-1,-1,-1,-1,-1,0,-1
2020370977663,2020,370977663,2,1,0,-1,-1,-1,-1,0,0,0,0,0,0,0,3,1,6,6,1,21,5,-1,-1,-1,-1,4,E01033128,0,-1
2020010275223,2020,010275223,2,1,9,99,99,9,9,99,99,9,9,99,9,99,1,1,6,6,2,-1,-1,-1,-1,-1,-1,-1,-1,0,-1
202006Q169989,2020,06Q169989,4,9,0,4,4,8,4,0,0,1,0,0,0,0,4,1,6,6,1,60,9,-1,-1,-1,-1,9,E01005419,0,-1
2020990956317,2020,990956317,2,1,0,18,19,3,7,0,0,0,0,0,0,0,2,1,5,6,2,48,8,-1,-1,-1,-1,-1,-1,0,-1
2020332001180,2020,332001180,2,9,0,18,19,5,1,0,0,8,0,0,0,0,0,1,6,6,1,41,7,-1,-1,-1,-1,-1,-1,0,-1
2020530924604,2020,530924604,2,1,0,18,19,3,8,0,0,8,5,0,0,0,1,1,6,6,1,56,9,-1,-1,-1,-1,6,E01022414,0,-1
2020460977954,2020,460977954,2,1,0,9,9,5,3,0,0,1,1,0,0,0,2,1,5,6,1,48,8,-1,-1,-1,-1,7,E01024801,0,-1
2020040952707,2020,040952707,2,1,0,9,9,5,8,0,0,8,5,0,0,0,4,1,6,6,1,26,6,-1,-1,-1,-1,9,E01025253,0,-1
2020220945963,2020,220945963,1,1,0,4,4,6,8,0,0,1,0,0,0,0,1,1,5,6,1,52,8,-1,-1,-1,-1,8,E01032438,0,-1
2020140981004,2020,140981004,1,1,0,18,19,8,4,0,0,8,0,0,0,0,3,1,2,2,1,42,7,-1,-1,-1,-1,10,E01008146,0,-1
2020340W04182,2020,340W04182,2,1,0,14,14,5,1,0,0,0,0,0,0,0,0,1,2,2,1,64,9,-1,-1,-1,-1,5,E01027350,0,-1
2020302001552,2020,302001552,2,9,0,18,19,4,8,0,0,0,0,0,0,0,2,1,2,2,2,19,4,-1,-1,-1,-1,2,E01019556,0,-1
202060Y011249,2020,60Y011249,1,5,0,18,19,2,6,0,0,0,2,0,1,9,1,1,6,6,1,29,6,-1,-1,-1,-1,-1,-1,0,-1
2020430163022,2020,430163022,1,1,0,18,19,8,4,0,0,1,0,0,0,0,1,1,6,6,2,54,8,-1,-1,-1,-1,-1,-1,0,-1
2020010248392,2020,010248392,3,1,0,18,19,1,5,0,0,0,0,4,0,0,1,1,6,6,2,14,3,-1,-1,-1,-1,3,E01002771,0,-1
2020200929435,2020,200929435,1,9,0,7,7,4,6,0,0,2,0,0,0,0,1,1,6,6,3,-1,-1,-1,-1,-1,-1,-1,-1,0,-1
2020360987867,2020,360987867,1,9,0,17,19,7,5,0,0,2,0,0,0,0,-1,1,5,6,1,90,11,-1,-1,-1,-1,4,E01026741,0,-1
2020471009998,2020,471009998,5,11,0,18,19,2,6,0,0,0,1,1,0,0,1,1,1,1,1,51,8,-1,-1,-1,-1,7,E01020440,0,-1
2020430075174,2020,430075174,2,9,0,18,19,3,7,0,0,0,0,0,0,0,4,1,6,6,3,-1,-1,-1,-1,-1,-1,-1,-1,0,-1
202006K168901,2020,06K168901,1,1,0,6,6,4,4,0,0,4,0,0,0,0,4,1,6,6,1,69,10,-1,-1,-1,-1,5,E01004840,0,-1
2020010259647,2020,010259647,2,9,9,99,99,9,9,99,99,9,9,99,9,99,9,9,6,6,3,21,5,-1,-1,-1,-1,-1,-1,0,-1
2020137CF0692,2020,137CF0692,2,1,0,18,19,1,7,0,0,1,0,0,0,0,1,1,6,6,1,73,10,-1,-1,-1,-1,-1,-1,0,-1
2020040984611,2020,040984611,1,1,0,18,19,3,7,0,0,8,5,0,0,0,1,1,5,6,1,43,7,-1,-1,-1,-1,1,E01012674,0,-1
2020160934117,2020,160934117,1,9,0,18,19,7,3,0,0,2,0,0,0,0,3,1,2,2,2,61,9,-1,-1,-1,-1,3,E01013272,0,-1
2020990995271,2020,990995271,2,1,0,18,19,4,8,4,4,8,0,0,0,0,2,1,5,6,2,36,7,-1,-1,-1,-1,9,-1,0,-1
2020320577314,2020,320577314,1,9,0,4,4,7,3,0,0,0,0,0,0,0,4,1,6,6,1,49,8,-1,-1,-1,-1,1,E01026126,0,-1
2020010273800,2020,010273800,2,1,0,18,19,2,6,0,0,1,5,0,0,0,1,1,6,6,1,26,6,-1,-1,-1,-1,4,E01002088,0,-1
2020010266848,2020,010266848,1,5,0,18,19,5,1,0,0,2,0,0,0,0,1,1,1,1,1,35,6,-1,-1,-1,-1,2,E01003092,0,-1
2020990938823,2020,990938823,1,9,0,3,3,7,3,0,0,0,0,0,0,0,1,1,1,1,1,27,6,-1,-1,-1,-1,2,-1,0,-1
202060Y138728,2020,60Y138728,2,9,0,3,3,6,2,0,0,0,0,0,0,0,2,1,6,6,1,21,5,-1,-1,-1,-1,-1,-1,0,-1
2020010236743,2020,010236743,2,97,0,18,19,-1,-1,0,0,0,0,0,0,0,1,1,6,6,3,-1,-1,-1,-1,-1,-1,-1,-1,0,-1
2020450985138,2020,450985138,1,9,0,16,19,1,6,0,0,3,0,0,0,0,1,1,1,1,1,23,5,-1,-1,-1,-1,3,E01000510,0,-1
2020010293783,2020,010293783,1,1,9,99,99,9,9,99,99,9,9,99,9,99,9,1,6,6,1,54,8,-1,-1,-1,-1,2,E01004423,0,-1
2020010244834,2020,010244834,1,1,9,99,99,9,9,0,0,1,9,99,9,99,9,1,6,6,1,24,5,-1,-1,-1,-1,5,E01002237,0,-1
2020052000885,2020,052000885,1,5,0,18,19,1,5,0,0,0,1,0,0,0,1,1,6,6,3,-1,-1,-1,-1,-1,-1,-1,-1,0,-1
2020010255626,2020,010255626,2,19,9,99,99,9,9,99,99,9,9,99,9,99,9,9,6,6,1,20,4,-1,-1,-1,-1,6,E01004218,0,-1
2020430326853,2020,430326853,2,9,0,18,19,8,4,0,0,0,0,0,0,0,1,1,6,6,3,-1,-1,-1,-1,-1,-1,-1,-1,0,-1
2020522100774,2020,522100774,1,4,0,13,13,7,3,0,0,1,0,0,0,0,1,1,1,1,1,39,7,-1,-1,-1,-1,10,E01014793,0,-1
2020010253641,2020,010253641,2,19,0,18,19,7,3,0,0,6,0,0,0,0,1,1,6,6,1,44,7,-1,-1,-1,-1,8,E01000671,0,-1
2020140976591,2020,140976591,1,9,0,16,19,4,8,0,0,1,0,0,0,0,1,1,1,1,1,28,6,-1,-1,-1,-1,1,E01007944,0,-1
2020302001218,2020,302001218,2,9,0,18,19,6,2,0,0,0,0,0,0,0,1,1,6,6,3,-1,-1,-1,-1,-1,-1,5,E01019456,0,-1
2020010257075,2020,010257075,2,-1,0,18,19,7,3,0,0,1,0,0,0,0,1,1,6,6,1,24,5,-1,-1,-1,-1,5,E01002490,1,-1
202006M275101,2020,06M275101,2,1,0,18,19,7,3,0,0,8,0,0,0,0,1,1,6,6,2,44,7,-1,-1,-1,-1,-1,-1,0,-1
2020010260188,2020,010260188,2,9,0,6,6,4,4,0,0,1,9,99,9,99,3,9,6,6,3,-1,-1,-1,-1,-1,-1,-1,-1,0,-1
2020420929821,2020,420929821,2,98,0,2,2,1,5,0,0,0,0,0,0,0,0,1,6,6,3,-1,-1,-1,-1,-1,-1,-1,-1,0,-1
2020030989925,2020,030989925,1,9,0,7,7,6,8,0,0,0,0,0,0,0,4,1,5,6,2,55,8,-1,-1,-1,-1,6,E01019339,0,-1
2020010235729,2020,010235729,2,9,9,99,99,9,9,99,99,9,9,99,9,99,9,9,-1,-1,3,-1,-1,-1,-1,-1,-1,-1,-1,0,-1
2020440014214,2020,440014214,1,1,0,9,9,3,1,0,0,8,0,0,0,0,1,1,6,6,1,26,6,-1,-1,-1,-1,10,E01022647,0,-1
2020430215138,2020,430215138,1,9,0,18,19,4,4,0,0,0,0,0,0,0,0,1,1,1,3,-1,-1,-1,-1,-1,-1,-1,-1,0,-1
2020470944719,2020,470944719,2,1,-1,18,19,1,5,0,0,1,5,0,0,0,3,1,6,6,1,12,3,-1,-1,-1,-1,7,E01031388,0,-1
202060Y173176,2020,60Y173176,1,9,0,9,9,2,7,0,0,8,0,0,0,0,4,1,6,6,2,30,6,-1,-1,-1,-1,-1,-1,0,-1
2020052001576,2020,052001576,2,1,0,18,19,5,1,0,0,8,0,0,0,0,4,1,6,6,1,35,6,-1,-1,-1,-1,1,E01006963,0,-1
2020430232425,2020,430232425,2,9,0,18,19,6,8,0,0,2,0,0,0,0,2,1,6,6,2,58,9,-1,-1,-1,-1,-1,-1,0,-1
2020622000602,2020,622000602,2,1,0,18,19,8,4,0,0,8,0,0,0,0,1,1,6,6,1,59,9,-1,-1,-1,-1,4,W01001283,0,-1
2020520101141,2020,520101141,1,9,0,18,19,1,5,0,0,8,0,0,0,0,1,1,6,6,1,32,6,-1,-1,-1,-1,2,E01029311,0,-1
2020010273653,2020,010273653,1,1,9,99,99,9,9,99,99,9,9,99,9,99,9,1,2,2,1,43,7,-1,-1,-1,-1,3,E01004012,0,-1
2020010257891,2020,010257891,1,1,9,99,99,9,9,99,99,1,9,99,9,99,1,1,2,2,1,34,6,-1,-1,-1,-1,1,E01001730,0,-1
2020520002709,2020,520002709,2,9,0,5,5,7,3,0,0,0,0,0,0,0,1,1,4,7,2,18,4,-1,-1,-1,-1,-1,-1,0,-1
202006F279435,2020,06F279435,1,9,0,18,19,2,6,0,0,1,0,0,0,0,1,1,1,1,1,30,6,-1,-1,-1,-1,6,E01005625,0,-1
2020470989020,2020,470989020,2,1,0,18,19,8,4,0,0,0,0,0,0,0,0,1,5,6,1,63,9,-1,-1,-1,-1,6,E01025815,0,-1
2020010242066,2020,010242066,2,9,0,99,99,9,9,99,99,9,9,99,9,99,1,9,6,6,3,-1,-1,-1,-1,-1,-1,-1,-1,0,-1
2020520004821,2020,520004821,2,1,0,12,12,3,7,0,0,1,0,0,0,0,1,1,6,6,1,19,4,-1,-1,-1,-1,9,E01029103,0,-1
2020520100374,2020,520100374,1,9,0,10,10,4,2,0,0,1,0,0,0,0,1,1,6,6,1,49,8,-1,-1,-1,-1,3,E01014809,0,-1
2020010284088,2020,010284088,1,9,0,9,9,7,4,0,0,8,0,0,0,0,4,2,2,2,1,44,7,-1,-1,-1,-1,6,E01001266,0,-1
2020471002995,2020,471002995,1,1,0,18,19,7,3,0,0,1,0,0,0,0,1,1,5,6,1,35,6,-1,-1,-1,-1,8,E01016980,0,-1
2020010261392,2020,010261392,1,3,9,13,13,5,1,99,99,9,9,0,9,0,1,1,-1,-1,3,-1,-1,-1,-1,-1,-1,-1,-1,0,-1
2020546520620,2020,546520620,1,9,0,18,19,7,3,0,0,0,0,0,0,0,3,1,6,6,3,30,6,-1,-1,-1,-1,-1,-1,0,-1
2020440239092,2020,440239092,2,19,0,18,19,6,2,0,0,0,0,0,0,0,3,1,6,6,3,-1,-1,-1,-1,-1,-1,-1,-1,0,-1
202060Y136460,2020,60Y136460,1,5,0,18,19,1,5,0,0,0,5,12,1,0,1,1,6,6,1,55,8,-1,-1,-1,-1,-1,-1,0,-1
2020500928129,2020,500928129,2,9,0,2,2,0,0,0,0,0,0,0,0,0,4,1,6,6,1,71,10,-1,-1,-1,-1,6,E01018852,0,-1
2020360942025,2020,360942025,1,9,0,5,5,5,3,0,0,2,0,0,0,0,4,1,6,6,1,90,11,-1,-1,-1,-1,3,E01026596,0,-1
2020440391391,2020,440391391,1,1,0,18,19,3,7,0,0,8,0,0,0,0,1,1,2,2,1,34,6,-1,-1,-1,-1,8,E01022813,0,-1
2020010238291,2020,010238291,3,1,0,18,19,1,5,0,0,1,0,0,0,0,1,-1,6,6,1,-1,-1,-1,-1,-1,-1,-1,-1,0,-1
2020400936414,2020,400936414,2,19,0,18,19,6,2,0,0,0,1,0,0,0,3,1,5,6,1,75,10,-1,-1,-1,-1,7,E01017577,0,-1
2020302000798,2020,302000798,2,1,0,3,3,6,1,0,0,1,0,0,0,0,2,1,6,6,1,52,8,-1,-1,-1,-1,8,E01019517,0,-1
2020100959050,2020,100959050,2,1,0,18,19,8,1,0,0,8,0,0,0,0,3,1,5,6,1,17,4,-1,-1,-1,-1,8,E01008734,0,-1
2020350980044,2020,350980044,1,9,0,4,4,1,5,0,0,0,1,0,0,0,1,1,6,6,2,22,5,-1,-1,-1,-1,5,E01018067,0,-1
2020371022122,2020,371022122,2,1,0,18,19,7,3,0,0,0,0,0,0,0,4,1,6,6,1,36,7,-1,-1,-1,-1,-1,-1,0,-1
2020440314833,2020,440314833,1,20,0,18,19,3,7,0,0,0,0,0,0,0,0,1,1,1,1,-1,-1,-1,-1,-1,-1,-1,-1,0,-1
202060Y098135,2020,60Y098135,2,9,0,3,3,6,2,0,0,1,0,0,0,0,2,1,6,6,1,65,9,-1,-1,-1,-1,-1,-1,0,-1
2020010266617,2020,010266617,2,1,0,13,13,5,1,0,0,1,0,0,0,0,1,1,1,1,1,36,7,-1,-1,-1,-1,9,E01004604,0,-1
2020410949649,2020,410949649,1,9,0,18,19,5,1,0,0,1,0,0,0,0,4,1,6,6,2,-1,-1,-1,-1,-1,-1,-1,-1,0,-1
2020052001933,2020,052001933,1,9,0,2,2,0,0,0,0,0,0,0,0,0,3,1,6,6,3,-1,-1,-1,-1,-1,-1,-1,-1,0,-1
2020430381990,2020,430381990,2,21,1,18,19,1,5,0,0,4,0,0,0,0,4,1,6,6,1,-1,-1,-1,-1,-1,-1,5,E01026902,0,-1
2020010239919,2020,010239919,1,1,0,18,19,7,3,0,0,8,0,0,0,0,3,1,6,6,1,30,6,-1,-1,-1,-1,4,E01002845,0,-1
2020340W02362,2020,340W02362,2,1,0,18,19,5,1,0,0,0,0,0,0,0,3,1,6,6,1,43,7,-1,-1,-1,-1,7,E01027354,0,-1
2020010246554,2020,010246554,1,1,9,99,99,9,9,99,99,9,9,99,9,99,9,1,6,6,2,25,5,-1,-1,-1,-1,1,E01003207,0,-1
2020040964415,2020,040964415,1,1,0,16,19,6,8,0,0,0,0,0,0,0,1,1,5,6,1,44,7,-1,-1,-1,-1,7,E01006231,0,-1
2020040916895,2020,040916895,1,9,0,18,19,1,5,0,0,0,0,0,0,0,4,1,6,6,3,-1,-1,-1,-1,-1,-1,-1,-1,0,-1
2020010284233,2020,010284233,1,-1,0,18,19,2,6,9,9,2,0,0,0,0,1,1,6,6,3,-1,-1,-1,-1,-1,-1,-1,-1,1,-1
2020010279017,2020,010279017,1,4,0,5,5,0,5,0,0,2,0,0,0,0,3,1,6,6,3,-1,-1,-1,-1,-1,-1,-1,-1,0,-1
202006K374948,2020,06K374948,2,1,0,18,19,7,3,0,0,0,0,0,0,0,2,1,6,6,1,12,3,-1,-1,-1,-1,2,E01004907,0,-1
2020041000916,2020,041000916,1,97,0,18,19,5,1,0,0,1,0,0,0,0,1,1,5,6,1,26,6,-1,-1,-1,-1,1,E01012655,0,-1
2020010264958,2020,010264958,1,1,0,18,19,5,1,0,0,1,0,0,0,0,1,1,6,6,1,21,5,-1,-1,-1,-1,6,E01003958,0,-1
2020332000038,2020,332000038,1,9,0,18,19,3,7,0,0,0,0,0,0,0,1,1,6,6,1,-1,-1,-1,-1,-1,-1,-1,-1,0,-1
2020160953551,2020,160953551,2,1,0,18,19,8,4,0,0,2,0,0,0,0,1,1,6,6,1,15,3,-1,-1,-1,-1,-1,-1,0,-1
2020450919755,2020,450919755,2,9,0,18,19,2,6,0,0,2,0,0,0,0,1,1,2,2,2,30,6,-1,-1,-1,-1,6,E01022640,0,-1
2020320001299,2020,320001299,1,9,0,18,19,5,1,0,0,1,0,0,0,0,1,1,6,6,3,40,7,-1,-1,-1,-1,-1,-1,0,-1
20201377B1971,2020,1377B1971,1,9,0,13,13,1,5,0,0,0,0,0,0,0,4,1,6,6,3,-1,-1,-1,-1,-1,-1,-1,-1,0,-1
2020137CL1296,2020,137CL1296,1,1,0,18,19,3,7,0,0,8,0,0,0,0,1,1,6,6,1,37,7,-1,-1,-1,-1,6,E01010786,0,-1
2020411008306,2020,411008306,1,90,0,18,19,4,8,0,0,0,0,0,0,0,1,1,6,6,3,-1,-1,-1,-1,-1,-1,-1,-1,0,-1
2020010264789,2020,010264789,1,9,0,9,9,7,5,0,0,6,0,0,0,0,1,1,6,6,1,20,4,-1,-1,-1,-1,-1,-1,0,-1
202006N276654,2020,06N276654,2,9,0,18,19,7,3,0,0,1,0,0,0,0,1,1,6,6,3,-1,-1,-1,-1,-1,-1,-1,-1,0,-1
2020332000914,2020,332000914,1,9,0,18,19,8,4,0,0,0,0,0,0,0,1,1,6,6,2,31,6,-1,-1,-1,-1,10,E01025665,0,-1
2020010238430,2020,010238430,1,3,0,99,99,9,9,99,99,9,9,99,9,99,1,-1,2,2,1,30,6,-1,-1,-1,-1,3,E01002768,0,-1
2020010250944,2020,010250944,2,1,0,12,12,7,3,0,0,1,1,0,0,0,3,1,2,2,1,26,6,-1,-1,-1,-1,2,E01003633,0,-1
2020522000727,2020,522000727,2,1,0,18,19,7,3,0,0,8,0,0,0,0,4,1,6,6,2,27,6,-1,-1,-1,-1,5,E01033080,0,-1
2020010250938,2020,010250938,1,1,0,5,5,7,3,0,0,1,0,0,0,0,4,1,1,1,1,55,8,-1,-1,-1,-1,9,E01004595,0,-1
202060Y111678,2020,60Y111678,2,9,0,18,19,3,7,0,0,0,0,0,0,0,1,1,6,6,2,48,8,-1,-1,-1,-1,-1,-1,0,-1
2020010262051,2020,010262051,2,1,0,18,19,5,1,0,0,2,0,0,0,0,1,1,6,6,1,47,8,-1,-1,-1,-1,2,E01033151,0,-1
202031C134620,2020,31C134620,2,-1,0,18,19,3,7,0,0,6,0,0,0,0,3,1,2,2,1,50,8,-1,-1,-1,-1,1,E01013960,1,-1
202060Y079958,2020,60Y079958,2,1,0,18,19,3,7,0,0,4,0,0,0,0,4,1,6,6,1,88,11,-1,-1,-1,-1,-1,-1,0,-1
2020990990682,2020,990990682,2,1,0,18,19,1,5,5,5,8,5,0,0,0,4,1,6,6,1,25,5,-1,-1,-1,-1,9,-1,0,-1
202060Y093239,2020,60Y093239,1,9,0,1,1,3,7,0,0,2,0,0,3,10,2,1,6,6,2,74,10,-1,-1,-1,-1,-1,-1,0,-1
2020010276943,2020,010276943,1,9,0,7,7,4,7,0,0,6,0,0,0,0,1,1,6,6,3,-1,-1,-1,-1,-1,-1,-1,-1,0,-1
202060Y013051,2020,60Y013051,1,19,0,18,19,2,6,0,0,0,0,0,0,0,4,1,6,6,2,46,8,-1,-1,-1,-1,-1,-1,0,-1
2020040970954,2020,040970954,2,1,0,7,7,7,3,0,0,0,0,0,0,0,4,1,5,6,1,63,9,-1,-1,-1,-1,6,E01025535,0,-1
2020137A40592,2020,137A40592,2,1,0,14,14,5,1,0,0,0,5,0,0,0,4,1,2,2,2,36,7,-1,-1,-1,-1,7,E01010639,0,-1
2020400998549,2020,400998549,2,9,0,17,19,5,2,0,0,0,0,0,0,0,1,1,1,1,1,25,5,-1,-1,-1,-1,3,E01017538,0,-1
2020351000584,2020,351000584,2,98,0,18,19,7,3,0,0,0,0,0,0,0,2,1,6,6,1,41,7,-1,-1,-1,-1,3,E01015692,0,-1
2020100921646,2020,100921646,2,1,0,18,19,5,1,0,0,1,5,0,0,0,2,1,5,6,1,22,5,-1,-1,-1,-1,-1,-1,0,-1
2020370985053,2020,370985053,2,1,0,18,19,8,5,0,0,8,0,0,0,0,1,1,6,6,2,52,8,-1,-1,-1,-1,8,E01030152,0,-1
2020320223408,2020,320223408,1,1,0,18,19,7,3,0,0,8,0,0,0,0,1,1,6,6,1,72,10,-1,-1,-1,-1,7,E01026228,0,-1
2020332000636,2020,332000636,2,9,0,18,19,8,4,0,0,1,0,0,0,0,1,1,6,6,3,-1,-1,-1,-1,-1,-1,-1,-1,0,-1
2020540538520,2020,540538520,1,1,0,18,19,4,8,0,0,4,0,0,0,0,3,1,6,6,1,61,9,-1,-1,-1,-1,-1,-1,0,-1
2020332000426,2020,332000426,1,9,0,17,19,7,4,0,0,0,5,0,1,10,1,1,6,6,1,27,6,-1,-1,-1,-1,7,E01025954,0,-1
202060Y127365,2020,60Y127365,1,9,0,18,19,8,4,0,0,3,0,0,0,0,1,1,6,6,2,25,5,-1,-1,-1,-1,-1,-1,0,-1
2020332000472,2020,332000472,2,9,0,7,7,5,7,0,0,6,0,0,0,0,2,1,1,1,2,46,8,-1,-1,-1,-1,8,E01025938,0,-1
2020052000740,2020,052000740,1,9,0,18,19,5,1,0,0,0,0,0,0,0,1,1,6,6,3,-1,-1,-1,-1,-1,-1,-1,-1,0,-1
2020010264604,2020,010264604,2,9,0,99,99,9,9,99,99,9,9,99,9,99,1,9,6,6,3,-1,-1,-1,-1,-1,-1,4,E01002309,0,-1
2020370978805,2020,370978805,1,1,0,18,19,7,3,0,0,0,0,0,0,0,-1,1,5,6,1,78,11,-1,-1,-1,-1,6,E01030245,0,-1
2020210956295,2020,210956295,2,9,0,2,2,0,0,0,0,0,0,4,0,0,2,1,6,6,1,54,8,-1,-1,-1,-1,3,E01013455,0,-1
2020340S04122,2020,340S04122,1,1,0,18,19,3,7,0,0,0,0,0,0,0,0,1,6,6,1,55,8,-1,-1,-1,-1,10,E01027300,0,-1
2020010242981,2020,010242981,1,1,9,99,99,9,9,99,99,0,9,99,9,99,9,1,6,6,1,31,6,-1,-1,-1,-1,3,E01003574,0,-1
2020122000059,2020,122000059,1,1,0,18,19,6,2,0,0,0,0,0,0,0,3,1,6,6,1,49,8,-1,-1,-1,-1,6,E01010991,0,-1
2020010259604,2020,010259604,1,1,9,99,99,9,9,99,99,9,9,99,9,99,1,1,2,2,1,39,7,-1,-1,-1,-1,3,E01004378,0,-1
2020450997265,2020,450997265,2,1,0,18,19,1,1,0,0,0,0,0,0,0,1,1,6,6,1,35,6,-1,-1,-1,-1,-1,-1,0,-1
2020450984040,2020,450984040,2,9,4,7,7,1,5,0,0,0,0,0,0,0,2,1,6,6,1,34,6,-1,-1,-1,-1,-1,-1,0,-1
2020160970313,2020,160970313,1,9,0,5,5,3,7,0,0,1,0,0,0,0,2,1,6,6,1,-1,-1,-1,-1,-1,-1,-1,-1,0,-1
2020320310926,2020,320310926,1,1,0,18,19,7,3,9,9,2,1,0,0,0,1,1,6,6,1,23,5,-1,-1,-1,-1,1,E01026093,0,-1
2020470916970,2020,470916970,2,1,0,14,14,2,7,0,0,1,0,0,0,0,3,1,2,2,1,21,5,-1,-1,-1,-1,7,E01031782,0,-1
2020410949560,2020,410949560,2,1,0,18,19,1,2,0,0,1,0,0,0,0,1,1,5,6,1,31,6,-1,-1,-1,-1,2,E01023860,0,-1
202031B007520,2020,31B007520,2,9,0,18,19,2,6,0,0,0,0,0,0,0,1,1,2,2,2,55,8,-1,-1,-1,-1,5,E01028031,0,-1
2020430257043,2020,430257043,1,8,0,18,19,5,1,0,0,0,0,0,0,0,1,1,6,6,1,-1,-1,-1,-1,-1,-1,-1,-1,0,-1
2020010287116,2020,010287116,2,9,0,1,1,3,7,0,0,0,0,0,0,0,1,1,6,6,3,-1,-1,-1,-1,-1,-1,-1,-1,0,-1
2020010250259,2020,010250259,1,1,9,99,99,9,9,99,99,9,9,99,9,99,1,1,6,6,3,30,6,-1,-1,-1,-1,-1,-1,0,-1
2020010252633,2020,010252633,1,1,9,99,99,9,9,99,99,9,9,99,9,99,1,-1,6,6,1,27,6,-1,-1,-1,-1,3,E01004006,0,-1
2020440402359,2020,440402359,1,20,0,18,19,2,6,0,0,1,0,0,0,0,0,1,1,1,3,-1,-1,-1,-1,-1,-1,-1,-1,0,-1
2020421010989,2020,421010989,2,1,0,18,19,3,7,0,0,4,0,0,0,0,1,1,5,6,1,35,6,-1,-1,-1,-1,3,E01015986,0,-1
2020522003396,2020,522003396,1,9,0,18,19,5,1,0,0,8,0,0,0,0,1,1,6,6,2,23,5,-1,-1,-1,-1,5,E01031916,0,-1
2020010279085,2020,010279085,2,9,0,99,99,9,9,99,99,9,9,99,9,99,1,9,6,6,1,30,6,-1,-1,-1,-1,-1,-1,0,-1
2020230926707,2020,230926707,2,1,0,18,19,6,2,9,9,8,0,0,0,0,1,1,4,7,1,12,3,-1,-1,-1,-1,2,E01031046,0,-1
2020220928227,2020,220928227,2,1,0,18,19,4,8,0,0,8,0,0,1,11,1,1,5,6,1,19,4,-1,-1,-1,-1,10,E01032348,0,-1
2020052001639,2020,052001639,2,1,0,18,19,4,8,0,0,0,0,0,0,0,0,1,-1,-1,1,30,6,-1,-1,-1,-1,-1,-1,0,-1
2020370981510,2020,370981510,1,9,0,1,1,7,3,0,0,0,0,0,0,0,-1,1,6,6,3,-1,-1,-1,-1,-1,-1,-1,-1,0,-1
2020160982108,2020,160982108,2,1,0,18,19,3,7,0,0,0,0,0,0,0,1,1,6,6,1,15,3,-1,-1,-1,-1,-1,-1,0,-1
2020122001174,2020,122001174,2,1,0,18,19,7,3,0,0,8,0,0,0,0,3,1,2,2,1,39,7,-1,-1,-1,-1,7,E01027653,0,-1
2020470962307,2020,470962307,3,9,0,18,19,6,2,0,0,2,0,0,0,0,0,1,6,6,3,-1,-1,-1,-1,-1,-1,-1,-1,0,-1
2020332001159,2020,332001159,2,9,0,18,19,8,4,0,0,0,0,0,0,0,0,1,6,6,2,59,9,-1,-1,-1,-1,-1,-1,0,-1
2020100926450,2020,100926450,2,1,0,18,19,5,1,0,0,1,0,0,0,0,4,1,4,7,1,13,3,-1,-1,-1,-1,2,E01008859,0,-1
2020350988459,2020,350988459,2,1,0,10,10,0,0,0,0,1,0,0,0,0,2,1,6,6,1,77,11,-1,-1,-1,-1,9,E01018034,0,-1
2020010267852,2020,010267852,1,1,9,99,99,9,9,99,99,9,9,99,0,0,9,1,6,6,1,48,8,-1,-1,-1,-1,-1,-1,0,-1