collision_index,collision_year,collision_ref_no,vehicle_reference,vehicle_type,towing_and_articulation,vehicle_manoeuvre_historic,vehicle_manoeuvre,vehicle_direction_from,vehicle_direction_to,vehicle_location_restricted_lane_historic,vehicle_location_restricted_lane,junction_location,skidding_and_overturning,hit_object_in_carriageway,vehicle_leaving_carriageway,hit_object_off_carriageway,first_point_of_impact,vehicle_left_hand_drive,journey_purpose_of_driver_historic,journey_purpose_of_driver,sex_of_driver,age_of_driver,age_band_of_driver,engine_capacity_cc,propulsion_code,age_of_vehicle,generic_make_model,driver_imd_decile,lsoa_of_driver,escooter_flag,driver_distance_banding
2020552000652,2020,552000652,1,1,0,9,9,4,8,0,0,8,0,0,0,0,3,1,6,6,1,14,3,-1,-1,-1,-1,4,E01015420,0,-1
2020400989071,2020,400989071,1,9,0,18,19,7,3,0,0,1,0,0,0,0,1,1,6,6,2,36,7,-1,-1,-1,-1,2,E01015737,0,-1
202060Y189638,2020,60Y189638,1,9,0,18,19,6,2,0,0,0,0,0,1,1,1,1,6,6,1,24,5,-1,-1,-1,-1,-1,-1,0,-1
2020010284610,2020,010284610,1,9,0,99,99,9,9,99,99,0,9,99,9,99,2,9,6,6,3,39,7,-1,-1,-1,-1,8,E01001617,0,-1
2020122100015,2020,122100015,2,1,0,15,15,8,4,4,4,0,0,0,1,0,0,1,6,6,2,79,11,-1,-1,-1,-1,9,E01013365,0,-1
2020340E05062,2020,340E05062,2,1,0,18,19,7,3,0,0,8,0,0,0,0,4,1,6,6,1,64,9,-1,-1,-1,-1,10,E01027077,0,-1
2020340E02012,2020,340E02012,2,1,0,18,19,5,1,0,0,8,0,0,0,0,3,1,6,6,1,23,5,-1,-1,-1,-1,7,E01026979,0,-1
2020370973366,2020,370973366,2,1,0,18,19,1,3,0,0,1,0,0,0,0,1,1,6,6,1,16,4,-1,-1,-1,-1,7,E01030235,0,-1
2020332000125,2020,332000125,1,9,0,18,19,5,1,0,0,8,0,0,1,0,2,1,6,6,2,40,7,-1,-1,-1,-1,6,E01013771,0,-1
2020010255756,2020,010255756,1,9,0,18,19,5,1,0,0,0,9,99,9,99,9,1,6,6,3,-1,-1,-1,-1,-1,-1,-1,-1,0,-1
202006L173870,2020,06L173870,1,9,0,1,1,4,2,0,0,6,0,0,0,0,2,1,6,6,3,-1,-1,-1,-1,-1,-1,-1,-1,0,-1
2020220972453,2020,220972453,2,1,0,16,19,2,6,0,0,0,0,0,0,0,1,1,5,6,2,21,5,-1,-1,-1,-1,5,E01014056,0,-1
2020140988490,2020,140988490,2,1,0,16,19,4,8,0,0,1,0,0,0,0,1,1,6,6,1,36,7,-1,-1,-1,-1,6,E01007924,0,-1
2020140979781,2020,140979781,1,9,0,2,2,0,0,0,0,0,0,0,0,0,0,1,6,6,3,-1,-1,-1,-1,-1,-1,-1,-1,0,-1
2020370960078,2020,370960078,2,9,0,18,19,7,3,0,0,0,0,0,0,0,-1,1,5,6,1,-1,-1,-1,-1,-1,-1,4,E01018044,0,-1
2020350924181,2020,350924181,1,1,0,18,19,7,3,0,0,0,1,4,0,0,4,1,1,1,1,53,8,-1,-1,-1,-1,1,E01015639,0,-1
2020010258394,2020,010258394,1,1,0,18,19,7,3,0,0,8,0,0,0,0,0,1,6,6,1,52,8,-1,-1,-1,-1,8,E01000653,0,-1
2020332000367,2020,332000367,2,1,0,18,19,1,5,0,0,8,0,0,0,0,1,1,6,6,1,49,8,-1,-1,-1,-1,10,E01025790,0,-1
2020220921240,2020,220921240,2,9,0,18,19,4,7,0,0,1,0,0,0,0,2,1,5,6,2,60,9,-1,-1,-1,-1,6,E01014080,0,-1
2020440295103,2020,440295103,2,9,0,18,19,2,6,0,0,0,0,0,0,0,4,1,6,6,2,21,5,-1,-1,-1,-1,8,E01030422,0,-1
2020470921736,2020,470921736,1,9,0,5,5,8,4,0,0,4,0,0,0,0,1,1,6,6,1,-1,-1,-1,-1,-1,-1,-1,-1,0,-1
2020460966609,2020,460966609,3,21,1,4,4,1,5,0,0,0,0,0,0,0,2,1,1,1,1,37,7,-1,-1,-1,-1,-1,-1,0,-1
2020440066986,2020,440066986,2,1,0,17,19,1,5,0,0,1,0,0,0,0,1,1,2,2,1,38,7,-1,-1,-1,-1,6,E01022715,0,-1
2020010241335,2020,010241335,1,1,9,99,99,9,9,99,99,9,9,99,9,99,9,1,2,2,1,45,7,-1,-1,-1,-1,3,E01001759,0,-1
2020010284834,2020,010284834,1,1,9,99,99,9,9,99,99,9,9,99,9,99,9,1,2,2,2,27,6,-1,-1,-1,-1,4,E01001199,0,-1
2020520101117,2020,520101117,1,9,0,16,19,8,4,0,0,0,0,0,0,0,1,1,6,6,2,31,6,-1,-1,-1,-1,3,E01032635,0,-1
2020302000309,2020,302000309,1,9,0,18,19,2,6,0,0,1,0,0,0,0,1,1,6,6,3,-1,-1,-1,-1,-1,-1,-1,-1,0,-1
2020010231747,2020,010231747,2,1,0,18,19,3,7,0,0,1,0,0,0,0,4,1,4,7,2,9,2,-1,-1,-1,-1,1,E01001781,0,-1
2020010238007,2020,010238007,2,9,0,18,19,5,1,0,0,1,0,0,0,0,1,1,2,2,2,24,5,-1,-1,-1,-1,2,E01001218,0,-1
2020010246393,2020,010246393,2,1,0,99,99,9,9,0,0,8,0,0,0,0,9,-1,6,6,1,9,2,-1,-1,-1,-1,2,E01003432,0,-1
2020220985302,2020,220985302,1,9,0,16,19,8,3,0,0,0,2,0,7,4,3,1,5,6,1,21,5,-1,-1,-1,-1,1,E01008972,0,-1
2020010250148,2020,010250148,2,1,0,13,13,1,5,0,0,1,0,0,0,0,2,-1,6,6,1,41,7,-1,-1,-1,-1,8,E01000966,0,-1
2020522002463,2020,522002463,1,1,0,18,19,7,3,0,0,8,0,0,0,0,1,1,6,6,2,55,8,-1,-1,-1,-1,10,E01014887,0,-1
2020302000515,2020,302000515,2,1,0,18,19,5,1,0,0,0,0,0,0,0,1,1,6,6,1,-1,-1,-1,-1,-1,-1,-1,-1,0,-1
2020610005620,2020,610005620,1,9,0,18,19,7,3,0,0,0,0,0,0,0,1,1,6,6,1,22,5,-1,-1,-1,-1,9,W01001637,0,-1
202060Y012780,2020,60Y012780,1,9,0,5,5,3,7,0,0,3,0,0,0,0,3,1,6,6,2,50,8,-1,-1,-1,-1,-1,-1,0,-1
2020220985351,2020,220985351,1,9,0,18,19,3,7,0,0,0,0,0,0,0,4,1,6,6,3,34,6,-1,-1,-1,-1,-1,-1,0,-1
20201373E0788,2020,1373E0788,2,9,0,18,19,3,7,0,0,8,0,0,0,0,4,1,6,6,1,32,6,-1,-1,-1,-1,1,E01007317,0,-1
2020010276795,2020,010276795,1,1,9,99,99,9,9,99,99,0,9,99,9,99,9,1,6,6,2,33,6,-1,-1,-1,-1,5,E01003071,0,-1
2020350959057,2020,350959057,2,90,0,18,19,4,8,0,0,1,0,0,0,0,0,1,6,6,3,-1,-1,-1,-1,-1,-1,-1,-1,0,-1
2020552000634,2020,552000634,1,1,0,18,19,2,7,0,0,0,0,10,0,0,1,1,6,6,1,29,6,-1,-1,-1,-1,7,E01020513,0,-1
2020990948628,2020,990948628,2,1,0,18,19,2,6,0,0,0,0,0,0,0,1,1,5,6,1,40,7,-1,-1,-1,-1,4,-1,0,-1
202060Y109739,2020,60Y109739,1,5,0,18,19,4,8,0,0,5,0,0,0,0,1,1,6,6,1,72,10,-1,-1,-1,-1,-1,-1,0,-1
2020010270923,2020,010270923,1,1,9,99,99,9,9,99,99,0,9,99,9,99,9,1,6,6,1,61,9,-1,-1,-1,-1,2,E01002297,0,-1
2020990946581,2020,990946581,2,1,0,10,10,6,2,0,0,0,0,0,0,0,1,1,6,6,1,52,8,-1,-1,-1,-1,3,-1,0,-1
2020160975037,2020,160975037,2,1,0,16,19,5,8,0,0,0,0,0,0,0,1,1,6,6,1,22,5,-1,-1,-1,-1,7,E01013224,0,-1
2020990978186,2020,990978186,1,9,0,9,9,6,1,0,0,1,0,0,0,0,1,1,6,6,1,80,11,-1,-1,-1,-1,-1,-1,0,-1
2020040959510,2020,040959510,2,1,0,18,19,1,5,0,0,0,0,0,0,0,2,1,6,6,1,60,9,-1,-1,-1,-1,4,E01024889,0,-1
2020010270666,2020,010270666,2,1,0,5,5,7,3,9,9,0,0,0,0,0,1,1,3,7,1,12,3,-1,-1,-1,-1,3,E01000973,0,-1
2020010268663,2020,010268663,2,9,0,99,99,9,9,99,99,9,9,99,9,99,1,9,6,6,3,-1,-1,-1,-1,-1,-1,-1,-1,0,-1
2020430264166,2020,430264166,1,1,0,18,19,5,1,0,0,4,0,0,1,0,2,1,6,6,1,76,11,-1,-1,-1,-1,8,E01016675,0,-1
2020460952854,2020,460952854,2,9,0,2,2,0,0,0,0,0,0,0,0,0,3,1,5,6,1,39,7,-1,-1,-1,-1,2,E01024374,0,-1
2020410923720,2020,410923720,2,1,0,18,19,6,2,0,0,8,2,0,0,0,4,1,5,6,1,55,8,-1,-1,-1,-1,10,E01023673,0,-1
2020622000823,2020,622000823,2,9,0,2,2,0,0,0,0,0,0,0,0,0,2,1,6,6,3,-1,-1,-1,-1,-1,-1,-1,-1,0,-1
2020552000015,2020,552000015,2,1,0,18,19,5,1,0,0,0,0,0,0,0,3,1,2,2,1,45,7,-1,-1,-1,-1,8,E01015332,0,-1
2020010253092,2020,010253092,2,1,9,99,99,9,9,99,99,9,9,99,9,99,1,1,6,6,3,-1,-1,-1,-1,-1,-1,9,E01003360,0,-1
2020990967124,2020,990967124,2,1,0,17,19,3,6,0,0,0,0,0,0,0,1,1,2,2,2,63,9,-1,-1,-1,-1,4,-1,0,-1
2020350979984,2020,350979984,1,1,0,18,19,3,7,0,0,0,5,0,0,0,1,1,5,6,1,24,5,-1,-1,-1,-1,10,E01018274,0,-1
2020052000792,2020,052000792,3,1,0,18,19,6,2,0,0,8,0,0,0,0,0,1,6,6,1,27,6,-1,-1,-1,-1,2,E01007136,0,-1
2020010275508,2020,010275508,1,9,0,18,19,3,7,0,0,0,0,0,0,0,2,1,6,6,3,-1,-1,-1,-1,-1,-1,-1,-1,0,-1
2020500929300,2020,500929300,2,1,0,18,19,7,3,0,0,1,0,0,0,0,4,1,2,2,1,44,7,-1,-1,-1,-1,9,E01020186,0,-1
2020421003470,2020,421003470,2,1,0,18,19,5,1,0,0,3,0,0,0,0,4,1,6,6,2,54,8,-1,-1,-1,-1,7,E01021987,0,-1
2020470969907,2020,470969907,1,19,-1,7,7,1,3,0,0,5,0,0,0,0,4,1,6,6,3,-1,-1,-1,-1,-1,-1,-1,-1,0,-1
2020010263660,2020,010263660,1,19,0,99,99,9,9,99,99,9,9,99,9,99,2,9,6,6,1,54,8,-1,-1,-1,-1,3,E01000872,0,-1
2020420944599,2020,420944599,1,4,0,15,15,7,3,0,0,2,1,10,0,0,1,1,5,6,1,18,4,-1,-1,-1,-1,6,E01015816,0,-1
2020010251818,2020,010251818,3,1,0,18,19,7,3,0,0,1,0,0,0,0,3,1,6,6,2,45,7,-1,-1,-1,-1,3,E01004600,0,-1
2020070278653,2020,070278653,2,1,0,4,4,6,4,0,0,7,0,0,0,0,1,1,6,6,1,63,9,-1,-1,-1,-1,9,E01012514,0,-1
2020360979036,2020,360979036,1,1,0,18,19,3,7,0,0,1,0,0,0,0,2,1,6,6,1,37,7,-1,-1,-1,-1,1,E01026867,0,-1
202031C112520,2020,31C112520,2,3,0,18,19,3,7,0,0,8,0,0,0,0,4,1,1,1,1,34,6,-1,-1,-1,-1,3,E01013930,0,-1
2020470938560,2020,470938560,3,9,0,2,2,0,0,0,0,0,0,0,0,0,2,1,6,6,3,-1,-1,-1,-1,-1,-1,-1,-1,0,-1
2020010259358,2020,010259358,2,1,0,18,19,7,3,4,4,0,0,0,0,0,4,1,6,6,1,30,6,-1,-1,-1,-1,2,E01002068,0,-1
2020360926162,2020,360926162,1,9,0,9,9,3,1,0,0,2,0,0,0,0,-1,1,1,1,1,38,7,-1,-1,-1,-1,9,E01026509,0,-1
2020010230977,2020,010230977,2,8,0,99,99,9,9,99,99,9,9,99,9,99,9,9,6,6,3,-1,-1,-1,-1,-1,-1,-1,-1,0,-1
2020010230450,2020,010230450,2,9,0,99,99,9,9,99,99,9,9,99,9,99,1,9,6,6,3,-1,-1,-1,-1,-1,-1,-1,-1,0,-1
2020052002029,2020,052002029,1,97,0,18,19,7,3,0,0,8,0,0,0,0,1,1,6,6,3,-1,-1,-1,-1,-1,-1,-1,-1,0,-1
2020332000343,2020,332000343,2,9,0,9,9,2,8,0,0,5,0,0,0,0,3,1,6,6,1,28,6,-1,-1,-1,-1,7,E01025848,0,-1
202031C122320,2020,31C122320,1,9,0,2,2,0,0,0,0,0,0,0,0,0,0,1,6,6,1,-1,-1,-1,-1,-1,-1,-1,-1,0,-1
2020332000627,2020,332000627,2,5,0,18,19,5,1,0,0,8,1,0,0,0,0,1,6,6,1,46,8,-1,-1,-1,-1,1,E01027939,0,-1
2020122000682,2020,122000682,1,1,0,18,19,5,1,0,0,6,0,0,0,0,4,1,6,6,1,14,3,-1,-1,-1,-1,4,E01027608,0,-1
20201373V1415,2020,1373V1415,2,19,0,10,10,2,8,0,0,8,0,0,0,0,4,1,6,6,1,-1,-1,-1,-1,-1,-1,1,E01010813,0,-1
2020430235445,2020,430235445,2,1,0,18,19,6,2,0,0,0,0,0,0,0,3,1,2,2,1,47,8,-1,-1,-1,-1,8,E01028571,0,-1
2020450956743,2020,450956743,2,98,0,18,19,5,1,0,0,0,0,0,0,0,0,1,6,6,3,45,7,-1,-1,-1,-1,-1,-1,0,-1
2020302001197,2020,302001197,2,1,0,18,19,2,6,0,0,0,1,0,0,0,0,1,6,6,1,65,9,-1,-1,-1,-1,7,E01019472,0,-1
2020140967075,2020,140967075,2,1,0,18,19,7,3,0,0,0,0,0,0,0,1,1,6,6,1,29,6,-1,-1,-1,-1,9,E01007691,0,-1
2020200959121,2020,200959121,2,1,0,18,19,5,1,0,0,8,0,0,0,0,4,1,1,1,1,22,5,-1,-1,-1,-1,4,E01009867,0,-1
2020010240930,2020,010240930,2,9,0,99,99,9,9,99,99,9,9,99,9,99,9,9,6,6,3,-1,-1,-1,-1,-1,-1,-1,-1,0,-1
2020052000751,2020,052000751,1,9,0,18,19,4,8,0,0,0,0,0,0,0,1,1,1,1,3,-1,-1,-1,-1,-1,-1,-1,-1,0,-1
2020430255738,2020,430255738,2,9,0,18,19,4,8,0,0,0,0,0,0,0,1,1,6,6,2,-1,-1,-1,-1,-1,-1,-1,-1,0,-1
2020332000005,2020,332000005,1,9,0,18,19,3,7,0,0,0,0,0,0,0,4,1,6,6,2,32,6,-1,-1,-1,-1,7,E01025623,0,-1
2020332000595,2020,332000595,1,9,0,3,3,1,5,0,0,4,0,0,0,0,2,1,1,1,1,61,9,-1,-1,-1,-1,8,E01022468,0,-1
2020440226952,2020,440226952,1,1,0,18,19,1,5,0,0,8,0,0,0,0,1,1,6,6,1,46,8,-1,-1,-1,-1,4,E01023146,0,-1
2020010274028,2020,010274028,2,9,0,99,99,9,9,99,99,9,9,99,9,99,9,9,6,6,3,31,6,-1,-1,-1,-1,5,E01001086,0,-1
2020010246283,2020,010246283,2,90,0,18,19,5,1,0,0,1,0,4,0,0,1,1,6,6,1,43,7,-1,-1,-1,-1,-1,-1,0,-1
2020010262663,2020,010262663,2,9,0,99,99,9,9,99,99,0,9,99,9,99,1,9,6,6,3,-1,-1,-1,-1,-1,-1,-1,-1,0,-1
2020420959459,2020,420959459,2,1,0,18,19,3,7,0,0,0,0,0,0,0,3,1,5,6,1,41,7,-1,-1,-1,-1,10,E01021475,0,-1
202063C049920,2020,63C049920,2,9,0,2,2,0,0,0,0,8,0,0,0,0,3,1,6,6,1,37,7,-1,-1,-1,-1,8,W01000554,0,-1
2020040920838,2020,040920838,1,9,0,5,5,1,3,0,0,6,0,0,0,0,1,1,1,1,1,49,8,-1,-1,-1,-1,-1,-1,0,-1
2020211013560,2020,211013560,3,9,0,3,3,8,3,0,0,1,0,0,0,0,0,1,6,6,1,53,8,-1,-1,-1,-1,8,E01029688,0,-1
2020332000167,2020,332000167,1,9,0,18,19,6,2,0,0,8,0,0,0,0,1,1,1,1,1,19,4,-1,-1,-1,-1,4,E01013623,0,-1
2020010258497,2020,010258497,1,1,0,10,10,7,5,0,0,1,0,0,0,0,0,1,6,6,2,51,8,-1,-1,-1,-1,2,E01001776,0,-1
2020460952488,2020,460952488,2,1,0,17,19,5,1,0,0,8,5,0,0,0,4,1,5,6,1,48,8,-1,-1,-1,-1,8,E01024514,0,-1
2020040952941,2020,040952941,4,9,0,2,2,0,0,9,9,0,0,4,0,0,2,1,6,6,3,-1,-1,-1,-1,-1,-1,-1,-1,0,-1
2020400958810,2020,400958810,2,19,0,18,19,5,1,0,0,8,0,0,0,0,4,1,6,6,3,-1,-1,-1,-1,-1,-1,-1,-1,0,-1
2020332000818,2020,332000818,1,9,0,18,19,7,3,0,0,0,0,0,0,0,1,1,6,6,2,21,5,-1,-1,-1,-1,3,E01013717,0,-1
2020400979520,2020,400979520,3,9,0,2,2,0,0,0,0,0,0,0,0,0,1,1,6,6,3,-1,-1,-1,-1,-1,-1,-1,-1,0,-1
2020430056203,2020,430056203,2,8,0,18,19,4,8,0,0,4,0,0,0,0,1,1,6,6,1,49,8,-1,-1,-1,-1,-1,-1,0,-1
202060Y038658,2020,60Y038658,2,1,0,18,19,6,2,1,1,1,0,0,0,0,1,1,6,6,2,47,8,-1,-1,-1,-1,-1,-1,0,-1
2020160954639,2020,160954639,1,9,0,5,5,1,5,8,6,0,5,0,1,0,3,1,5,6,2,24,5,-1,-1,-1,-1,8,E01029534,0,-1
2020101005120,2020,101005120,1,9,0,18,19,5,1,0,0,0,0,0,0,0,4,1,6,6,3,-1,-1,-1,-1,-1,-1,-1,-1,0,-1
2020430358552,2020,430358552,1,9,0,9,9,2,8,0,0,5,0,0,0,0,1,1,2,2,2,44,7,-1,-1,-1,-1,10,E01017703,0,-1
2020140960056,2020,140960056,2,1,0,18,19,0,0,0,0,0,0,0,0,0,1,1,5,6,2,35,6,-1,-1,-1,-1,2,E01008125,0,-1
2020522100921,2020,522100921,2,1,0,13,13,8,4,0,0,8,0,0,0,0,1,1,6,6,1,27,6,-1,-1,-1,-1,8,E01015012,0,-1
202006E273014,2020,06E273014,1,1,0,18,19,5,1,0,0,2,0,0,0,0,3,1,6,6,1,9,2,-1,-1,-1,-1,2,E01005221,0,-1
2020200954422,2020,200954422,2,1,0,18,19,2,6,0,0,2,0,0,0,0,1,1,6,6,1,38,7,-1,-1,-1,-1,2,E01033635,0,-1
2020440380328,2020,440380328,1,9,0,14,14,1,5,0,0,0,0,4,0,0,4,1,6,6,1,77,11,-1,-1,-1,-1,9,E01022768,0,-1
2020010255117,2020,010255117,3,19,0,17,19,5,1,0,0,8,0,0,0,0,1,1,6,6,2,45,7,-1,-1,-1,-1,7,E01003906,0,-1
2020010267463,2020,010267463,1,1,0,18,19,7,3,0,0,0,0,0,0,0,0,1,6,6,1,41,7,-1,-1,-1,-1,4,E01003927,0,-1
2020052002477,2020,052002477,1,9,0,18,19,7,3,0,0,0,0,0,0,0,3,1,6,6,3,-1,-1,-1,-1,-1,-1,-1,-1,0,-1
2020410946089,2020,410946089,1,9,0,5,5,8,4,0,0,4,0,0,0,0,1,1,1,1,1,22,5,-1,-1,-1,-1,9,E01017722,0,-1
2020360959743,2020,360959743,2,1,0,18,19,5,3,0,0,0,0,0,0,0,2,1,5,6,1,62,9,-1,-1,-1,-1,4,E01026483,0,-1
202060Y067237,2020,60Y067237,1,9,0,1,1,8,4,0,0,1,0,0,0,0,2,1,6,6,1,62,9,-1,-1,-1,-1,-1,-1,0,-1
2020100971948,2020,100971948,1,1,0,18,19,7,4,9,9,8,0,0,1,0,1,1,6,6,1,29,6,-1,-1,-1,-1,-1,-1,0,-1
2020070323480,2020,070323480,1,19,0,13,13,7,3,0,0,0,0,0,0,0,4,1,1,1,3,-1,-1,-1,-1,-1,-1,-1,-1,0,-1
2020010249791,2020,010249791,1,9,0,18,19,7,3,9,9,2,0,10,1,11,1,1,6,6,3,-1,-1,-1,-1,-1,-1,-1,-1,0,-1
2020440305501,2020,440305501,1,9,0,4,4,3,2,0,0,6,0,0,0,0,2,1,6,6,2,21,5,-1,-1,-1,-1,8,E01030988,0,-1
2020470985439,2020,470985439,1,9,0,18,19,3,7,0,0,0,0,0,0,0,1,1,5,6,1,31,6,-1,-1,-1,-1,5,E01021120,0,-1
2020010245619,2020,010245619,1,9,0,18,19,1,5,0,0,8,0,0,0,0,1,1,6,6,3,-1,-1,-1,-1,-1,-1,-1,-1,0,-1
2020530997757,2020,530997757,2,1,0,18,19,1,5,0,0,0,0,0,0,0,3,1,5,6,1,16,4,-1,-1,-1,-1,6,E01032934,0,-1
2020460952250,2020,460952250,4,9,0,2,2,0,0,0,0,1,0,0,0,0,3,1,6,6,3,-1,-1,-1,-1,-1,-1,-1,-1,0,-1
2020010278932,2020,010278932,2,-1,0,18,19,3,7,0,0,1,0,0,0,0,4,1,6,6,1,30,6,-1,-1,-1,-1,2,E01003732,1,-1
2020430018151,2020,430018151,2,9,0,7,7,4,6,0,0,6,0,0,0,0,1,1,6,6,2,-1,-1,-1,-1,-1,-1,-1,-1,0,-1
2020460948516,2020,460948516,2,1,0,18,19,1,5,0,0,0,2,0,0,0,2,1,5,6,1,22,5,-1,-1,-1,-1,8,E01024026,0,-1
2020110969751,2020,110969751,2,9,0,2,2,0,0,9,9,0,0,0,0,0,1,1,6,6,3,-1,-1,-1,-1,-1,-1,-1,-1,0,-1
2020100958780,2020,100958780,2,1,0,5,5,1,5,0,0,1,0,0,0,0,3,1,5,6,1,36,7,-1,-1,-1,-1,5,E01027374,0,-1
2020052001483,2020,052001483,1,9,0,7,7,5,7,0,0,6,0,0,0,0,1,1,6,6,3,-1,-1,-1,-1,-1,-1,-1,-1,0,-1
2020100965992,2020,100965992,2,9,0,18,19,2,6,0,0,8,0,0,0,0,2,1,1,1,1,27,6,-1,-1,-1,-1,5,E01027441,0,-1
2020440053551,2020,440053551,2,9,0,18,19,1,5,0,0,1,0,0,0,0,1,1,6,6,1,17,4,-1,-1,-1,-1,7,E01022764,0,-1
2020200947640,2020,200947640,1,9,0,15,15,8,4,0,0,0,0,0,0,0,3,1,6,6,1,94,11,-1,-1,-1,-1,4,E01009226,0,-1
2020360950173,2020,360950173,2,9,0,18,19,1,5,0,0,5,1,0,0,0,3,1,6,6,1,22,5,-1,-1,-1,-1,4,E01026794,0,-1
2020010274094,2020,010274094,1,1,9,99,99,9,9,99,99,9,9,99,9,99,1,1,2,2,1,52,8,-1,-1,-1,-1,1,E01001458,0,-1
2020470984448,2020,470984448,1,19,0,18,19,4,8,0,0,0,0,0,0,0,1,1,6,6,1,27,6,-1,-1,-1,-1,5,E01031524,0,-1
202031C057420,2020,31C057420,2,9,0,13,13,4,8,0,0,0,0,0,0,0,1,1,6,6,3,-1,-1,-1,-1,-1,-1,-1,-1,0,-1
2020470996314,2020,470996314,2,9,0,17,19,4,8,0,0,0,0,0,0,0,1,1,2,2,1,51,8,-1,-1,-1,-1,5,E01031515,0,-1
2020990920876,2020,990920876,1,9,0,18,19,6,1,0,0,0,2,0,7,0,3,1,5,6,1,26,6,-1,-1,-1,-1,-1,-1,0,-1
202060Y008001,2020,60Y008001,1,9,0,16,19,2,6,0,0,0,0,0,1,9,1,1,6,6,1,24,5,-1,-1,-1,-1,-1,-1,0,-1
2020010242357,2020,010242357,2,9,0,99,99,9,9,99,99,9,9,99,9,99,9,9,6,6,3,-1,-1,-1,-1,-1,-1,-1,-1,0,-1
2020140955958,2020,140955958,2,9,0,18,19,7,3,0,0,0,0,0,0,0,1,1,6,6,1,-1,-1,-1,-1,-1,-1,-1,-1,0,-1
2020010268559,2020,010268559,2,1,0,18,19,7,3,0,0,0,0,0,0,0,3,1,6,6,2,31,6,-1,-1,-1,-1,6,E01003254,0,-1
2020622000125,2020,622000125,1,2,0,14,14,4,8,0,0,0,0,0,0,0,1,1,6,6,3,-1,-1,-1,-1,-1,-1,-1,-1,0,-1
202031D035520,2020,31D035520,1,19,0,18,19,8,4,0,0,0,0,0,0,0,4,1,6,6,3,-1,-1,-1,-1,-1,-1,-1,-1,0,-1
2020010273477,2020,010273477,2,9,0,99,99,9,9,99,99,9,9,99,9,99,2,9,6,6,3,-1,-1,-1,-1,-1,-1,-1,-1,0,-1
20201372I1256,2020,1372I1256,2,22,0,18,19,1,5,0,0,0,0,0,0,0,3,1,6,6,2,51,8,-1,-1,-1,-1,2,E01011374,0,-1
2020450950222,2020,450950222,1,1,0,17,19,1,5,0,0,8,0,0,0,0,1,1,5,6,1,62,9,-1,-1,-1,-1,6,E01030363,0,-1
2020010268093,2020,010268093,1,1,9,99,99,9,9,99,99,9,9,99,9,99,9,1,6,6,2,27,6,-1,-1,-1,-1,2,E01033712,0,-1
2020990978456,2020,990978456,2,19,0,2,2,0,0,6,6,0,0,0,0,0,2,1,6,6,3,-1,-1,-1,-1,-1,-1,-1,-1,0,-1
2020030992511,2020,030992511,2,9,0,18,19,1,3,0,0,1,0,0,0,0,4,1,6,6,1,37,7,-1,-1,-1,-1,1,E01019097,0,-1
2020010249298,2020,010249298,1,1,9,99,99,9,9,99,99,9,9,99,9,99,9,-1,2,2,1,39,7,-1,-1,-1,-1,3,E01003286,0,-1
202006A372998,2020,06A372998,1,8,0,5,5,7,3,8,6,1,0,0,0,0,1,1,1,1,3,-1,-1,-1,-1,-1,-1,-1,-1,0,-1
202006E369048,2020,06E369048,2,1,0,18,19,7,3,4,4,1,0,0,0,0,3,1,6,6,1,39,7,-1,-1,-1,-1,4,E01005084,0,-1
2020522002672,2020,522002672,1,9,0,13,13,5,1,0,0,0,0,0,0,0,1,1,6,6,1,70,10,-1,-1,-1,-1,-1,-1,0,-1
2020010275588,2020,010275588,1,9,0,18,19,1,5,0,0,1,0,0,0,0,2,1,6,6,3,-1,-1,-1,-1,-1,-1,-1,-1,0,-1
2020010245106,2020,010245106,1,9,0,18,19,1,5,0,0,8,0,0,0,0,1,1,6,6,1,26,6,-1,-1,-1,-1,10,E01004101,0,-1
2020010277733,2020,010277733,1,9,0,18,19,7,3,0,0,1,0,0,0,0,1,1,6,6,3,-1,-1,-1,-1,-1,-1,-1,-1,0,-1
2020552000364,2020,552000364,2,1,0,5,5,8,4,0,0,1,0,0,0,0,4,1,3,7,1,41,7,-1,-1,-1,-1,5,E01015275,0,-1
2020010240920,2020,010240920,2,1,0,18,19,3,7,0,0,7,2,0,0,0,1,-1,1,1,2,30,6,-1,-1,-1,-1,3,E01001162,0,-1
2020070139946,2020,070139946,1,9,0,18,19,8,4,0,0,0,0,0,0,0,1,1,6,6,3,-1,-1,-1,-1,-1,-1,-1,-1,0,-1
2020552001158,2020,552001158,2,1,0,18,19,6,2,0,0,8,0,0,0,0,4,1,6,6,1,45,7,-1,-1,-1,-1,6,E01015454,0,-1
2020010280996,2020,010280996,1,1,0,14,14,3,7,0,0,1,0,0,0,0,0,1,2,2,1,21,5,-1,-1,-1,-1,5,E01003022,0,-1
2020220931200,2020,220931200,1,9,0,18,19,6,2,0,0,0,1,0,0,0,1,1,6,6,1,30,6,-1,-1,-1,-1,7,E01028925,0,-1
2020010255783,2020,010255783,2,10,0,99,99,9,9,99,99,9,9,99,9,99,1,9,6,6,3,-1,-1,-1,-1,-1,-1,-1,-1,0,-1
202006P378958,2020,06P378958,2,1,0,18,19,1,5,0,0,8,0,0,0,0,4,1,6,6,1,51,8,-1,-1,-1,-1,9,E01005508,0,-1
2020052000801,2020,052000801,1,4,0,18,19,8,4,0,0,0,0,0,0,0,1,1,6,6,3,-1,-1,-1,-1,-1,-1,-1,-1,0,-1
2020122001266,2020,122001266,1,9,0,17,19,4,2,0,0,0,0,0,1,0,1,1,2,2,1,29,6,-1,-1,-1,-1,4,-1,0,-1
2020010253640,2020,010253640,1,1,9,99,99,9,9,99,99,1,9,99,9,99,9,1,6,6,1,59,9,-1,-1,-1,-1,5,E01002249,0,-1
20201372I0631,2020,1372I0631,1,9,0,18,19,6,2,9,9,0,0,0,7,0,1,1,6,6,3,-1,-1,-1,-1,-1,-1,-1,-1,0,-1
2020010245251,2020,010245251,2,1,0,14,14,6,2,0,0,2,0,0,0,0,3,-1,6,6,1,38,7,-1,-1,-1,-1,3,E01001749,0,-1
2020010251335,2020,010251335,1,1,9,99,99,9,9,99,99,9,9,99,9,99,9,1,6,6,1,35,6,-1,-1,-1,-1,3,E01000872,0,-1