collision_index,collision_year,collision_ref_no,vehicle_reference,vehicle_type,towing_and_articulation,vehicle_manoeuvre_historic,vehicle_manoeuvre,vehicle_direction_from,vehicle_direction_to,vehicle_location_restricted_lane_historic,vehicle_location_restricted_lane,junction_location,skidding_and_overturning,hit_object_in_carriageway,vehicle_leaving_carriageway,hit_object_off_carriageway,first_point_of_impact,vehicle_left_hand_drive,journey_purpose_of_driver_historic,journey_purpose_of_driver,sex_of_driver,age_of_driver,age_band_of_driver,engine_capacity_cc,propulsion_code,age_of_vehicle,generic_make_model,driver_imd_decile,lsoa_of_driver,escooter_flag,driver_distance_banding
202006M172988,2020,06M172988,1,9,0,18,19,6,2,0,0,8,0,0,0,0,4,1,6,6,3,-1,-1,-1,-1,-1,-1,-1,-1,0,-1
2020010266504,2020,010266504,1,11,0,99,99,9,9,99,99,9,9,99,9,99,2,9,6,6,1,42,7,-1,-1,-1,-1,3,E01021267,0,-1
2020400933698,2020,400933698,2,1,-1,-1,-1,1,1,-1,-1,-1,-1,-1,-1,0,-1,1,6,6,1,47,8,-1,-1,-1,-1,6,E01017589,0,-1
2020140996994,2020,140996994,2,9,0,2,2,0,0,0,0,1,0,0,0,0,2,1,6,6,3,-1,-1,-1,-1,-1,-1,-1,-1,0,-1
2020200987761,2020,200987761,2,9,0,18,19,-1,-1,0,0,0,0,0,0,0,1,1,6,6,3,26,6,-1,-1,-1,-1,6,E01032407,0,-1
2020340D00532,2020,340D00532,1,9,0,5,5,7,3,0,0,8,0,0,0,0,1,1,6,6,2,78,11,-1,-1,-1,-1,7,E01027010,0,-1
2020140954226,2020,140954226,2,1,0,18,19,7,3,0,0,4,0,0,0,0,4,1,5,6,1,64,9,-1,-1,-1,-1,3,E01007744,0,-1
2020430304582,2020,430304582,1,9,0,18,19,3,7,0,0,8,0,0,0,0,4,1,6,6,1,38,7,-1,-1,-1,-1,6,E01016467,0,-1
2020470955490,2020,470955490,1,9,0,5,5,8,2,0,0,2,0,0,0,0,1,1,6,6,1,-1,-1,-1,-1,-1,-1,-1,-1,0,-1
2020010238387,2020,010238387,2,9,0,99,99,9,9,99,99,9,9,99,9,99,2,9,6,6,3,-1,-1,-1,-1,-1,-1,10,E01000463,0,-1
2020990938596,2020,990938596,1,8,0,9,9,4,1,0,0,8,0,0,0,0,1,1,6,6,1,45,7,-1,-1,-1,-1,-1,-1,0,-1
2020010252154,2020,010252154,2,1,0,18,19,7,3,0,0,8,0,0,0,0,3,-1,2,2,1,52,8,-1,-1,-1,-1,5,E01004520,0,-1
2020470916059,2020,470916059,2,1,0,18,19,7,3,0,0,1,0,0,0,0,3,1,6,6,2,36,7,-1,-1,-1,-1,4,E01016855,0,-1
2020470966800,2020,470966800,2,1,0,17,19,2,7,0,0,1,0,0,0,0,4,1,5,6,1,58,9,-1,-1,-1,-1,2,E01016909,0,-1
202006L274028,2020,06L274028,2,1,0,18,19,5,1,0,0,4,0,0,0,0,1,1,6,6,1,30,6,-1,-1,-1,-1,1,E01006327,0,-1
2020440184346,2020,440184346,2,1,0,18,19,7,5,0,0,8,0,0,0,0,2,1,6,6,1,25,5,-1,-1,-1,-1,8,E01033380,0,-1
2020010236141,2020,010236141,2,1,0,12,12,3,7,0,0,1,0,0,0,0,3,-1,6,6,1,25,5,-1,-1,-1,-1,4,E01004531,0,-1
2020302001048,2020,302001048,2,1,0,18,19,8,4,0,0,0,0,0,0,0,4,1,6,6,1,29,6,-1,-1,-1,-1,9,E01019599,0,-1
2020010280039,2020,010280039,1,1,9,99,99,9,9,99,99,9,9,99,9,99,2,1,2,2,2,40,7,-1,-1,-1,-1,2,E01004252,0,-1
2020410950922,2020,410950922,1,9,0,18,19,3,1,0,0,0,0,0,0,0,1,1,5,6,1,26,6,-1,-1,-1,-1,10,E01023489,0,-1
2020010267097,2020,010267097,1,1,9,99,99,9,9,99,99,0,9,99,9,99,9,1,6,6,1,42,7,-1,-1,-1,-1,5,E01003953,0,-1
2020420979466,2020,420979466,1,9,0,11,11,5,1,0,0,1,0,0,0,0,1,1,2,2,1,26,6,-1,-1,-1,-1,2,E01021872,0,-1
2020030997294,2020,030997294,1,98,0,5,5,-1,-1,9,9,0,0,0,0,0,0,1,6,6,3,-1,-1,-1,-1,-1,-1,-1,-1,0,-1
2020430246385,2020,430246385,2,1,0,18,19,3,7,0,0,8,0,0,0,0,1,1,6,6,1,39,7,-1,-1,-1,-1,-1,-1,0,-1
2020470926501,2020,470926501,2,9,0,7,7,3,5,0,0,6,0,0,0,0,1,1,5,6,1,73,10,-1,-1,-1,-1,6,E01021186,0,-1
2020200988511,2020,200988511,1,11,0,18,19,-1,-1,0,0,0,0,0,0,0,1,1,1,1,1,-1,-1,-1,-1,-1,-1,-1,-1,0,-1
202060Y069255,2020,60Y069255,1,9,0,18,19,4,8,0,0,8,0,0,0,0,1,1,6,6,2,-1,-1,-1,-1,-1,-1,-1,-1,0,-1
202060Y015857,2020,60Y015857,1,9,0,18,19,5,1,0,0,0,0,4,0,0,1,1,6,6,2,19,4,-1,-1,-1,-1,-1,-1,0,-1
2020990978211,2020,990978211,2,4,0,18,19,7,2,0,0,2,0,0,0,0,1,1,6,6,1,31,6,-1,-1,-1,-1,1,-1,0,-1
2020430358468,2020,430358468,2,9,0,4,4,3,7,0,0,1,0,0,0,0,4,1,6,6,2,37,7,-1,-1,-1,-1,5,E01016461,0,-1
202006F277478,2020,06F277478,2,9,0,9,9,8,7,0,0,8,0,0,7,10,4,1,6,6,1,21,5,-1,-1,-1,-1,3,E01005614,0,-1
2020010235464,2020,010235464,1,9,0,18,19,3,7,0,0,8,0,0,0,0,2,1,6,6,3,-1,-1,-1,-1,-1,-1,-1,-1,0,-1
2020400937244,2020,400937244,1,9,0,7,7,3,7,0,0,0,0,0,0,0,1,1,5,6,2,38,7,-1,-1,-1,-1,5,E01018135,0,-1
2020010268397,2020,010268397,1,10,0,2,2,0,0,0,0,2,0,0,0,0,1,1,6,6,3,-1,-1,-1,-1,-1,-1,-1,-1,0,-1
2020990929115,2020,990929115,1,9,0,16,19,1,5,0,0,0,2,7,8,10,1,1,1,1,1,38,7,-1,-1,-1,-1,1,-1,0,-1
2020430420555,2020,430420555,2,10,0,18,19,2,6,0,0,0,0,0,1,0,3,1,6,6,1,43,7,-1,-1,-1,-1,-1,-1,0,-1
2020010268593,2020,010268593,2,-1,0,18,19,5,1,4,4,1,0,10,0,0,3,1,2,2,1,49,8,-1,-1,-1,-1,1,E01002040,1,-1
2020500958986,2020,500958986,1,1,0,18,19,5,1,0,0,2,0,0,0,0,1,1,5,6,2,21,5,-1,-1,-1,-1,6,E01020533,0,-1
2020140976955,2020,140976955,1,90,0,18,19,1,5,0,0,0,2,0,0,0,1,1,5,6,1,23,5,-1,-1,-1,-1,1,E01007729,0,-1
2020471001662,2020,471001662,1,9,0,17,19,8,5,0,0,0,1,0,1,11,1,1,2,2,1,22,5,-1,-1,-1,-1,7,E01021032,0,-1
2020170S41420,2020,170S41420,2,1,0,15,15,8,4,0,0,0,0,0,0,0,1,1,6,6,1,48,8,-1,-1,-1,-1,9,E01012231,0,-1
2020990930175,2020,990930175,1,9,0,16,19,5,8,0,0,0,2,0,8,0,1,1,2,2,1,55,8,-1,-1,-1,-1,6,-1,0,-1
2020010255743,2020,010255743,2,1,0,18,19,5,1,0,0,1,0,0,0,0,1,1,6,6,1,59,9,-1,-1,-1,-1,1,E01003207,0,-1
2020470959522,2020,470959522,2,9,0,2,2,0,0,0,0,0,0,0,0,0,4,1,6,6,3,-1,-1,-1,-1,-1,-1,-1,-1,0,-1
202006M174031,2020,06M174031,2,1,0,9,9,1,7,0,0,1,0,0,0,0,3,1,2,2,2,29,6,-1,-1,-1,-1,1,E01005729,0,-1
2020200938624,2020,200938624,1,9,0,5,5,5,1,0,0,0,0,0,0,0,1,1,3,7,2,-1,-1,-1,-1,-1,-1,-1,-1,0,-1
202060Y057657,2020,60Y057657,1,9,0,18,19,4,8,0,0,1,0,0,0,0,1,1,6,6,2,30,6,-1,-1,-1,-1,-1,-1,0,-1
2020332000318,2020,332000318,1,9,0,9,9,1,7,0,0,5,0,0,0,0,4,1,6,6,2,27,6,-1,-1,-1,-1,1,E01013754,0,-1
202006F171221,2020,06F171221,2,1,0,18,19,3,7,9,9,0,0,0,0,0,1,1,2,2,1,25,5,-1,-1,-1,-1,5,E01033682,0,-1
2020430305968,2020,430305968,2,1,0,9,9,5,2,0,0,1,0,0,0,0,2,1,2,2,1,50,8,-1,-1,-1,-1,9,E01028666,0,-1
2020430313835,2020,430313835,1,9,0,9,9,5,3,0,0,1,0,0,0,0,3,1,2,2,1,40,7,-1,-1,-1,-1,9,E01017734,0,-1
2020430179605,2020,430179605,2,9,0,18,19,1,5,0,0,4,0,0,0,0,1,1,6,6,3,-1,-1,-1,-1,-1,-1,-1,-1,0,-1
2020470939367,2020,470939367,1,9,0,18,19,6,2,0,0,1,0,0,0,0,1,1,6,6,3,-1,-1,-1,-1,-1,-1,-1,-1,0,-1
2020220962400,2020,220962400,1,9,0,18,19,5,1,0,0,0,0,0,0,0,3,1,5,6,1,20,4,-1,-1,-1,-1,4,E01029000,0,-1
2020010239608,2020,010239608,1,1,0,18,19,5,1,0,0,0,0,0,0,0,1,1,6,6,1,40,7,-1,-1,-1,-1,-1,-1,0,-1
20201379A1818,2020,1379A1818,2,1,0,18,19,6,2,0,0,1,5,0,0,0,1,1,2,2,1,55,8,-1,-1,-1,-1,2,E01010961,0,-1
2020350926107,2020,350926107,2,9,0,18,19,8,4,0,0,1,0,0,0,0,1,1,5,6,1,53,8,-1,-1,-1,-1,5,E01018102,0,-1
2020201000015,2020,201000015,2,1,0,18,19,-1,-1,0,0,0,0,0,0,0,2,1,4,7,1,13,3,-1,-1,-1,-1,1,E01010142,0,-1
2020010282551,2020,010282551,1,9,0,18,19,5,1,0,0,2,0,0,0,0,3,1,1,1,1,44,7,-1,-1,-1,-1,6,E01000193,0,-1
2020010264871,2020,010264871,2,1,0,18,19,3,7,0,0,6,5,0,3,0,1,1,6,6,1,22,5,-1,-1,-1,-1,3,E01001446,0,-1
2020010284460,2020,010284460,2,1,0,18,19,3,7,0,0,1,0,0,0,0,1,1,6,6,1,22,5,-1,-1,-1,-1,6,E01000513,0,-1
2020430290584,2020,430290584,2,1,0,18,19,5,1,5,5,1,0,0,0,0,1,1,1,1,1,44,7,-1,-1,-1,-1,3,E01028553,0,-1
2020610048220,2020,610048220,2,-1,0,5,5,6,2,0,0,1,0,0,0,0,1,1,6,6,1,20,4,-1,-1,-1,-1,2,W01001646,1,-1
2020430282409,2020,430282409,2,1,0,18,19,6,2,0,0,8,0,0,0,0,4,1,2,2,1,41,7,-1,-1,-1,-1,6,E01028557,0,-1
2020070585987,2020,070585987,1,9,0,17,19,8,4,9,9,0,0,0,1,0,1,1,6,6,3,-1,-1,-1,-1,-1,-1,-1,-1,0,-1
202060Y167954,2020,60Y167954,2,1,0,18,19,6,2,0,0,1,0,0,0,0,4,1,6,6,1,72,10,-1,-1,-1,-1,-1,-1,0,-1
2020040961304,2020,040961304,1,1,0,18,19,7,3,0,0,0,0,0,1,0,1,1,5,6,1,29,6,-1,-1,-1,-1,5,E01025128,0,-1
2020010266128,2020,010266128,2,1,0,15,15,7,3,4,4,1,0,0,0,0,1,1,6,6,1,26,6,-1,-1,-1,-1,2,E01001767,0,-1
2020440400821,2020,440400821,2,1,0,18,19,6,2,0,0,0,0,0,0,0,1,1,4,7,1,11,3,-1,-1,-1,-1,-1,-1,0,-1
2020440394008,2020,440394008,2,1,0,18,19,1,5,0,0,8,0,0,0,0,3,1,6,6,2,23,5,-1,-1,-1,-1,1,E01017031,0,-1
2020010262276,2020,010262276,1,19,0,2,2,0,0,0,0,8,0,8,0,0,3,1,6,6,3,-1,-1,-1,-1,-1,-1,-1,-1,0,-1
2020332000769,2020,332000769,2,9,0,7,7,5,7,0,0,5,0,0,1,0,2,1,6,6,1,66,10,-1,-1,-1,-1,7,E01025937,0,-1
2020010257507,2020,010257507,1,1,9,99,99,9,9,99,99,0,9,99,9,99,9,1,2,2,1,35,6,-1,-1,-1,-1,6,E01002200,0,-1
2020052000603,2020,052000603,2,1,0,18,19,3,7,0,0,1,0,0,0,0,1,1,6,6,1,51,8,-1,-1,-1,-1,1,E01007004,0,-1
2020100984412,2020,100984412,4,9,0,3,3,5,1,0,0,0,0,0,0,0,2,1,1,1,1,50,8,-1,-1,-1,-1,3,E01008487,0,-1
202054A907520,2020,54A907520,1,9,0,18,19,2,6,0,0,0,0,0,0,0,1,1,6,6,1,30,6,-1,-1,-1,-1,-1,-1,0,-1
2020010242437,2020,010242437,2,1,0,5,5,1,5,0,0,8,0,0,1,0,1,1,3,7,1,11,3,-1,-1,-1,-1,2,E01001115,0,-1
2020400958436,2020,400958436,2,19,0,18,19,5,1,0,0,0,0,0,0,0,1,1,1,1,1,33,6,-1,-1,-1,-1,10,E01027283,0,-1
2020470928870,2020,470928870,1,9,0,4,4,2,6,0,0,1,0,0,0,0,1,1,6,6,1,57,9,-1,-1,-1,-1,1,E01020992,0,-1
2020070698034,2020,070698034,3,19,0,18,19,8,4,0,0,0,0,0,0,0,1,1,6,6,3,-1,-1,-1,-1,-1,-1,-1,-1,0,-1
202031B070520,2020,31B070520,1,9,0,16,19,2,5,0,0,0,0,0,0,0,3,1,6,6,3,-1,-1,-1,-1,-1,-1,-1,-1,0,-1
2020440360056,2020,440360056,1,11,0,3,3,2,6,0,0,1,0,0,0,0,0,1,1,1,1,44,7,-1,-1,-1,-1,4,E01017362,0,-1
2020332000550,2020,332000550,1,8,0,18,19,5,1,0,0,8,0,0,0,0,1,1,6,6,1,-1,-1,-1,-1,-1,-1,5,E01013764,0,-1
2020010262892,2020,010262892,2,1,0,18,19,7,3,0,0,1,5,0,0,0,1,1,6,6,1,31,6,-1,-1,-1,-1,2,E01004033,0,-1
2020010249713,2020,010249713,2,9,0,99,99,9,9,99,99,0,9,99,9,99,9,9,6,6,3,-1,-1,-1,-1,-1,-1,-1,-1,0,-1
2020470984609,2020,470984609,2,1,0,18,19,2,6,0,0,8,0,0,0,0,4,1,2,2,2,30,6,-1,-1,-1,-1,7,E01031647,0,-1
202006L169224,2020,06L169224,1,9,0,1,1,1,5,0,0,0,0,4,0,0,2,1,6,6,1,30,6,-1,-1,-1,-1,-1,-1,0,-1
2020160953714,2020,160953714,1,3,0,18,19,5,1,0,0,0,0,0,0,0,0,1,5,6,1,24,5,-1,-1,-1,-1,1,E01013181,0,-1
2020332001118,2020,332001118,2,98,0,18,19,5,1,0,0,0,0,0,0,0,0,1,6,6,1,45,7,-1,-1,-1,-1,-1,-1,0,-1
2020070668797,2020,070668797,2,1,0,18,19,7,3,0,0,8,0,0,0,0,4,1,2,2,1,28,6,-1,-1,-1,-1,3,E01012507,0,-1
2020052001029,2020,052001029,1,9,0,9,9,1,7,0,0,5,0,0,0,0,4,1,6,6,3,-1,-1,-1,-1,-1,-1,-1,-1,0,-1
2020052001164,2020,052001164,2,1,0,18,19,7,3,0,0,6,0,0,0,0,4,1,6,6,1,32,6,-1,-1,-1,-1,1,E01033768,0,-1
202006L270286,2020,06L270286,2,9,0,7,7,1,3,0,0,6,2,0,2,0,3,1,2,2,1,43,7,-1,-1,-1,-1,2,E01006326,0,-1
2020450979110,2020,450979110,1,9,0,18,19,1,3,0,0,0,0,0,0,0,4,1,6,6,1,52,8,-1,-1,-1,-1,4,E01024132,0,-1
2020430297138,2020,430297138,2,1,0,18,19,1,5,0,0,1,0,0,0,0,1,1,6,6,2,66,10,-1,-1,-1,-1,6,E01028651,0,-1
202054B294720,2020,54B294720,1,9,0,18,19,8,4,0,0,1,0,0,1,11,1,1,6,6,3,30,6,-1,-1,-1,-1,-1,-1,0,-1
2020470972922,2020,470972922,2,1,0,18,19,4,8,0,0,0,0,0,1,0,2,1,6,6,1,72,10,-1,-1,-1,-1,7,E01016896,0,-1
202006Q271992,2020,06Q271992,5,9,0,2,2,0,0,0,0,0,0,0,0,0,1,1,6,6,1,30,6,-1,-1,-1,-1,-1,-1,0,-1
2020010249853,2020,010249853,2,9,0,99,99,9,9,99,99,9,9,99,9,99,1,9,6,6,3,-1,-1,-1,-1,-1,-1,-1,-1,0,-1
202060Y004745,2020,60Y004745,3,9,0,18,19,5,1,0,0,0,0,0,0,0,3,1,6,6,2,46,8,-1,-1,-1,-1,-1,-1,0,-1
2020370975506,2020,370975506,1,90,0,-1,-1,-1,-1,-1,-1,0,-1,-1,-1,0,-1,1,6,6,3,-1,-1,-1,-1,-1,-1,-1,-1,0,-1
202031C153720,2020,31C153720,3,9,0,18,19,5,1,0,0,0,1,0,0,0,1,1,6,6,1,47,8,-1,-1,-1,-1,3,E01009045,0,-1
2020320235697,2020,320235697,1,4,0,18,19,5,1,0,0,1,1,0,0,0,0,1,6,6,1,27,6,-1,-1,-1,-1,4,E01026207,0,-1
2020370979933,2020,370979933,1,9,0,7,7,3,5,0,0,2,0,0,0,0,1,1,1,1,1,41,7,-1,-1,-1,-1,5,E01029976,0,-1
2020010268722,2020,010268722,1,1,9,99,99,9,9,99,99,9,9,99,9,99,1,1,2,2,1,41,7,-1,-1,-1,-1,6,E01003378,0,-1
2020370939122,2020,370939122,1,9,0,9,9,1,5,0,0,1,0,0,1,0,1,1,2,2,2,22,5,-1,-1,-1,-1,1,E01029986,0,-1
2020040974617,2020,040974617,2,1,0,18,19,2,6,0,0,8,2,0,1,0,3,1,5,6,1,23,5,-1,-1,-1,-1,7,E01025593,0,-1
2020160945093,2020,160945093,2,1,0,18,19,7,3,4,4,0,0,0,0,0,1,1,6,6,1,49,8,-1,-1,-1,-1,1,E01012846,0,-1
2020070527949,2020,070527949,2,1,0,14,14,3,7,0,0,1,2,0,0,0,3,1,6,6,1,65,9,-1,-1,-1,-1,6,E01018472,0,-1
2020010233628,2020,010233628,2,1,0,18,19,5,1,0,0,8,0,0,0,0,4,1,1,1,1,27,6,-1,-1,-1,-1,3,E01003532,0,-1
2020070766356,2020,070766356,2,1,0,9,9,8,3,0,0,1,0,0,0,0,1,1,2,2,1,29,6,-1,-1,-1,-1,6,E01012440,0,-1
202006A175720,2020,06A175720,2,1,0,18,19,5,1,4,4,1,0,0,0,0,1,1,6,6,1,25,5,-1,-1,-1,-1,-1,-1,0,-1
2020410924662,2020,410924662,1,9,0,18,19,5,1,0,0,0,0,0,0,0,2,1,5,6,1,53,8,-1,-1,-1,-1,6,E01019381,0,-1
2020010262743,2020,010262743,1,1,9,99,99,9,9,99,99,9,9,99,9,99,1,1,6,6,1,40,7,-1,-1,-1,-1,2,E01003066,0,-1
2020010233912,2020,010233912,2,1,0,18,19,4,8,0,0,0,0,0,0,0,3,1,6,6,1,40,7,-1,-1,-1,-1,8,E01023548,0,-1
2020470974395,2020,470974395,2,1,0,14,14,1,5,0,0,1,0,0,0,0,1,1,2,2,1,30,6,-1,-1,-1,-1,7,E01016997,0,-1
2020100955800,2020,100955800,1,1,0,18,19,4,8,9,9,1,0,4,0,0,1,1,5,6,1,11,3,-1,-1,-1,-1,5,E01008225,0,-1
2020552000693,2020,552000693,2,1,0,18,19,2,6,0,0,8,0,0,0,0,4,1,6,6,1,29,6,-1,-1,-1,-1,3,E01015439,0,-1
202060Y166341,2020,60Y166341,1,9,0,18,19,6,3,0,0,0,0,0,0,0,3,1,6,6,1,73,10,-1,-1,-1,-1,-1,-1,0,-1
2020420966118,2020,420966118,2,9,0,9,9,4,4,0,0,1,0,0,0,0,3,1,6,6,3,18,4,-1,-1,-1,-1,-1,-1,0,-1
2020111007902,2020,111007902,2,1,0,18,19,4,7,0,0,8,0,0,0,0,4,1,2,2,1,23,5,-1,-1,-1,-1,8,E01020750,0,-1
2020350936956,2020,350936956,1,1,0,13,13,7,3,0,0,0,0,0,0,0,1,1,6,6,3,-1,-1,-1,-1,-1,-1,-1,-1,0,-1
2020420960005,2020,420960005,2,9,0,2,2,0,0,0,0,2,0,0,0,0,2,1,6,6,3,-1,-1,-1,-1,-1,-1,-1,-1,0,-1
2020552000078,2020,552000078,2,9,0,9,9,7,3,0,0,8,0,0,0,0,4,1,6,6,2,51,8,-1,-1,-1,-1,5,E01020459,0,-1
2020201003952,2020,201003952,1,23,0,18,19,5,1,0,0,8,0,0,0,0,4,1,6,6,1,79,11,-1,-1,-1,-1,5,E01009023,0,-1
2020440483814,2020,440483814,1,9,0,18,19,1,5,0,0,0,0,0,7,3,1,1,1,1,1,54,8,-1,-1,-1,-1,3,E01017267,0,-1
2020411017279,2020,411017279,1,9,0,9,9,5,3,0,0,3,0,0,0,0,4,1,5,6,2,78,11,-1,-1,-1,-1,9,E01023428,0,-1
2020160983622,2020,160983622,2,9,0,9,9,1,5,0,0,6,0,0,0,0,4,1,6,6,2,-1,-1,-1,-1,-1,-1,-1,-1,0,-1
2020201008855,2020,201008855,1,9,0,18,19,6,2,0,0,2,0,0,0,0,0,1,6,6,3,-1,-1,-1,-1,-1,-1,-1,-1,0,-1
2020552100208,2020,552100208,2,1,0,18,19,4,8,0,0,0,0,0,0,0,2,1,6,6,1,33,6,-1,-1,-1,-1,-1,-1,0,-1
2020410919967,2020,410919967,5,9,0,-1,-1,5,1,-1,-1,0,-1,-1,-1,0,-1,1,6,6,1,49,8,-1,-1,-1,-1,9,E01017565,0,-1
2020040960722,2020,040960722,2,1,0,18,19,1,5,0,0,0,0,0,0,0,-1,1,6,6,1,16,4,-1,-1,-1,-1,-1,-1,0,-1
2020010262945,2020,010262945,2,23,0,7,7,1,2,0,0,1,0,0,0,0,1,1,6,6,1,17,4,-1,-1,-1,-1,1,E01000601,0,-1
2020440469200,2020,440469200,2,16,0,17,19,2,6,0,0,0,0,0,0,0,0,1,6,6,2,25,5,-1,-1,-1,-1,10,E01022772,0,-1
2020440375288,2020,440375288,1,1,0,12,12,6,2,0,0,0,0,0,2,11,1,1,6,6,1,16,4,-1,-1,-1,-1,6,E01023022,0,-1
2020460921472,2020,460921472,1,9,0,18,19,1,5,0,0,1,0,0,0,0,1,1,5,6,1,77,11,-1,-1,-1,-1,8,E01024106,0,-1
2020320194508,2020,320194508,1,21,0,18,19,1,5,0,0,0,0,0,0,0,1,1,2,2,1,33,6,-1,-1,-1,-1,2,E01032086,0,-1
2020200930383,2020,200930383,1,9,0,7,7,2,4,0,0,5,0,0,0,0,1,1,6,6,1,-1,-1,-1,-1,-1,-1,-1,-1,0,-1
2020010282388,2020,010282388,1,1,0,3,3,3,7,0,0,1,0,0,1,0,1,1,2,2,1,44,7,-1,-1,-1,-1,4,E01002743,0,-1
2020100989683,2020,100989683,1,9,0,18,19,3,7,0,0,1,0,0,0,0,1,1,6,6,1,-1,-1,-1,-1,-1,-1,-1,-1,0,-1
2020421009089,2020,421009089,1,97,-1,7,7,5,7,0,0,1,0,0,0,0,1,1,6,6,3,-1,-1,-1,-1,-1,-1,-1,-1,0,-1
2020461007832,2020,461007832,3,9,0,18,19,7,3,0,0,0,0,0,0,0,3,1,2,2,1,39,7,-1,-1,-1,-1,10,E01032828,0,-1
2020370938920,2020,370938920,2,20,4,18,19,3,7,0,0,0,0,0,0,0,1,1,1,1,1,62,9,-1,-1,-1,-1,1,E01009378,0,-1
2020070056721,2020,070056721,2,1,0,18,19,2,6,0,0,8,0,0,0,0,4,1,1,1,1,61,9,-1,-1,-1,-1,3,E01018482,0,-1
20201375M0659,2020,1375M0659,1,3,0,10,10,7,3,0,0,6,0,0,0,0,1,1,6,6,3,-1,-1,-1,-1,-1,-1,-1,-1,0,-1
2020460958806,2020,460958806,1,9,0,18,19,3,7,0,0,3,0,0,0,0,4,1,5,6,3,-1,-1,-1,-1,-1,-1,-1,-1,0,-1
2020010261670,2020,010261670,1,1,9,18,19,1,5,99,99,9,9,99,9,99,2,1,2,2,2,35,6,-1,-1,-1,-1,8,E01004074,0,-1
202060Y128718,2020,60Y128718,1,9,0,10,10,3,8,0,0,1,0,0,0,0,2,1,6,6,2,36,7,-1,-1,-1,-1,-1,-1,0,-1
2020010279044,2020,010279044,1,19,0,3,3,5,1,0,0,2,0,0,0,0,2,1,1,1,1,47,8,-1,-1,-1,-1,5,E01000468,0,-1
2020010234609,2020,010234609,2,1,0,18,19,1,5,0,0,5,0,0,0,0,1,1,2,2,2,25,5,-1,-1,-1,-1,2,E01002046,0,-1
2020400963005,2020,400963005,1,9,0,5,5,4,8,0,0,8,0,0,0,0,0,1,1,1,1,39,7,-1,-1,-1,-1,6,E01017550,0,-1
202031D070320,2020,31D070320,1,9,0,18,19,6,2,0,0,0,0,0,0,0,1,1,1,1,1,34,6,-1,-1,-1,-1,8,E01028246,0,-1
2020430079594,2020,430079594,2,1,0,8,8,1,7,0,0,1,0,0,0,0,2,1,2,2,2,26,6,-1,-1,-1,-1,8,E01028483,0,-1
2020030959719,2020,030959719,2,1,0,10,10,5,3,0,0,0,0,0,0,0,0,1,6,6,1,48,8,-1,-1,-1,-1,1,E01019277,0,-1
2020552000636,2020,552000636,1,1,0,18,19,2,6,9,9,1,1,0,0,0,0,1,2,2,1,36,7,-1,-1,-1,-1,1,E01015282,0,-1
2020010259219,2020,010259219,2,1,0,18,19,5,1,0,0,8,0,0,0,0,3,1,6,6,1,40,7,-1,-1,-1,-1,2,E01000548,0,-1
2020622000947,2020,622000947,1,1,0,18,19,8,4,0,0,1,0,0,0,0,1,1,6,6,1,24,5,-1,-1,-1,-1,6,W01001756,0,-1
2020010260688,2020,010260688,2,1,0,18,19,7,3,0,0,2,5,4,7,0,1,1,2,2,2,24,5,-1,-1,-1,-1,2,E01004321,0,-1
2020010256073,2020,010256073,2,9,0,2,2,0,0,0,0,2,0,0,0,0,2,1,6,6,3,-1,-1,-1,-1,-1,-1,-1,-1,0,-1
2020370944274,2020,370944274,3,9,0,3,3,3,7,0,0,0,0,0,0,0,2,1,2,2,1,29,6,-1,-1,-1,-1,4,E01021651,0,-1
2020010273863,2020,010273863,1,11,9,4,4,7,3,99,99,0,9,99,0,0,9,1,6,6,1,59,9,-1,-1,-1,-1,5,E01003642,0,-1
2020010239538,2020,010239538,2,1,0,5,5,1,5,0,0,0,0,0,0,0,1,1,1,1,1,44,7,-1,-1,-1,-1,8,E01002265,0,-1
2020332001247,2020,332001247,4,9,0,18,19,3,7,0,0,0,0,0,0,0,0,1,6,6,1,43,7,-1,-1,-1,-1,-1,-1,0,-1
2020160956543,2020,160956543,2,1,0,18,19,6,3,0,0,0,0,0,1,10,3,1,6,6,1,45,7,-1,-1,-1,-1,3,E01013272,0,-1
202006L272095,2020,06L272095,1,1,0,14,14,2,6,0,0,2,0,8,0,0,1,1,6,6,2,30,6,-1,-1,-1,-1,4,E01006332,0,-1
202006A269096,2020,06A269096,2,3,0,18,19,3,7,0,0,2,0,0,0,0,1,1,6,6,1,27,6,-1,-1,-1,-1,1,E01005240,0,-1
2020161005861,2020,161005861,1,9,0,18,19,3,7,0,0,1,0,0,0,0,1,1,6,6,1,-1,-1,-1,-1,-1,-1,-1,-1,0,-1
2020480968656,2020,480968656,2,1,0,18,19,7,3,0,0,8,0,0,0,0,3,1,2,2,1,37,7,-1,-1,-1,-1,4,E01003278,0,-1
2020010250370,2020,010250370,2,1,0,18,19,1,5,9,9,1,0,0,0,0,1,-1,2,2,2,48,8,-1,-1,-1,-1,9,E01003466,0,-1
2020360937644,2020,360937644,1,98,0,18,19,3,7,0,0,0,0,0,0,0,1,1,6,6,3,-1,-1,-1,-1,-1,-1,-1,-1,0,-1
2020332000844,2020,332000844,1,97,0,18,19,7,3,0,0,0,0,0,0,0,0,1,6,6,1,36,7,-1,-1,-1,-1,4,E01013617,0,-1
2020200970350,2020,200970350,1,19,0,9,9,4,2,0,0,5,0,0,0,0,1,1,6,6,3,-1,-1,-1,-1,-1,-1,-1,-1,0,-1
2020332001005,2020,332001005,1,9,0,5,5,6,2,0,0,8,0,0,0,0,4,1,2,2,1,39,7,-1,-1,-1,-1,4,E01013747,0,-1
2020370940306,2020,370940306,1,9,0,18,19,1,5,0,0,0,0,0,0,0,1,1,5,6,3,-1,-1,-1,-1,-1,-1,-1,-1,0,-1
2020991006460,2020,991006460,1,9,0,18,19,6,2,0,0,0,0,0,0,0,1,1,5,6,1,24,5,-1,-1,-1,-1,3,-1,0,-1
202054B347420,2020,54B347420,2,1,0,18,19,3,7,0,0,8,0,0,0,0,3,1,6,6,1,31,6,-1,-1,-1,-1,2,E01031928,0,-1
2020140969769,2020,140969769,2,1,0,7,7,5,8,0,0,1,1,0,0,0,1,1,6,6,1,12,3,-1,-1,-1,-1,2,E01007806,0,-1