collision_index,collision_year,collision_ref_no,vehicle_reference,vehicle_type,towing_and_articulation,vehicle_manoeuvre_historic,vehicle_manoeuvre,vehicle_direction_from,vehicle_direction_to,vehicle_location_restricted_lane_historic,vehicle_location_restricted_lane,junction_location,skidding_and_overturning,hit_object_in_carriageway,vehicle_leaving_carriageway,hit_object_off_carriageway,first_point_of_impact,vehicle_left_hand_drive,journey_purpose_of_driver_historic,journey_purpose_of_driver,sex_of_driver,age_of_driver,age_band_of_driver,engine_capacity_cc,propulsion_code,age_of_vehicle,generic_make_model,driver_imd_decile,lsoa_of_driver,escooter_flag,driver_distance_banding
202031D011620,2020,31D011620,2,1,0,9,9,6,4,0,0,8,0,0,0,0,2,1,1,1,1,41,7,-1,-1,-1,-1,9,E01028070,0,-1
2020420985572,2020,420985572,1,9,0,18,19,2,6,0,0,1,0,0,0,0,4,1,6,6,2,40,7,-1,-1,-1,-1,-1,-1,0,-1
2020360937628,2020,360937628,2,1,0,18,19,2,6,0,0,8,0,0,0,0,1,1,5,6,1,16,4,-1,-1,-1,-1,1,E01033437,0,-1
2020522100656,2020,522100656,4,9,0,3,3,7,3,0,0,0,0,0,0,0,2,1,6,6,1,43,7,-1,-1,-1,-1,8,E01014765,0,-1
2020230979583,2020,230979583,1,8,0,5,5,3,7,0,0,0,0,0,0,0,4,1,1,1,1,39,7,-1,-1,-1,-1,8,E01031260,0,-1
20201371N0646,2020,1371N0646,1,9,0,5,5,3,1,0,0,5,0,0,0,0,1,1,6,6,2,73,10,-1,-1,-1,-1,5,E01011356,0,-1
2020201005680,2020,201005680,1,9,0,18,19,3,7,0,0,0,0,0,0,0,4,1,6,6,3,-1,-1,-1,-1,-1,-1,-1,-1,0,-1
2020440012001,2020,440012001,1,9,0,4,4,2,6,0,0,1,0,0,0,0,2,1,2,2,1,40,7,-1,-1,-1,-1,7,E01022481,0,-1
2020137871278,2020,137871278,1,9,0,7,7,5,7,0,0,0,0,0,0,0,4,1,6,6,3,-1,-1,-1,-1,-1,-1,-1,-1,0,-1
2020052001355,2020,052001355,2,1,0,18,19,8,4,0,0,8,0,0,0,0,3,1,6,6,1,37,7,-1,-1,-1,-1,7,E01007196,0,-1
2020470987180,2020,470987180,1,9,0,18,19,7,3,0,0,0,0,0,0,0,1,1,1,1,1,58,9,-1,-1,-1,-1,9,E01031340,0,-1
2020010231868,2020,010231868,2,1,0,18,19,4,8,0,0,1,5,0,0,0,1,1,6,6,1,73,10,-1,-1,-1,-1,3,E01000866,0,-1
2020332001141,2020,332001141,1,9,0,18,19,8,4,0,0,0,0,0,0,0,0,1,6,6,2,92,11,-1,-1,-1,-1,-1,-1,0,-1
2020010269226,2020,010269226,1,1,0,18,19,5,1,0,0,9,0,0,0,0,4,1,2,2,1,32,6,-1,-1,-1,-1,4,E01003793,0,-1
2020302000405,2020,302000405,2,9,0,9,9,6,4,0,0,2,0,0,0,0,2,1,6,6,1,74,10,-1,-1,-1,-1,6,E01029801,0,-1
2020010248854,2020,010248854,2,1,0,5,5,1,5,4,4,4,0,0,0,0,1,-1,6,6,2,35,6,-1,-1,-1,-1,3,E01003997,0,-1
2020440035080,2020,440035080,2,9,0,18,19,6,2,0,0,0,0,0,0,0,3,1,2,2,2,52,8,-1,-1,-1,-1,6,E01022939,0,-1
2020420940259,2020,420940259,2,9,0,9,9,1,6,0,0,0,0,0,0,0,3,1,5,6,1,24,5,-1,-1,-1,-1,9,E01021933,0,-1
202060Y117311,2020,60Y117311,2,9,0,10,10,5,1,0,0,5,0,0,0,0,2,1,6,6,2,23,5,-1,-1,-1,-1,-1,-1,0,-1
2020220966203,2020,220966203,1,1,0,18,19,8,4,0,0,6,1,0,0,0,1,1,6,6,1,18,4,-1,-1,-1,-1,1,E01014165,0,-1
2020070573004,2020,070573004,1,9,0,7,7,6,8,0,0,5,0,0,0,0,1,1,6,6,2,61,9,-1,-1,-1,-1,9,E01018628,0,-1
2020470967898,2020,470967898,2,1,0,17,19,6,4,0,0,0,0,0,0,0,2,1,6,6,1,14,3,-1,-1,-1,-1,5,E01020921,0,-1
2020211027766,2020,211027766,1,20,0,18,19,4,8,0,0,1,0,0,0,0,1,1,1,1,1,53,8,-1,-1,-1,-1,3,E01009875,0,-1
202060Y004595,2020,60Y004595,2,9,0,18,19,8,4,0,0,1,1,0,7,11,1,1,2,2,1,49,8,-1,-1,-1,-1,-1,-1,0,-1
2020552100253,2020,552100253,2,1,0,18,19,1,5,0,0,0,0,0,0,0,1,1,6,6,2,25,5,-1,-1,-1,-1,6,E01015358,0,-1
2020010267031,2020,010267031,1,9,0,7,7,7,1,0,0,8,0,0,0,0,4,1,1,1,2,46,8,-1,-1,-1,-1,3,E01003539,0,-1
2020430129991,2020,430129991,1,1,0,18,19,2,6,0,0,8,0,0,0,0,3,1,6,6,1,55,8,-1,-1,-1,-1,9,E01028592,0,-1
2020990953355,2020,990953355,1,9,0,17,19,3,8,0,0,0,5,0,2,11,1,1,1,1,1,42,7,-1,-1,-1,-1,5,-1,0,-1
2020040941914,2020,040941914,1,9,0,7,7,1,5,0,0,5,0,0,0,0,1,1,2,2,1,60,9,-1,-1,-1,-1,8,E01025086,0,-1
2020332000816,2020,332000816,1,3,0,16,19,5,1,0,0,0,1,0,7,0,1,1,2,2,2,21,5,-1,-1,-1,-1,1,E01013679,0,-1
2020010259249,2020,010259249,2,1,9,99,99,9,9,99,99,9,9,99,9,99,9,1,6,6,1,46,8,-1,-1,-1,-1,4,E01033424,0,-1
2020010255528,2020,010255528,1,9,9,99,99,9,9,99,99,1,9,99,9,99,9,9,6,6,3,-1,-1,-1,-1,-1,-1,-1,-1,0,-1
2020350956003,2020,350956003,1,9,0,2,2,0,0,6,6,0,0,0,0,0,2,1,5,6,2,21,5,-1,-1,-1,-1,8,E01033181,0,-1
2020010261038,2020,010261038,1,1,9,99,99,9,9,99,99,9,9,99,9,99,1,1,6,6,1,25,5,-1,-1,-1,-1,4,E01003934,0,-1
2020010270371,2020,010270371,2,9,0,99,99,9,9,99,99,9,0,99,0,0,2,9,6,6,3,-1,-1,-1,-1,-1,-1,-1,-1,0,-1
2020460974022,2020,460974022,1,98,0,18,19,5,1,0,0,0,0,11,0,0,1,1,6,6,1,55,8,-1,-1,-1,-1,6,E01032824,0,-1
2020211023582,2020,211023582,1,9,0,18,19,5,1,0,0,1,1,0,1,10,1,1,6,6,1,30,6,-1,-1,-1,-1,7,E01029644,0,-1
2020990963200,2020,990963200,1,1,0,18,19,3,7,4,4,8,0,0,0,0,1,1,5,6,1,23,5,-1,-1,-1,-1,-1,-1,0,-1
2020010269915,2020,010269915,2,9,0,99,99,9,9,99,99,9,9,99,9,99,1,9,6,6,3,-1,-1,-1,-1,-1,-1,5,E01004522,0,-1
2020332000369,2020,332000369,3,9,0,4,4,6,2,0,0,0,0,0,0,0,1,1,6,6,2,25,5,-1,-1,-1,-1,8,E01013712,0,-1
2020010247708,2020,010247708,2,9,0,99,99,9,9,99,99,9,9,99,9,99,2,9,6,6,3,21,5,-1,-1,-1,-1,3,E01015986,0,-1
202006XF74748,2020,06XF74748,1,9,0,12,12,1,5,0,0,0,0,0,0,0,0,1,6,6,3,-1,-1,-1,-1,-1,-1,-1,-1,0,-1
2020052001148,2020,052001148,1,9,0,18,19,2,7,0,0,1,0,0,0,0,1,1,6,6,3,-1,-1,-1,-1,-1,-1,-1,-1,0,-1
2020111007750,2020,111007750,1,97,0,18,19,7,3,0,0,1,0,0,0,0,1,1,6,6,1,24,5,-1,-1,-1,-1,2,E01020615,0,-1
2020010275813,2020,010275813,2,1,9,99,99,9,9,99,99,0,9,99,9,99,9,1,6,6,1,-1,-1,-1,-1,-1,-1,9,E01021483,0,-1
2020470966840,2020,470966840,2,9,0,2,2,0,0,0,0,2,0,0,0,0,2,1,6,6,3,-1,-1,-1,-1,-1,-1,-1,-1,0,-1
2020990996044,2020,990996044,2,1,0,18,19,4,7,0,0,2,0,0,0,0,-1,1,6,6,2,48,8,-1,-1,-1,-1,-1,-1,0,-1
2020122001310,2020,122001310,2,1,0,18,19,5,1,0,0,3,0,0,0,0,4,1,6,6,2,53,8,-1,-1,-1,-1,5,E01033069,0,-1
2020460992049,2020,460992049,2,9,0,9,9,3,1,0,0,1,0,0,0,0,2,1,2,2,1,37,7,-1,-1,-1,-1,7,E01024712,0,-1
2020500922808,2020,500922808,2,9,0,18,19,3,7,0,0,8,0,0,7,4,1,1,5,6,1,77,11,-1,-1,-1,-1,4,E01019037,0,-1
2020470967972,2020,470967972,2,1,0,18,19,5,1,0,0,0,0,4,0,0,3,1,2,2,2,36,7,-1,-1,-1,-1,4,E01016890,0,-1
2020070035784,2020,070035784,2,19,0,18,19,7,3,0,0,8,0,0,0,0,1,1,6,6,3,16,4,-1,-1,-1,-1,-1,-1,0,-1
2020010261573,2020,010261573,2,9,9,18,19,7,3,99,99,1,9,99,9,99,9,1,6,6,3,-1,-1,-1,-1,-1,-1,-1,-1,0,-1
2020400964758,2020,400964758,2,3,0,18,19,5,1,0,0,0,1,0,0,0,1,1,6,6,1,28,6,-1,-1,-1,-1,4,E01017555,0,-1
2020440190027,2020,440190027,1,3,0,18,19,2,6,0,0,1,0,0,0,0,1,1,2,2,1,30,6,-1,-1,-1,-1,4,E01023083,0,-1
2020161014491,2020,161014491,2,1,0,18,19,5,7,0,0,8,0,0,0,0,1,1,6,6,1,47,8,-1,-1,-1,-1,7,E01013289,0,-1
2020010258440,2020,010258440,2,1,0,18,19,5,1,0,0,0,0,4,0,0,1,1,2,2,2,28,6,-1,-1,-1,-1,6,E01003226,0,-1
2020201007222,2020,201007222,1,97,0,18,19,1,5,0,0,1,0,0,0,0,1,1,6,6,3,-1,-1,-1,-1,-1,-1,-1,-1,0,-1
202031C092120,2020,31C092120,2,3,0,18,19,8,4,0,0,8,0,0,0,0,4,1,2,2,1,36,7,-1,-1,-1,-1,2,E01013943,0,-1
2020010260805,2020,010260805,2,1,0,18,19,5,1,0,0,8,0,0,0,0,1,1,6,6,1,35,6,-1,-1,-1,-1,3,E01004406,0,-1
2020520100246,2020,520100246,1,9,0,18,19,6,2,0,0,0,0,0,0,0,1,1,6,6,2,58,9,-1,-1,-1,-1,5,E01014746,0,-1
2020460936012,2020,460936012,3,9,0,4,4,7,3,0,0,0,0,0,0,0,1,1,2,2,1,-1,-1,-1,-1,-1,-1,-1,-1,0,-1
2020201022522,2020,201022522,2,9,0,9,9,8,6,0,0,1,0,0,0,0,1,1,6,6,3,-1,-1,-1,-1,-1,-1,-1,-1,0,-1
2020100955915,2020,100955915,2,1,0,18,19,5,1,0,0,4,0,0,0,0,2,1,2,2,1,56,9,-1,-1,-1,-1,1,E01008682,0,-1
2020010255163,2020,010255163,2,9,0,99,99,9,9,99,99,9,9,99,9,99,2,9,6,6,3,-1,-1,-1,-1,-1,-1,-1,-1,0,-1
2020070687500,2020,070687500,2,1,0,5,5,2,6,0,0,2,0,0,0,0,1,1,6,6,1,54,8,-1,-1,-1,-1,10,E01018694,0,-1
202060Y053370,2020,60Y053370,2,9,0,9,9,7,5,0,0,0,0,0,0,0,0,1,1,1,2,40,7,-1,-1,-1,-1,-1,-1,0,-1
2020200932617,2020,200932617,2,9,2,18,19,4,6,0,0,1,0,0,0,0,1,1,6,6,2,-1,-1,-1,-1,-1,-1,-1,-1,0,-1
2020101001636,2020,101001636,1,9,0,18,19,4,8,0,0,2,0,0,0,0,1,1,6,6,2,-1,-1,-1,-1,-1,-1,-1,-1,0,-1
2020440454395,2020,440454395,2,9,0,18,19,7,3,0,0,0,0,0,0,0,1,1,6,6,2,68,10,-1,-1,-1,-1,10,E01022790,0,-1
2020332000540,2020,332000540,2,9,0,18,19,7,3,0,0,8,0,0,0,0,4,1,6,6,1,58,9,-1,-1,-1,-1,9,E01028419,0,-1
2020010247805,2020,010247805,1,1,0,18,19,6,2,0,0,0,0,0,0,0,3,1,2,2,1,30,6,-1,-1,-1,-1,4,E01000006,0,-1
2020332000415,2020,332000415,2,9,0,18,19,2,6,0,0,0,0,0,0,0,1,1,6,6,2,50,8,-1,-1,-1,-1,7,E01025682,0,-1
2020622000365,2020,622000365,1,97,0,17,19,2,6,0,0,0,0,10,0,0,1,1,6,6,1,24,5,-1,-1,-1,-1,6,W01001324,0,-1
2020160955140,2020,160955140,1,9,0,6,6,7,3,0,0,0,0,0,0,0,1,1,1,1,2,22,5,-1,-1,-1,-1,7,E01013186,0,-1
2020440127885,2020,440127885,1,1,0,18,19,5,1,0,0,0,1,0,0,0,0,1,6,6,1,43,7,-1,-1,-1,-1,2,E01017356,0,-1
2020332000409,2020,332000409,1,9,0,18,19,8,4,0,0,1,0,4,2,2,4,1,6,6,1,17,4,-1,-1,-1,-1,1,E01013727,0,-1
2020137870154,2020,137870154,1,9,0,18,19,5,1,0,0,1,0,0,0,0,1,1,6,6,3,-1,-1,-1,-1,-1,-1,-1,-1,0,-1
2020470998576,2020,470998576,2,1,0,18,19,7,4,0,0,8,0,0,0,0,2,1,5,6,2,19,4,-1,-1,-1,-1,4,E01021051,0,-1
2020332001015,2020,332001015,2,98,0,18,19,8,4,0,0,8,0,0,0,0,3,1,1,1,1,58,9,-1,-1,-1,-1,8,E01025754,0,-1
2020410926592,2020,410926592,1,9,0,18,19,1,5,0,0,0,0,0,0,0,1,1,5,6,1,64,9,-1,-1,-1,-1,9,E01023430,0,-1
2020500938489,2020,500938489,1,9,0,18,19,7,3,0,0,0,0,0,0,0,4,1,6,6,3,-1,-1,-1,-1,-1,-1,-1,-1,0,-1
2020010274994,2020,010274994,1,1,9,99,99,9,9,99,99,8,9,99,9,99,1,1,2,2,1,35,6,-1,-1,-1,-1,6,E01001662,0,-1
202060Y102934,2020,60Y102934,1,9,0,18,19,8,4,0,0,0,0,0,0,0,0,1,6,6,1,-1,-1,-1,-1,-1,-1,-1,-1,0,-1
202060Y128235,2020,60Y128235,2,9,0,18,19,7,3,0,0,1,0,0,0,0,1,1,6,6,2,28,6,-1,-1,-1,-1,-1,-1,0,-1
2020052002042,2020,052002042,2,1,0,18,19,3,7,0,0,1,0,0,0,0,1,1,1,1,1,31,6,-1,-1,-1,-1,1,E01006695,0,-1
2020320076103,2020,320076103,2,1,0,18,19,1,7,0,0,1,0,0,0,0,1,1,6,6,2,50,8,-1,-1,-1,-1,3,E01026311,0,-1
2020420949148,2020,420949148,1,1,0,18,19,1,5,0,0,0,0,4,0,0,1,1,5,6,1,47,8,-1,-1,-1,-1,2,E01004405,0,-1
2020010261464,2020,010261464,2,1,0,10,10,3,1,0,0,8,0,0,0,0,3,1,6,6,1,68,10,-1,-1,-1,-1,2,E01001735,0,-1
2020110986499,2020,110986499,1,8,0,18,19,4,8,0,0,0,0,4,0,0,1,1,1,1,1,28,6,-1,-1,-1,-1,1,E01008709,0,-1
2020420949709,2020,420949709,2,1,0,18,19,5,1,0,0,1,0,0,0,0,1,1,6,6,1,26,6,-1,-1,-1,-1,3,E01021303,0,-1
2020320570257,2020,320570257,1,9,0,18,19,4,8,0,0,0,0,0,0,0,0,1,6,6,3,40,7,-1,-1,-1,-1,-1,-1,0,-1
2020340D07782,2020,340D07782,1,19,0,12,12,1,5,0,0,0,0,0,0,0,3,1,6,6,1,48,8,-1,-1,-1,-1,-1,-1,0,-1
2020430397938,2020,430397938,2,1,0,18,19,1,5,5,5,8,0,0,0,0,1,1,6,6,1,54,8,-1,-1,-1,-1,7,E01028639,0,-1
2020010269225,2020,010269225,3,19,0,99,99,9,9,99,99,9,9,99,9,99,2,9,6,6,3,-1,-1,-1,-1,-1,-1,8,E01030335,0,-1
2020440307109,2020,440307109,1,9,0,18,19,5,1,0,0,0,0,0,0,0,1,1,6,6,1,22,5,-1,-1,-1,-1,4,E01017157,0,-1
2020010268324,2020,010268324,1,19,0,99,99,9,9,99,99,9,0,0,0,0,4,1,6,6,1,62,9,-1,-1,-1,-1,4,E01003277,0,-1
2020010255342,2020,010255342,2,1,0,9,9,3,1,0,0,5,0,0,0,0,3,1,2,2,1,51,8,-1,-1,-1,-1,5,E01000847,0,-1
2020010256843,2020,010256843,2,9,0,18,19,5,1,9,9,5,0,0,0,0,3,1,6,6,3,-1,-1,-1,-1,-1,-1,-1,-1,0,-1
2020430041794,2020,430041794,2,9,0,18,19,6,2,0,0,4,0,0,0,0,1,1,6,6,1,-1,-1,-1,-1,-1,-1,-1,-1,0,-1
20201374O0839,2020,1374O0839,1,9,0,9,9,6,2,0,0,2,0,0,0,0,1,1,6,6,1,-1,-1,-1,-1,-1,-1,-1,-1,0,-1
2020990999658,2020,990999658,1,90,0,18,19,2,6,0,0,8,0,2,0,0,1,1,6,6,1,68,10,-1,-1,-1,-1,7,-1,0,-1
2020200952224,2020,200952224,2,1,0,18,19,3,7,0,0,8,0,0,0,0,4,1,1,1,1,28,6,-1,-1,-1,-1,4,E01009688,0,-1
2020010231936,2020,010231936,1,1,0,14,14,3,7,0,0,2,0,10,0,0,1,1,2,2,1,41,7,-1,-1,-1,-1,9,E01001299,0,-1
2020440009166,2020,440009166,2,97,0,13,13,3,7,0,0,8,0,0,0,0,1,1,6,6,1,21,5,-1,-1,-1,-1,2,E01017115,0,-1
2020542501620,2020,542501620,1,9,0,18,19,5,1,0,0,0,0,0,0,0,4,1,6,6,1,-1,-1,-1,-1,-1,-1,9,E01032043,0,-1
2020221007670,2020,221007670,2,1,0,18,19,5,1,0,0,8,0,0,0,0,1,1,3,7,1,39,7,-1,-1,-1,-1,2,E01014042,0,-1
202060Y010119,2020,60Y010119,1,9,0,7,7,6,8,0,0,5,0,0,0,0,1,1,6,6,2,-1,-1,-1,-1,-1,-1,-1,-1,0,-1
202060Y115564,2020,60Y115564,2,5,0,17,19,4,1,0,0,1,0,0,1,0,3,1,6,6,1,60,9,-1,-1,-1,-1,-1,-1,0,-1
2020200938672,2020,200938672,1,9,0,18,19,8,4,0,0,4,0,0,0,0,0,1,6,6,1,-1,-1,-1,-1,-1,-1,-1,-1,0,-1
2020010260671,2020,010260671,1,21,1,5,5,2,6,0,0,1,0,0,0,0,1,2,1,1,1,27,6,-1,-1,-1,-1,-1,-1,0,-1
2020990997540,2020,990997540,1,1,0,18,19,3,7,0,0,0,1,0,0,0,3,1,5,6,1,17,4,-1,-1,-1,-1,1,-1,0,-1
2020460935489,2020,460935489,1,9,0,18,19,5,8,0,0,2,0,0,0,0,1,1,6,6,1,-1,-1,-1,-1,-1,-1,-1,-1,0,-1
2020010255161,2020,010255161,2,1,0,9,9,1,7,0,0,6,0,0,0,0,1,1,6,6,1,45,7,-1,-1,-1,-1,3,E01004208,0,-1
2020160990233,2020,160990233,2,9,0,18,19,3,7,0,0,1,0,0,0,0,1,1,6,6,3,-1,-1,-1,-1,-1,-1,-1,-1,0,-1
2020320444214,2020,320444214,2,1,0,18,19,1,3,9,9,1,0,0,0,0,4,1,6,6,2,46,8,-1,-1,-1,-1,4,E01026345,0,-1
2020231003579,2020,231003579,1,1,0,18,19,2,6,5,5,6,0,0,0,0,1,1,5,6,1,25,5,-1,-1,-1,-1,-1,-1,0,-1
2020320083550,2020,320083550,2,1,0,18,19,7,3,0,0,1,0,0,0,0,1,1,6,6,1,20,4,-1,-1,-1,-1,4,E01026028,0,-1
2020200976059,2020,200976059,2,1,0,18,19,4,8,0,0,8,0,0,0,0,1,1,6,6,2,32,6,-1,-1,-1,-1,6,E01008934,0,-1
2020410987077,2020,410987077,3,9,0,18,19,7,8,0,0,0,0,0,0,0,2,1,6,6,3,-1,-1,-1,-1,-1,-1,-1,-1,0,-1
2020010228879,2020,010228879,1,5,0,99,99,9,9,99,99,9,9,99,9,99,9,-1,6,6,1,33,6,-1,-1,-1,-1,10,E01027255,0,-1
2020010283974,2020,010283974,2,-1,9,18,19,6,2,2,2,9,9,99,9,99,9,9,6,6,1,31,6,-1,-1,-1,-1,6,E01003958,1,-1
2020500963966,2020,500963966,2,1,0,18,19,7,3,0,0,1,0,0,0,0,1,1,2,2,1,47,8,-1,-1,-1,-1,1,E01015087,0,-1
2020141005969,2020,141005969,1,9,0,18,19,3,7,0,0,0,0,0,0,0,1,1,6,6,3,-1,-1,-1,-1,-1,-1,-1,-1,0,-1
2020460956101,2020,460956101,1,1,0,18,19,1,5,0,0,0,0,0,0,0,0,1,5,6,1,50,8,-1,-1,-1,-1,10,E01024461,0,-1
2020010281286,2020,010281286,1,9,0,18,19,3,7,0,0,8,0,0,0,0,1,1,6,6,1,50,8,-1,-1,-1,-1,2,E01000095,0,-1
2020440475049,2020,440475049,2,1,0,18,19,7,3,0,0,0,0,0,0,0,2,1,6,6,1,36,7,-1,-1,-1,-1,10,E01022763,0,-1
2020201010584,2020,201010584,1,1,0,18,19,4,8,4,4,0,0,0,0,0,4,1,6,6,2,36,7,-1,-1,-1,-1,1,E01033628,0,-1
2020070130912,2020,070130912,1,9,0,18,19,7,3,0,0,4,0,0,0,0,1,1,6,6,2,-1,-1,-1,-1,-1,-1,-1,-1,0,-1
2020440283051,2020,440283051,1,9,0,14,14,4,8,0,0,0,0,0,0,0,4,1,6,6,2,-1,-1,-1,-1,-1,-1,-1,-1,0,-1
2020430155998,2020,430155998,2,1,0,9,9,5,3,0,0,8,0,0,0,0,3,1,6,6,1,58,9,-1,-1,-1,-1,9,E01028650,0,-1
2020420994044,2020,420994044,2,21,1,2,2,0,0,0,0,0,0,0,0,0,2,1,1,1,1,35,6,-1,-1,-1,-1,-1,-1,0,-1
2020220926736,2020,220926736,1,9,0,17,19,8,6,0,0,0,1,0,1,4,4,1,5,6,2,34,6,-1,-1,-1,-1,2,E01028983,0,-1
2020010271613,2020,010271613,2,9,0,99,99,9,9,99,99,0,9,99,9,99,9,9,6,6,3,-1,-1,-1,-1,-1,-1,2,E01003181,0,-1
2020010243069,2020,010243069,2,1,0,15,15,1,5,0,0,0,0,0,0,0,3,1,6,6,1,39,7,-1,-1,-1,-1,-1,-1,0,-1
2020332001252,2020,332001252,1,9,0,18,19,6,2,0,0,8,0,0,0,0,0,1,6,6,1,56,9,-1,-1,-1,-1,-1,-1,0,-1
2020350946210,2020,350946210,2,1,0,18,19,6,3,0,0,0,0,0,0,0,3,1,1,1,1,42,7,-1,-1,-1,-1,10,E01018295,0,-1
2020161012744,2020,161012744,1,1,0,18,19,5,1,0,0,8,0,0,0,0,1,1,6,6,1,10,2,-1,-1,-1,-1,5,E01013107,0,-1
2020200960022,2020,200960022,2,19,0,18,19,1,5,0,0,1,0,0,0,0,1,1,2,2,1,64,9,-1,-1,-1,-1,7,E01010537,0,-1
2020552100180,2020,552100180,1,9,0,9,9,8,6,0,0,5,0,0,0,0,3,1,6,6,3,-1,-1,-1,-1,-1,-1,-1,-1,0,-1
2020440298822,2020,440298822,1,1,0,9,9,3,1,0,0,8,0,0,0,0,1,1,6,6,1,12,3,-1,-1,-1,-1,1,E01017112,0,-1
2020460944937,2020,460944937,3,9,0,18,19,5,1,0,0,0,0,0,0,0,3,1,6,6,3,-1,-1,-1,-1,-1,-1,-1,-1,0,-1
2020470947797,2020,470947797,2,1,0,17,19,6,4,0,0,8,0,0,0,0,2,1,5,6,1,78,11,-1,-1,-1,-1,10,E01031695,0,-1
2020010245215,2020,010245215,2,1,0,18,19,5,1,0,0,1,0,0,0,0,0,-1,1,1,1,28,6,-1,-1,-1,-1,7,E01004510,0,-1
2020010264198,2020,010264198,1,1,9,99,99,9,9,99,99,0,9,99,9,99,1,1,6,6,2,59,9,-1,-1,-1,-1,3,E01032583,0,-1
2020100927693,2020,100927693,2,1,0,18,19,7,3,4,4,0,5,0,0,0,2,1,5,6,1,33,6,-1,-1,-1,-1,6,E01008177,0,-1
2020421002597,2020,421002597,1,9,0,15,15,7,3,0,0,0,0,0,0,0,1,1,6,6,3,-1,-1,-1,-1,-1,-1,-1,-1,0,-1
2020430058154,2020,430058154,1,9,0,9,9,7,6,0,0,6,0,0,0,0,1,1,1,1,1,47,8,-1,-1,-1,-1,5,E01016212,0,-1
2020400948166,2020,400948166,2,1,0,18,19,8,4,0,0,0,0,0,0,0,1,1,6,6,1,20,4,-1,-1,-1,-1,6,E01017513,0,-1
2020010236012,2020,010236012,1,9,0,5,5,7,3,0,0,2,0,0,0,0,3,1,2,2,1,38,7,-1,-1,-1,-1,2,E01004083,0,-1
2020040929587,2020,040929587,1,9,0,16,19,1,5,0,0,0,1,0,0,0,1,1,5,6,1,73,10,-1,-1,-1,-1,8,E01025322,0,-1
2020200930200,2020,200930200,4,9,0,4,4,4,8,0,0,0,0,11,0,0,0,1,6,6,3,-1,-1,-1,-1,-1,-1,-1,-1,0,-1
2020010239630,2020,010239630,1,1,9,18,19,1,5,0,0,2,5,0,0,99,2,1,1,1,3,31,6,-1,-1,-1,-1,2,E01004403,0,-1
2020010278244,2020,010278244,2,1,0,18,19,5,1,0,0,2,0,0,0,0,4,1,6,6,1,51,8,-1,-1,-1,-1,5,E01000593,0,-1
2020430080584,2020,430080584,2,9,0,18,19,5,1,0,0,0,0,0,0,0,1,1,6,6,1,52,8,-1,-1,-1,-1,9,E01027265,0,-1
2020461011750,2020,461011750,2,20,0,18,19,2,5,0,0,8,0,0,0,0,0,1,6,6,3,-1,-1,-1,-1,-1,-1,-1,-1,0,-1
2020010254477,2020,010254477,1,9,0,9,9,5,4,0,0,5,0,0,0,0,1,1,6,6,3,-1,-1,-1,-1,-1,-1,-1,-1,0,-1
2020140967945,2020,140967945,1,9,0,7,7,3,6,0,0,0,0,0,0,0,1,1,6,6,3,-1,-1,-1,-1,-1,-1,-1,-1,0,-1
2020010259543,2020,010259543,2,1,0,18,19,1,5,0,0,6,0,0,7,0,4,1,6,6,1,17,4,-1,-1,-1,-1,2,E01001754,0,-1
2020520100758,2020,520100758,1,9,0,18,19,8,4,0,0,6,0,0,0,0,1,1,6,6,1,49,8,-1,-1,-1,-1,4,E01029136,0,-1
2020010254721,2020,010254721,2,1,9,99,99,9,9,99,99,9,9,99,9,99,1,1,6,6,1,-1,-1,-1,-1,-1,-1,4,E01001396,0,-1
2020010263405,2020,010263405,1,1,9,99,99,9,9,99,99,9,9,99,9,99,2,1,6,6,1,22,5,-1,-1,-1,-1,6,E01009066,0,-1
2020360938382,2020,360938382,2,9,0,18,19,-1,-1,0,0,0,0,0,0,0,0,1,6,6,2,31,6,-1,-1,-1,-1,7,E01026565,0,-1
2020430302611,2020,430302611,2,9,0,17,19,2,6,0,0,0,0,0,0,0,1,1,6,6,1,-1,-1,-1,-1,-1,-1,9,E01028775,0,-1
2020470930298,2020,470930298,1,8,0,5,5,2,6,0,0,1,0,0,0,0,4,1,1,1,1,40,7,-1,-1,-1,-1,6,E01031601,0,-1
2020360961855,2020,360961855,2,1,0,18,19,8,4,0,0,0,0,0,0,0,4,1,5,6,1,14,3,-1,-1,-1,-1,5,E01026715,0,-1
2020201020796,2020,201020796,2,1,0,18,19,6,1,0,0,4,0,0,0,0,2,1,6,6,1,30,6,-1,-1,-1,-1,1,E01010478,0,-1
2020450949856,2020,450949856,1,1,0,18,19,3,1,0,0,1,2,0,0,0,0,1,5,6,1,49,8,-1,-1,-1,-1,9,E01030298,0,-1
2020460982777,2020,460982777,2,1,0,18,19,1,5,0,0,1,0,0,0,0,3,1,6,6,1,39,7,-1,-1,-1,-1,10,E01024146,0,-1
2020471000464,2020,471000464,2,9,0,2,2,0,0,0,0,0,0,0,0,0,1,1,6,6,3,-1,-1,-1,-1,-1,-1,-1,-1,0,-1
202060Y040414,2020,60Y040414,1,9,0,5,5,3,7,0,0,2,0,4,0,0,4,1,6,6,1,79,11,-1,-1,-1,-1,-1,-1,0,-1
20201378J0777,2020,1378J0777,2,1,0,18,19,3,1,0,0,1,0,0,0,0,3,1,6,6,1,55,8,-1,-1,-1,-1,-1,-1,0,-1
2020200928652,2020,200928652,2,9,0,18,19,1,5,0,0,8,1,10,7,0,1,1,6,6,2,49,8,-1,-1,-1,-1,4,E01009231,0,-1
2020470976910,2020,470976910,5,9,0,2,2,0,0,0,0,2,0,0,0,0,1,1,6,6,3,-1,-1,-1,-1,-1,-1,-1,-1,0,-1
2020100930724,2020,100930724,1,90,0,18,19,1,5,0,0,0,0,0,0,0,1,1,6,6,2,-1,-1,-1,-1,-1,-1,-1,-1,0,-1
2020010253293,2020,010253293,2,9,0,99,99,9,9,99,99,9,9,99,9,99,1,9,6,6,3,-1,-1,-1,-1,-1,-1,-1,-1,0,-1
2020470970866,2020,470970866,3,9,0,18,19,3,7,0,0,0,0,0,0,0,0,1,6,6,3,-1,-1,-1,-1,-1,-1,-1,-1,0,-1