collision_index,collision_year,collision_ref_no,vehicle_reference,vehicle_type,towing_and_articulation,vehicle_manoeuvre_historic,vehicle_manoeuvre,vehicle_direction_from,vehicle_direction_to,vehicle_location_restricted_lane_historic,vehicle_location_restricted_lane,junction_location,skidding_and_overturning,hit_object_in_carriageway,vehicle_leaving_carriageway,hit_object_off_carriageway,first_point_of_impact,vehicle_left_hand_drive,journey_purpose_of_driver_historic,journey_purpose_of_driver,sex_of_driver,age_of_driver,age_band_of_driver,engine_capacity_cc,propulsion_code,age_of_vehicle,generic_make_model,driver_imd_decile,lsoa_of_driver,escooter_flag,driver_distance_banding
2020010259987,2020,010259987,2,9,0,99,99,9,9,99,99,0,9,99,9,99,9,1,6,6,3,-1,-1,-1,-1,-1,-1,-1,-1,0,-1
2020010253124,2020,010253124,1,1,9,99,99,9,9,99,99,0,9,99,9,99,1,1,6,6,1,51,8,-1,-1,-1,-1,2,E01000863,0,-1
2020420980406,2020,420980406,2,1,0,18,19,1,5,0,0,1,0,0,0,0,1,1,6,6,1,65,9,-1,-1,-1,-1,9,E01021619,0,-1
2020622000498,2020,622000498,1,1,0,18,19,7,3,0,0,4,0,0,0,0,1,1,6,6,1,40,7,-1,-1,-1,-1,1,W01001095,0,-1
2020030931388,2020,030931388,1,9,0,5,5,8,3,0,0,6,0,0,0,0,1,1,6,6,1,-1,-1,-1,-1,-1,-1,-1,-1,0,-1
2020430122064,2020,430122064,1,9,0,9,9,2,8,0,0,6,0,10,0,0,1,1,6,6,3,-1,-1,-1,-1,-1,-1,-1,-1,0,-1
20201379F0522,2020,1379F0522,3,1,0,18,19,7,4,5,5,8,0,0,0,0,1,1,2,2,2,52,8,-1,-1,-1,-1,10,E01011452,0,-1
2020430090499,2020,430090499,1,1,0,14,14,2,6,0,0,0,0,0,0,0,1,1,4,7,1,14,3,-1,-1,-1,-1,4,E01016400,0,-1
202031A177920,2020,31A177920,1,9,0,18,19,4,8,0,0,3,0,0,0,0,1,1,6,6,3,-1,-1,-1,-1,-1,-1,-1,-1,0,-1
2020100967829,2020,100967829,2,11,0,4,4,5,1,0,0,1,0,0,0,0,0,1,1,1,1,52,8,-1,-1,-1,-1,3,E01020593,0,-1
2020350930927,2020,350930927,1,9,0,18,19,2,1,0,0,0,1,0,0,0,1,1,1,1,1,53,8,-1,-1,-1,-1,5,E01030185,0,-1
2020010249230,2020,010249230,3,4,0,18,19,8,4,0,0,1,0,0,0,0,1,-1,6,6,3,-1,-1,-1,-1,-1,-1,-1,-1,0,-1
2020160925205,2020,160925205,1,9,0,18,19,3,7,0,0,0,0,2,1,1,1,1,5,6,1,22,5,-1,-1,-1,-1,8,E01013101,0,-1
2020320390827,2020,320390827,2,1,0,18,19,3,7,0,0,1,0,0,0,0,3,1,6,6,1,63,9,-1,-1,-1,-1,2,E01001734,0,-1
20201377D1134,2020,1377D1134,1,9,0,18,19,1,5,0,0,0,0,0,0,0,1,1,6,6,2,34,6,-1,-1,-1,-1,2,E01011759,0,-1
2020140924843,2020,140924843,2,22,0,18,19,8,4,0,0,1,0,0,0,0,1,1,6,6,1,48,8,-1,-1,-1,-1,1,E01007511,0,-1
2020610041820,2020,610041820,2,9,0,2,2,8,5,0,0,3,0,0,0,0,2,1,6,6,3,-1,-1,-1,-1,-1,-1,-1,-1,0,-1
2020440320914,2020,440320914,2,9,0,18,19,6,2,0,0,1,0,0,0,0,1,1,6,6,3,-1,-1,-1,-1,-1,-1,-1,-1,0,-1
2020332000310,2020,332000310,1,9,0,18,19,7,3,0,0,0,0,0,7,4,1,1,6,6,2,20,4,-1,-1,-1,-1,6,E01025824,0,-1
2020030986876,2020,030986876,1,90,0,18,19,3,7,0,0,0,0,0,0,0,3,1,1,1,1,58,9,-1,-1,-1,-1,-1,-1,0,-1
2020140999931,2020,140999931,2,98,0,-1,-1,-1,-1,-1,-1,0,-1,-1,-1,0,-1,1,6,6,3,-1,-1,-1,-1,-1,-1,-1,-1,0,-1
2020440320463,2020,440320463,2,1,0,18,19,6,2,0,0,8,0,0,0,0,1,1,6,6,1,20,4,-1,-1,-1,-1,1,E01017036,0,-1
2020010256304,2020,010256304,1,1,9,18,19,8,4,0,0,2,5,0,0,99,3,1,6,6,1,63,9,-1,-1,-1,-1,7,E01000139,0,-1
2020401020382,2020,401020382,1,90,0,10,10,1,7,0,0,8,0,0,0,0,3,1,6,6,3,-1,-1,-1,-1,-1,-1,-1,-1,0,-1
202063D038120,2020,63D038120,1,90,4,18,19,5,1,0,0,4,1,0,0,0,1,1,1,1,1,30,6,-1,-1,-1,-1,3,E01009930,0,-1
2020520005102,2020,520005102,1,9,0,18,19,8,4,0,0,0,2,0,1,0,0,1,6,6,1,22,5,-1,-1,-1,-1,8,E01032102,0,-1
2020010267524,2020,010267524,1,1,0,18,19,7,3,4,4,0,1,0,0,0,4,1,6,6,1,15,3,-1,-1,-1,-1,2,E01004539,0,-1
2020010256986,2020,010256986,1,1,9,99,99,9,9,99,99,9,9,99,9,99,9,1,6,6,1,47,8,-1,-1,-1,-1,1,E01001765,0,-1
2020360991594,2020,360991594,2,1,0,16,19,3,5,0,0,0,0,0,0,0,0,1,5,6,2,61,9,-1,-1,-1,-1,5,E01026501,0,-1
2020440335162,2020,440335162,1,9,0,5,5,2,6,0,0,8,0,0,0,0,1,1,6,6,1,66,10,-1,-1,-1,-1,10,E01022749,0,-1
2020010271498,2020,010271498,1,9,0,18,19,1,5,0,0,1,0,0,0,0,4,1,6,6,3,-1,-1,-1,-1,-1,-1,-1,-1,0,-1
2020010238368,2020,010238368,1,9,0,18,19,-1,-1,0,0,0,0,0,0,0,2,1,6,6,3,-1,-1,-1,-1,-1,-1,-1,-1,0,-1
2020200981544,2020,200981544,1,1,0,18,19,1,5,9,9,8,0,0,0,0,1,1,6,6,1,51,8,-1,-1,-1,-1,7,E01009898,0,-1
2020542819420,2020,542819420,1,9,0,1,1,7,3,0,0,0,0,0,0,0,2,1,6,6,1,40,7,-1,-1,-1,-1,-1,-1,0,-1
2020031011691,2020,031011691,2,9,0,18,19,7,3,0,0,1,0,0,7,9,1,1,5,6,2,48,8,-1,-1,-1,-1,6,E01019083,0,-1
2020332000846,2020,332000846,2,9,0,7,7,3,5,0,0,4,0,0,0,0,1,1,2,2,1,32,6,-1,-1,-1,-1,1,E01013675,0,-1
2020420971276,2020,420971276,1,9,0,3,3,7,3,0,0,0,0,0,0,0,2,1,6,6,3,-1,-1,-1,-1,-1,-1,-1,-1,0,-1
2020432003992,2020,432003992,1,21,1,11,11,4,8,0,0,0,0,0,0,0,4,2,1,1,1,49,8,-1,-1,-1,-1,-1,-1,0,-1
2020500921838,2020,500921838,2,1,0,7,7,4,8,0,0,1,0,0,0,0,2,1,6,6,2,57,9,-1,-1,-1,-1,7,E01018889,0,-1
2020010273211,2020,010273211,2,1,9,99,99,9,9,99,99,9,9,99,9,99,1,1,6,6,1,-1,-1,-1,-1,-1,-1,-1,-1,0,-1
2020010270156,2020,010270156,2,9,0,99,99,9,9,99,99,2,9,99,9,99,2,9,6,6,3,30,6,-1,-1,-1,-1,-1,-1,0,-1
2020161008209,2020,161008209,2,1,0,18,19,8,4,0,0,0,0,11,0,0,1,1,4,7,1,13,3,-1,-1,-1,-1,6,E01012953,0,-1
20201372M1616,2020,1372M1616,1,4,0,18,19,8,4,0,0,0,0,0,0,0,1,1,6,6,1,38,7,-1,-1,-1,-1,-1,-1,0,-1
2020122001033,2020,122001033,2,9,0,18,19,5,1,0,0,0,0,0,0,0,0,1,6,6,3,-1,-1,-1,-1,-1,-1,-1,-1,0,-1
2020470989630,2020,470989630,2,1,0,18,19,8,4,0,0,1,0,0,0,0,1,1,6,6,1,58,9,-1,-1,-1,-1,6,E01031604,0,-1
2020420963198,2020,420963198,1,9,0,9,9,1,7,0,0,2,0,0,0,0,3,1,6,6,3,-1,-1,-1,-1,-1,-1,-1,-1,0,-1
2020010272976,2020,010272976,2,1,0,9,9,4,2,0,0,4,0,0,0,0,1,1,6,6,1,23,5,-1,-1,-1,-1,8,E01004507,0,-1
2020470963386,2020,470963386,2,1,0,18,19,7,3,0,0,8,0,0,0,0,4,1,6,6,1,20,4,-1,-1,-1,-1,7,E01020943,0,-1
2020500956157,2020,500956157,1,9,0,7,7,1,3,0,0,8,1,0,1,4,1,1,5,6,1,16,4,-1,-1,-1,-1,4,E01020012,0,-1
2020040967135,2020,040967135,2,9,0,2,2,0,0,9,9,2,0,0,0,0,2,1,6,6,3,-1,-1,-1,-1,-1,-1,-1,-1,0,-1
2020201020873,2020,201020873,2,2,0,7,7,2,6,0,0,8,0,0,0,0,0,1,1,1,1,27,6,-1,-1,-1,-1,1,E01009718,0,-1
2020010267650,2020,010267650,1,1,9,99,99,9,9,99,99,9,9,99,9,99,9,1,6,6,1,31,6,-1,-1,-1,-1,2,E01001748,0,-1
202060Y136178,2020,60Y136178,2,1,0,9,9,6,4,0,0,5,0,0,0,0,3,1,2,2,1,31,6,-1,-1,-1,-1,-1,-1,0,-1
202060Y003514,2020,60Y003514,1,9,0,18,19,6,2,0,0,1,0,0,0,0,4,1,6,6,3,-1,-1,-1,-1,-1,-1,-1,-1,0,-1
2020332000716,2020,332000716,4,9,0,4,4,2,6,0,0,0,0,0,0,0,2,1,6,6,1,39,7,-1,-1,-1,-1,1,E01013653,0,-1
2020332000870,2020,332000870,2,9,0,7,7,3,5,0,0,6,0,0,0,0,1,1,6,6,1,67,10,-1,-1,-1,-1,5,E01013689,0,-1
2020200995474,2020,200995474,3,9,0,18,19,8,4,0,0,0,0,0,0,0,0,1,6,6,3,-1,-1,-1,-1,-1,-1,-1,-1,0,-1
2020522003382,2020,522003382,3,19,0,2,2,0,0,0,0,0,0,0,0,0,3,1,6,6,1,26,6,-1,-1,-1,-1,10,E01014932,0,-1
2020010281750,2020,010281750,1,19,0,9,9,2,8,0,0,4,0,0,0,0,1,1,6,6,3,-1,-1,-1,-1,-1,-1,-1,-1,0,-1
2020110989445,2020,110989445,2,19,0,2,2,0,0,0,0,2,0,0,0,0,3,1,6,6,3,-1,-1,-1,-1,-1,-1,-1,-1,0,-1
20201378O0374,2020,1378O0374,2,9,0,9,9,2,6,0,0,8,0,0,0,0,1,1,1,1,1,57,9,-1,-1,-1,-1,7,E01011402,0,-1
2020451005649,2020,451005649,2,9,0,2,2,3,7,0,0,0,0,0,1,11,2,1,6,6,3,-1,-1,-1,-1,-1,-1,-1,-1,0,-1
2020140963119,2020,140963119,3,9,0,18,19,1,5,0,0,0,1,0,0,0,1,1,6,6,1,19,4,-1,-1,-1,-1,6,E01007521,0,-1
2020990965421,2020,990965421,1,1,0,18,19,8,3,0,0,0,0,0,0,0,0,1,6,6,1,24,5,-1,-1,-1,-1,10,-1,0,-1
2020010247806,2020,010247806,2,1,0,18,19,4,8,0,0,8,0,0,0,0,1,1,6,6,1,37,7,-1,-1,-1,-1,3,E01003491,0,-1
2020470951608,2020,470951608,2,1,0,18,19,1,5,9,9,1,5,0,0,0,4,1,6,6,1,4,1,-1,-1,-1,-1,4,E01031786,0,-1
2020070395903,2020,070395903,2,1,0,18,19,8,4,0,0,0,0,0,0,0,1,1,6,6,1,60,9,-1,-1,-1,-1,6,E01012512,0,-1
2020990954598,2020,990954598,1,9,0,9,9,8,6,0,0,4,0,0,0,0,4,1,1,1,1,44,7,-1,-1,-1,-1,5,-1,0,-1
2020522100467,2020,522100467,3,9,0,18,19,8,4,0,0,8,0,0,0,0,3,1,6,6,2,21,5,-1,-1,-1,-1,4,E01014587,0,-1
20201377C1828,2020,1377C1828,2,19,0,9,9,6,4,0,0,8,0,0,0,0,3,1,6,6,1,28,6,-1,-1,-1,-1,1,E01011912,0,-1
2020010282014,2020,010282014,1,1,9,99,99,9,9,99,99,9,9,99,9,99,1,1,2,2,1,43,7,-1,-1,-1,-1,3,E01001171,0,-1
2020420963979,2020,420963979,1,9,0,15,15,1,3,0,0,4,0,0,0,0,1,1,6,6,1,-1,-1,-1,-1,-1,-1,-1,-1,0,-1
2020990993209,2020,990993209,1,1,0,14,14,8,6,0,0,1,0,0,0,0,1,1,5,6,1,26,6,-1,-1,-1,-1,6,-1,0,-1
2020430214986,2020,430214986,1,9,0,18,19,5,1,0,0,8,0,0,0,0,0,1,6,6,3,-1,-1,-1,-1,-1,-1,-1,-1,0,-1
2020010273039,2020,010273039,1,1,0,99,99,9,9,0,0,0,0,0,0,0,9,1,6,6,2,29,6,-1,-1,-1,-1,6,E01004481,0,-1
2020430322177,2020,430322177,1,22,0,18,19,6,2,0,0,8,0,0,0,0,1,1,6,6,1,28,6,-1,-1,-1,-1,5,E01016390,0,-1
2020332001020,2020,332001020,2,9,0,2,2,0,0,0,0,0,0,0,0,0,3,1,1,1,1,54,8,-1,-1,-1,-1,7,E01025937,0,-1
2020041009005,2020,041009005,1,98,0,18,19,2,6,0,0,4,0,0,0,0,1,2,5,6,1,51,8,-1,-1,-1,-1,-1,-1,0,-1
2020531004488,2020,531004488,2,1,0,18,19,5,1,0,0,1,5,0,0,0,1,1,6,6,1,15,3,-1,-1,-1,-1,6,E01022383,0,-1
2020430309776,2020,430309776,1,9,0,18,19,4,8,0,0,0,0,0,0,0,1,1,6,6,2,-1,-1,-1,-1,-1,-1,-1,-1,0,-1
2020010231264,2020,010231264,2,1,0,18,19,5,1,0,0,8,0,0,0,0,1,-1,1,1,1,20,4,-1,-1,-1,-1,3,E01002043,0,-1
202031C046020,2020,31C046020,1,1,0,12,12,5,1,0,0,1,0,0,0,0,3,1,2,2,2,59,9,-1,-1,-1,-1,9,E01028386,0,-1
2020430021814,2020,430021814,2,1,0,17,19,7,4,0,0,8,0,0,0,0,1,1,2,2,1,19,4,-1,-1,-1,-1,10,E01028461,0,-1
2020471002238,2020,471002238,1,9,0,9,9,4,2,0,0,8,0,0,0,0,1,1,6,6,3,-1,-1,-1,-1,-1,-1,-1,-1,0,-1
2020010247810,2020,010247810,2,1,0,18,19,5,1,0,0,2,0,0,0,0,1,1,6,6,1,35,6,-1,-1,-1,-1,7,E01003854,0,-1
2020320149822,2020,320149822,2,1,0,18,19,1,5,9,9,0,0,0,0,0,1,1,6,6,1,11,3,-1,-1,-1,-1,2,E01026006,0,-1
2020200988009,2020,200988009,1,9,0,18,19,1,5,0,0,8,0,0,0,0,1,1,6,6,1,53,8,-1,-1,-1,-1,9,E01009787,0,-1
2020990932619,2020,990932619,1,9,0,9,9,7,4,0,0,4,0,0,0,0,1,1,6,6,1,54,8,-1,-1,-1,-1,-1,-1,0,-1
2020010233936,2020,010233936,1,1,0,18,19,7,3,0,0,8,0,0,0,0,4,-1,6,6,1,32,6,-1,-1,-1,-1,7,E01003815,0,-1
2020070222024,2020,070222024,1,9,0,18,19,6,2,0,0,0,0,0,0,0,1,1,6,6,3,-1,-1,-1,-1,-1,-1,-1,-1,0,-1
2020010246283,2020,010246283,3,9,0,3,3,5,1,0,0,1,0,0,0,0,0,1,2,2,2,40,7,-1,-1,-1,-1,4,E01033589,0,-1
2020137260559,2020,137260559,1,21,1,4,4,5,1,0,0,0,0,0,0,0,2,2,1,1,1,31,6,-1,-1,-1,-1,-1,-1,0,-1
2020210996312,2020,210996312,1,9,0,18,19,-1,-1,0,0,0,0,0,0,0,0,1,6,6,3,-1,-1,-1,-1,-1,-1,-1,-1,0,-1
2020440468355,2020,440468355,1,21,4,5,5,7,3,0,0,8,0,0,0,0,4,1,1,1,1,63,9,-1,-1,-1,-1,5,E01020530,0,-1
2020010272730,2020,010272730,1,5,0,18,19,6,2,0,0,1,0,0,0,0,1,1,6,6,1,40,7,-1,-1,-1,-1,3,E01001169,0,-1
2020010277939,2020,010277939,2,9,0,99,99,9,9,0,0,8,0,0,0,0,3,9,6,6,3,-1,-1,-1,-1,-1,-1,-1,-1,0,-1
2020010273325,2020,010273325,2,1,0,13,13,3,7,0,0,0,0,0,0,0,1,1,6,6,2,32,6,-1,-1,-1,-1,4,E01004631,0,-1
2020470930151,2020,470930151,2,1,0,18,19,4,8,0,0,8,0,0,0,0,4,1,6,6,1,25,5,-1,-1,-1,-1,2,E01016941,0,-1
2020122001019,2020,122001019,2,9,0,18,19,8,4,0,0,5,0,0,0,0,4,1,6,6,3,-1,-1,-1,-1,-1,-1,-1,-1,0,-1
2020010273292,2020,010273292,1,1,9,99,99,9,9,99,99,9,9,99,9,99,9,1,2,2,1,27,6,-1,-1,-1,-1,2,E01001719,0,-1
2020040957165,2020,040957165,2,1,0,18,19,7,3,0,0,8,0,0,0,0,1,1,5,6,2,67,10,-1,-1,-1,-1,9,E01025601,0,-1
2020370965075,2020,370965075,2,9,0,18,19,4,8,0,0,2,0,0,0,0,1,1,2,2,1,35,6,-1,-1,-1,-1,2,E01029996,0,-1
2020220981471,2020,220981471,2,16,0,7,7,1,3,0,0,6,0,0,0,0,0,1,1,1,1,53,8,-1,-1,-1,-1,5,E01014001,0,-1
2020030997981,2020,030997981,1,9,0,18,19,-1,-1,0,0,0,0,0,0,0,1,1,6,6,3,-1,-1,-1,-1,-1,-1,-1,-1,0,-1
2020010258562,2020,010258562,2,1,0,17,19,7,3,0,0,8,0,0,0,0,1,1,6,6,1,33,6,-1,-1,-1,-1,8,E01003470,0,-1
2020101010224,2020,101010224,1,9,0,6,6,3,7,0,0,8,0,0,0,0,1,1,6,6,1,-1,-1,-1,-1,-1,-1,-1,-1,0,-1
2020010281946,2020,010281946,2,9,0,18,19,5,1,0,0,1,0,0,0,0,0,1,1,1,1,41,7,-1,-1,-1,-1,4,E01001484,0,-1
2020010252988,2020,010252988,2,1,0,18,19,7,3,0,0,2,0,0,0,0,3,1,2,2,1,57,9,-1,-1,-1,-1,-1,-1,0,-1
2020500989017,2020,500989017,2,1,0,18,19,5,1,0,0,1,0,0,0,0,1,1,5,6,1,53,8,-1,-1,-1,-1,8,E01015098,0,-1
2020100967280,2020,100967280,3,9,0,2,2,7,3,0,0,2,0,0,0,0,3,1,6,6,3,-1,-1,-1,-1,-1,-1,-1,-1,0,-1
2020332000741,2020,332000741,3,9,0,2,2,0,0,0,0,0,0,0,0,0,2,1,6,6,1,37,7,-1,-1,-1,-1,1,E01013723,0,-1
2020040966515,2020,040966515,2,9,0,18,19,3,7,0,0,8,0,0,0,0,1,1,5,6,2,29,6,-1,-1,-1,-1,10,E01025015,0,-1
2020530959956,2020,530959956,2,1,0,18,19,1,3,0,0,8,0,0,0,0,2,1,5,6,1,50,8,-1,-1,-1,-1,10,E01022431,0,-1
202060Y020587,2020,60Y020587,1,9,0,18,19,6,2,0,0,8,0,0,0,0,1,1,6,6,2,64,9,-1,-1,-1,-1,-1,-1,0,-1
2020302000721,2020,302000721,2,9,0,4,4,4,8,0,0,1,0,0,1,0,2,1,6,6,1,71,10,-1,-1,-1,-1,5,E01019883,0,-1
2020010253061,2020,010253061,1,1,0,15,15,7,3,0,0,1,0,0,0,0,1,-1,6,6,1,32,6,-1,-1,-1,-1,4,E01004142,0,-1
2020410919795,2020,410919795,1,1,0,18,19,1,5,0,0,8,0,0,0,0,2,1,2,2,1,46,8,-1,-1,-1,-1,10,E01023714,0,-1
2020990950190,2020,990950190,2,1,0,9,9,8,6,0,0,6,0,0,0,0,1,1,5,6,2,11,3,-1,-1,-1,-1,-1,-1,0,-1
2020350930811,2020,350930811,1,9,0,9,9,2,7,0,0,5,0,0,0,0,-1,1,6,6,2,-1,-1,-1,-1,-1,-1,-1,-1,0,-1
20201372E0502,2020,1372E0502,2,9,0,7,7,5,7,0,0,5,0,0,0,0,3,1,6,6,1,-1,-1,-1,-1,-1,-1,-1,-1,0,-1
2020460968402,2020,460968402,1,1,0,18,19,6,3,0,0,0,0,0,0,0,1,1,6,6,1,40,7,-1,-1,-1,-1,2,E01016161,0,-1
2020500986216,2020,500986216,2,1,0,18,19,6,8,0,0,8,1,0,0,0,1,1,6,6,1,32,6,-1,-1,-1,-1,1,E01018910,0,-1
2020332000072,2020,332000072,1,9,0,18,19,5,1,0,0,8,0,0,0,0,3,1,6,6,2,28,6,-1,-1,-1,-1,8,E01032598,0,-1
2020440002627,2020,440002627,2,9,0,17,19,8,7,0,0,8,0,0,0,0,4,1,2,2,2,25,5,-1,-1,-1,-1,4,E01017308,0,-1
2020010280914,2020,010280914,2,-1,0,18,19,8,4,0,0,1,0,0,0,0,1,1,6,6,2,18,4,-1,-1,-1,-1,2,E01003256,1,-1
2020100947439,2020,100947439,2,1,0,18,19,7,3,0,0,4,0,0,0,0,1,1,5,6,1,28,6,-1,-1,-1,-1,-1,-1,0,-1
2020471003024,2020,471003024,1,9,0,18,19,4,7,0,0,1,0,0,0,0,4,1,6,6,3,-1,-1,-1,-1,-1,-1,-1,-1,0,-1
2020010235067,2020,010235067,2,9,0,99,99,9,9,99,99,9,9,99,9,99,1,9,6,6,3,-1,-1,-1,-1,-1,-1,8,E01000967,0,-1
2020320026402,2020,320026402,1,9,0,17,19,1,5,0,0,0,0,0,1,11,1,1,6,6,2,18,4,-1,-1,-1,-1,8,E01026296,0,-1
2020160944698,2020,160944698,1,1,0,4,4,7,3,0,0,0,0,0,0,0,3,1,6,6,1,47,8,-1,-1,-1,-1,1,E01012887,0,-1
2020990965482,2020,990965482,2,1,0,18,19,7,3,0,0,1,0,0,0,0,1,1,6,6,1,42,7,-1,-1,-1,-1,10,-1,0,-1
2020450961574,2020,450961574,1,1,0,11,11,1,5,0,0,4,5,0,0,0,4,1,5,6,1,69,10,-1,-1,-1,-1,9,E01030672,0,-1
2020122001042,2020,122001042,1,1,0,18,19,6,2,0,0,0,1,0,0,0,3,1,6,6,1,47,8,-1,-1,-1,-1,5,E01012343,0,-1
2020010269935,2020,010269935,2,9,0,99,99,9,9,99,99,9,9,99,9,99,2,9,6,6,3,-1,-1,-1,-1,-1,-1,3,E01002429,0,-1
2020610028720,2020,610028720,2,9,0,18,19,7,3,0,0,1,0,0,0,0,1,1,2,2,2,39,7,-1,-1,-1,-1,3,W01001460,0,-1
2020220981398,2020,220981398,2,17,0,18,19,8,4,0,0,0,0,0,0,0,0,1,1,1,3,34,6,-1,-1,-1,-1,-1,-1,0,-1
2020990932890,2020,990932890,1,19,0,18,19,5,2,0,0,0,0,0,0,0,3,1,5,6,1,62,9,-1,-1,-1,-1,-1,-1,0,-1
2020530993286,2020,530993286,2,1,0,13,13,4,8,0,0,1,0,0,0,0,1,1,2,2,1,35,6,-1,-1,-1,-1,4,E01022428,0,-1
2020010272373,2020,010272373,1,9,0,99,99,9,9,99,99,9,9,99,9,99,9,9,6,6,3,-1,-1,-1,-1,-1,-1,-1,-1,0,-1
2020010251390,2020,010251390,2,9,0,18,19,7,3,0,0,0,0,0,0,0,1,1,6,6,3,-1,-1,-1,-1,-1,-1,-1,-1,0,-1
2020200982875,2020,200982875,2,23,0,6,6,-1,-1,0,0,1,0,0,0,0,4,1,6,6,2,57,9,-1,-1,-1,-1,4,E01009894,0,-1
2020430181366,2020,430181366,1,4,0,18,19,3,7,0,0,8,0,0,0,0,1,1,6,6,1,-1,-1,-1,-1,-1,-1,-1,-1,0,-1
20201371B1739,2020,1371B1739,1,9,0,18,19,7,3,0,0,0,0,0,0,0,1,1,6,6,1,21,5,-1,-1,-1,-1,1,E01010832,0,-1
2020010284739,2020,010284739,2,9,0,99,99,9,9,99,99,2,9,99,9,99,9,9,6,6,3,52,8,-1,-1,-1,-1,3,E01002308,0,-1
2020370986024,2020,370986024,2,1,0,18,19,2,8,0,0,8,0,0,0,0,1,1,2,2,1,16,4,-1,-1,-1,-1,2,E01029996,0,-1
2020440346506,2020,440346506,1,1,0,16,19,1,4,0,0,0,0,0,0,0,0,1,6,6,2,69,10,-1,-1,-1,-1,8,E01022792,0,-1
2020030961237,2020,030961237,1,9,0,18,19,3,7,0,0,0,0,0,0,0,1,1,5,6,1,79,11,-1,-1,-1,-1,3,E01019184,0,-1
2020030954596,2020,030954596,3,9,0,2,2,0,0,0,0,0,0,0,0,0,4,1,6,6,1,48,8,-1,-1,-1,-1,1,E01019139,0,-1
2020137CO0748,2020,137CO0748,1,90,0,18,19,7,3,0,0,1,0,0,0,0,1,1,6,6,1,9,2,-1,-1,-1,-1,4,E01011546,0,-1
2020332000308,2020,332000308,2,9,0,2,2,0,0,0,0,1,0,0,0,0,4,1,6,6,2,56,9,-1,-1,-1,-1,8,E01025830,0,-1
2020430015126,2020,430015126,1,9,0,18,19,4,8,0,0,1,0,0,0,0,3,1,6,6,1,-1,-1,-1,-1,-1,-1,-1,-1,0,-1
2020430280759,2020,430280759,2,9,0,7,7,1,4,0,0,6,0,0,0,0,1,1,6,6,1,-1,-1,-1,-1,-1,-1,-1,-1,0,-1
2020432003223,2020,432003223,2,1,0,18,19,8,4,0,0,0,0,0,0,0,3,1,6,6,1,31,6,-1,-1,-1,-1,6,E01016817,0,-1
2020201019926,2020,201019926,1,9,0,9,9,8,6,0,0,6,0,0,0,0,1,1,6,6,3,-1,-1,-1,-1,-1,-1,-1,-1,0,-1
2020440120012,2020,440120012,1,1,0,18,19,7,3,0,0,0,0,0,0,0,1,1,6,6,1,19,4,-1,-1,-1,-1,5,E01017027,0,-1
20201371U0927,2020,1371U0927,1,9,0,18,19,3,7,0,0,0,0,0,0,0,1,1,6,6,1,20,4,-1,-1,-1,-1,8,E01010901,0,-1
2020990956499,2020,990956499,2,9,0,15,15,3,7,0,0,0,0,0,0,0,3,1,6,6,1,40,7,-1,-1,-1,-1,-1,-1,0,-1
2020450967322,2020,450967322,1,1,0,17,19,7,3,0,0,0,1,0,1,0,0,1,5,6,1,42,7,-1,-1,-1,-1,10,E01030831,0,-1
2020211009965,2020,211009965,2,1,-1,-1,-1,8,3,-1,-1,-1,-1,-1,-1,0,-1,1,6,6,1,62,9,-1,-1,-1,-1,10,E01010550,0,-1
202006J277995,2020,06J277995,1,11,0,4,4,6,2,2,2,0,0,0,0,0,3,1,1,1,1,33,6,-1,-1,-1,-1,1,E01006031,0,-1
202017S217602,2020,17S217602,2,19,0,18,19,3,2,0,0,8,0,0,0,0,3,1,6,6,1,61,9,-1,-1,-1,-1,9,E01012003,0,-1
202060Y128227,2020,60Y128227,2,9,0,18,19,3,7,0,0,1,1,0,7,10,3,1,6,6,2,31,6,-1,-1,-1,-1,-1,-1,0,-1
2020400957465,2020,400957465,2,1,0,18,19,8,4,5,5,2,0,0,0,0,3,1,6,6,1,42,7,-1,-1,-1,-1,5,E01017497,0,-1
2020470965399,2020,470965399,2,1,0,16,19,1,4,0,0,0,0,0,0,0,1,1,6,6,2,54,8,-1,-1,-1,-1,5,E01016991,0,-1
2020040925500,2020,040925500,1,9,0,18,19,7,3,0,0,0,0,11,1,0,1,1,6,6,2,30,6,-1,-1,-1,-1,-1,-1,0,-1
2020351010450,2020,351010450,1,21,0,18,19,3,3,0,0,0,0,0,0,0,3,1,1,1,3,-1,-1,-1,-1,-1,-1,-1,-1,0,-1
2020010257506,2020,010257506,2,9,0,99,99,9,9,99,99,9,9,99,9,99,1,9,6,6,3,-1,-1,-1,-1,-1,-1,-1,-1,0,-1
2020622000405,2020,622000405,1,8,0,18,19,4,8,0,0,1,0,0,0,0,4,1,1,1,1,24,5,-1,-1,-1,-1,3,W01001816,0,-1
2020370964330,2020,370964330,2,1,0,18,19,2,6,0,0,0,0,0,0,0,2,1,6,6,1,16,4,-1,-1,-1,-1,7,E01030007,0,-1
2020010250127,2020,010250127,1,1,9,99,99,9,9,99,99,9,9,99,9,99,9,1,6,6,1,42,7,-1,-1,-1,-1,2,E01000501,0,-1
2020361000746,2020,361000746,2,1,0,18,19,1,5,0,0,8,5,0,0,0,4,1,2,2,1,-1,-1,-1,-1,-1,-1,1,E01026833,0,-1
2020010255736,2020,010255736,2,9,0,99,99,9,9,99,99,9,9,99,9,99,4,9,6,6,3,-1,-1,-1,-1,-1,-1,-1,-1,0,-1
2020400994180,2020,400994180,2,9,0,5,5,6,2,0,0,4,0,0,0,0,1,1,2,2,2,32,6,-1,-1,-1,-1,3,E01015757,0,-1
2020552000109,2020,552000109,2,1,0,18,19,2,6,4,4,1,0,0,0,0,0,1,2,2,1,46,8,-1,-1,-1,-1,5,E01020353,0,-1
2020471002799,2020,471002799,2,1,0,18,19,8,4,0,0,8,0,0,0,0,2,1,2,2,1,49,8,-1,-1,-1,-1,7,E01031417,0,-1
2020320653749,2020,320653749,1,9,0,18,19,5,1,0,0,0,0,0,0,0,3,1,6,6,3,40,7,-1,-1,-1,-1,-1,-1,0,-1
2020070244909,2020,070244909,2,1,0,9,9,3,6,0,0,4,0,9,0,0,1,1,6,6,1,33,6,-1,-1,-1,-1,9,E01012568,0,-1