collision_index,collision_year,collision_ref_no,vehicle_reference,vehicle_type,towing_and_articulation,vehicle_manoeuvre_historic,vehicle_manoeuvre,vehicle_direction_from,vehicle_direction_to,vehicle_location_restricted_lane_historic,vehicle_location_restricted_lane,junction_location,skidding_and_overturning,hit_object_in_carriageway,vehicle_leaving_carriageway,hit_object_off_carriageway,first_point_of_impact,vehicle_left_hand_drive,journey_purpose_of_driver_historic,journey_purpose_of_driver,sex_of_driver,age_of_driver,age_band_of_driver,engine_capacity_cc,propulsion_code,age_of_vehicle,generic_make_model,driver_imd_decile,lsoa_of_driver,escooter_flag,driver_distance_banding
2020440344118,2020,440344118,2,9,0,18,19,6,2,0,0,8,0,0,0,0,3,1,6,6,1,34,6,-1,-1,-1,-1,10,E01031502,0,-1
2020010271575,2020,010271575,2,8,0,3,3,3,7,0,0,9,0,99,9,0,2,1,6,6,3,-1,-1,-1,-1,-1,-1,-1,-1,0,-1
2020470967505,2020,470967505,2,5,0,3,3,6,2,0,0,0,0,0,0,0,2,1,6,6,1,19,4,-1,-1,-1,-1,5,E01031426,0,-1
202006M170736,2020,06M170736,1,1,0,18,19,5,1,0,0,1,0,0,0,0,3,1,1,1,2,8,2,-1,-1,-1,-1,8,E01006131,0,-1
2020010286599,2020,010286599,3,9,0,18,19,3,7,0,0,8,0,0,0,0,3,1,6,6,1,43,7,-1,-1,-1,-1,3,E01003525,0,-1
2020450928947,2020,450928947,2,90,5,18,19,-1,-1,0,0,0,0,0,0,0,0,1,6,6,3,-1,-1,-1,-1,-1,-1,-1,-1,0,-1
2020010258051,2020,010258051,1,1,9,99,99,9,9,99,99,9,9,99,9,99,1,1,6,6,1,29,6,-1,-1,-1,-1,5,E01033325,0,-1
2020170L10720,2020,170L10720,2,1,0,18,19,4,8,0,0,0,0,0,0,0,2,1,6,6,1,14,3,-1,-1,-1,-1,4,E01012162,0,-1
2020200933973,2020,200933973,2,1,0,18,19,8,4,0,0,0,0,0,0,0,2,1,1,1,1,37,7,-1,-1,-1,-1,2,E01009304,0,-1
2020010262375,2020,010262375,2,9,0,14,14,7,3,0,0,0,0,0,0,0,3,1,6,6,3,-1,-1,-1,-1,-1,-1,-1,-1,0,-1
202031D033520,2020,31D033520,1,9,0,9,9,5,3,0,0,6,0,0,0,0,1,1,1,1,1,41,7,-1,-1,-1,-1,1,E01013876,0,-1
2020410955617,2020,410955617,2,9,0,4,4,7,3,0,0,0,0,0,0,0,1,1,5,6,1,31,6,-1,-1,-1,-1,9,E01022061,0,-1
202063C004420,2020,63C004420,1,9,0,17,19,2,7,0,0,0,0,0,0,0,1,1,6,6,3,-1,-1,-1,-1,-1,-1,-1,-1,0,-1
2020440249803,2020,440249803,2,9,0,9,9,6,4,0,0,8,0,0,0,0,3,1,1,1,1,40,7,-1,-1,-1,-1,7,E01023196,0,-1
2020522003853,2020,522003853,2,9,0,18,19,2,6,0,0,1,0,0,0,0,1,1,6,6,3,-1,-1,-1,-1,-1,-1,-1,-1,0,-1
2020400985622,2020,400985622,2,9,0,2,2,0,0,0,0,0,0,0,0,0,3,1,6,6,3,-1,-1,-1,-1,-1,-1,-1,-1,0,-1
2020010255823,2020,010255823,2,8,0,99,99,9,9,99,99,9,9,99,9,99,9,9,6,6,3,-1,-1,-1,-1,-1,-1,-1,-1,0,-1
2020351002980,2020,351002980,2,9,0,3,3,3,7,0,0,1,0,0,0,0,2,1,6,6,2,31,6,-1,-1,-1,-1,1,E01015603,0,-1
2020460968624,2020,460968624,3,9,0,18,19,8,4,0,0,0,0,0,0,0,1,1,5,6,1,37,7,-1,-1,-1,-1,5,E01024014,0,-1
20201378E0907,2020,1378E0907,1,9,0,4,4,5,1,0,0,0,0,0,0,0,2,1,6,6,2,-1,-1,-1,-1,-1,-1,2,E01013916,0,-1
2020302001186,2020,302001186,2,9,0,5,5,6,1,0,0,0,0,0,0,0,0,1,6,6,1,34,6,-1,-1,-1,-1,1,E01013568,0,-1
2020010247702,2020,010247702,2,1,0,18,19,2,6,4,4,1,0,0,0,0,1,1,2,2,1,33,6,-1,-1,-1,-1,6,E01003459,0,-1
202006E178405,2020,06E178405,1,9,0,9,9,3,1,0,0,5,0,0,0,0,1,1,6,6,1,30,6,-1,-1,-1,-1,1,E01005242,0,-1
2020450982461,2020,450982461,1,1,0,18,19,1,5,0,0,0,0,0,0,0,0,1,6,6,2,56,9,-1,-1,-1,-1,4,E01004048,0,-1
202060Y031868,2020,60Y031868,2,9,0,16,19,8,4,0,0,0,0,0,0,0,1,1,6,6,2,65,9,-1,-1,-1,-1,-1,-1,0,-1
2020010234804,2020,010234804,1,1,9,99,99,9,9,99,99,9,9,99,9,99,9,1,6,6,1,27,6,-1,-1,-1,-1,6,E01000924,0,-1
2020010275563,2020,010275563,1,1,9,99,99,9,9,99,99,9,9,99,9,99,1,1,6,6,1,42,7,-1,-1,-1,-1,5,E01004071,0,-1
2020010260981,2020,010260981,1,9,0,4,4,1,5,0,0,0,0,0,0,0,2,1,1,1,2,19,4,-1,-1,-1,-1,-1,-1,0,-1
2020522002423,2020,522002423,1,1,0,9,9,1,6,0,0,6,0,0,0,0,3,1,6,6,2,55,8,-1,-1,-1,-1,8,E01014507,0,-1
2020010250537,2020,010250537,2,1,0,18,19,1,5,0,0,1,0,4,0,0,1,-1,6,6,1,34,6,-1,-1,-1,-1,3,E01000062,0,-1
2020010293352,2020,010293352,2,9,0,99,99,9,9,99,99,1,9,99,9,99,1,9,6,6,3,-1,-1,-1,-1,-1,-1,-1,-1,0,-1
2020200998033,2020,200998033,2,1,0,18,19,6,2,0,0,8,0,0,0,0,0,1,6,6,1,39,7,-1,-1,-1,-1,7,E01032590,0,-1
2020137CD0850,2020,137CD0850,1,9,0,18,19,6,2,0,0,0,0,0,0,0,4,1,6,6,3,-1,-1,-1,-1,-1,-1,-1,-1,0,-1
2020360953259,2020,360953259,3,9,0,4,4,3,7,0,0,0,0,0,0,0,2,1,5,6,2,28,6,-1,-1,-1,-1,4,E01026925,0,-1
2020010230486,2020,010230486,2,1,0,9,9,8,6,0,0,8,0,0,0,0,0,-1,2,2,1,53,8,-1,-1,-1,-1,3,E01004592,0,-1
2020990951852,2020,990951852,1,9,0,2,2,0,0,0,0,0,0,0,0,0,3,1,6,6,1,53,8,-1,-1,-1,-1,4,-1,0,-1
2020461012378,2020,461012378,1,21,5,18,19,1,5,0,0,0,0,0,0,0,3,2,5,6,1,45,7,-1,-1,-1,-1,-1,-1,0,-1
2020040925500,2020,040925500,2,1,0,18,19,3,7,0,0,0,0,0,0,0,0,1,4,7,1,15,3,-1,-1,-1,-1,8,E01025416,0,-1
2020010273854,2020,010273854,2,9,0,18,19,5,1,0,0,1,0,0,0,0,1,1,6,6,3,-1,-1,-1,-1,-1,-1,-1,-1,0,-1
2020140933367,2020,140933367,2,98,0,-1,-1,-1,-1,-1,-1,0,-1,-1,-1,0,-1,1,6,6,3,-1,-1,-1,-1,-1,-1,-1,-1,0,-1
2020010278732,2020,010278732,1,1,9,99,99,9,9,99,99,9,9,99,9,99,1,1,6,6,1,31,6,-1,-1,-1,-1,2,E01003120,0,-1
202031A134120,2020,31A134120,2,9,0,2,2,0,0,0,0,0,0,0,0,0,2,1,1,1,1,59,9,-1,-1,-1,-1,1,E01027974,0,-1
2020522005069,2020,522005069,1,9,0,8,8,7,1,0,0,1,0,0,0,0,4,1,6,6,1,40,7,-1,-1,-1,-1,4,E01014623,0,-1
2020450940789,2020,450940789,1,98,0,18,19,3,7,0,0,0,0,0,0,0,1,1,2,2,1,28,6,-1,-1,-1,-1,-1,-1,0,-1
2020440260681,2020,440260681,2,9,0,4,4,6,2,0,0,7,0,0,0,0,1,1,6,6,2,21,5,-1,-1,-1,-1,4,E01023088,0,-1
2020430389742,2020,430389742,1,1,0,18,19,8,4,0,0,0,0,0,0,0,3,1,4,7,1,13,3,-1,-1,-1,-1,9,E01016539,0,-1
2020010271953,2020,010271953,1,1,9,99,99,9,9,99,99,9,9,99,9,99,1,1,6,6,1,27,6,-1,-1,-1,-1,9,E01001905,0,-1
2020440359393,2020,440359393,2,1,0,18,19,1,5,0,0,0,0,0,0,0,3,1,6,6,1,-1,-1,-1,-1,-1,-1,-1,-1,0,-1
2020470967139,2020,470967139,2,9,0,2,2,0,0,0,0,0,0,0,0,0,4,1,6,6,3,-1,-1,-1,-1,-1,-1,-1,-1,0,-1
2020545067620,2020,545067620,2,9,0,4,4,7,3,0,0,6,0,0,0,0,3,1,2,2,1,54,8,-1,-1,-1,-1,10,E01031934,0,-1
2020010269889,2020,010269889,2,9,0,13,13,6,2,0,0,0,0,0,0,0,4,1,6,6,3,-1,-1,-1,-1,-1,-1,-1,-1,0,-1
2020137AJ0508,2020,137AJ0508,1,11,0,18,19,3,7,0,0,1,0,0,0,0,4,1,1,1,3,-1,-1,-1,-1,-1,-1,-1,-1,0,-1
2020070339970,2020,070339970,1,98,0,18,19,4,8,0,0,0,0,0,0,0,0,1,6,6,3,-1,-1,-1,-1,-1,-1,-1,-1,0,-1
2020010274949,2020,010274949,2,9,0,99,99,9,9,99,99,0,9,99,9,99,2,9,6,6,3,-1,-1,-1,-1,-1,-1,-1,-1,0,-1
2020332000669,2020,332000669,1,9,0,18,19,3,7,0,0,0,1,0,0,0,1,1,6,6,2,26,6,-1,-1,-1,-1,2,E01013687,0,-1
2020200949067,2020,200949067,3,98,0,4,4,4,8,0,0,0,0,0,0,0,1,1,6,6,1,47,8,-1,-1,-1,-1,-1,-1,0,-1
2020010236383,2020,010236383,1,1,9,99,99,9,9,99,99,1,9,99,9,99,9,1,2,2,2,49,8,-1,-1,-1,-1,3,E01003555,0,-1
2020201000686,2020,201000686,2,-1,0,7,7,4,8,0,0,1,0,0,0,0,1,1,6,6,1,15,3,-1,-1,-1,-1,2,E01009121,1,-1
2020522001180,2020,522001180,1,1,0,18,19,2,6,0,0,1,0,0,0,0,4,1,6,6,2,35,6,-1,-1,-1,-1,6,E01014677,0,-1
2020332001214,2020,332001214,1,9,0,18,19,1,5,0,0,0,0,0,0,0,0,1,6,6,1,23,5,-1,-1,-1,-1,-1,-1,0,-1
2020990984549,2020,990984549,1,9,0,17,19,5,1,0,0,0,0,0,0,0,1,1,6,6,3,17,4,-1,-1,-1,-1,-1,-1,0,-1
2020200948549,2020,200948549,1,9,0,18,19,4,8,0,0,0,0,0,0,0,1,1,6,6,3,-1,-1,-1,-1,-1,-1,-1,-1,0,-1
2020010282921,2020,010282921,2,1,0,14,14,7,3,0,0,2,0,4,0,0,1,1,6,6,1,23,5,-1,-1,-1,-1,6,E01000231,0,-1
2020170H10480,2020,170H10480,2,1,0,18,19,8,4,0,0,8,0,0,0,0,1,1,6,6,1,47,8,-1,-1,-1,-1,2,E01011974,0,-1
2020052002692,2020,052002692,2,9,0,18,19,3,7,0,0,8,0,0,0,0,1,1,6,6,1,18,4,-1,-1,-1,-1,5,E01006490,0,-1
2020230986379,2020,230986379,1,9,0,5,5,6,2,0,0,4,0,0,0,0,1,1,6,6,3,34,6,-1,-1,-1,-1,-1,-1,0,-1
2020122001316,2020,122001316,2,1,0,18,19,5,1,4,4,4,0,0,0,0,4,1,6,6,2,55,8,-1,-1,-1,-1,9,E01013411,0,-1
2020360959757,2020,360959757,2,9,0,4,4,3,7,0,0,0,0,0,0,0,2,1,6,6,2,45,7,-1,-1,-1,-1,4,E01026638,0,-1
2020370988546,2020,370988546,1,1,0,18,19,8,4,0,0,0,0,0,0,0,1,1,5,6,1,24,5,-1,-1,-1,-1,5,E01030215,0,-1
2020351009704,2020,351009704,2,1,0,18,19,2,1,0,0,0,0,0,0,0,1,1,5,6,1,25,5,-1,-1,-1,-1,8,E01018003,0,-1
20201372M1894,2020,1372M1894,1,19,0,5,5,5,8,0,0,0,0,0,0,0,3,2,1,1,1,57,9,-1,-1,-1,-1,8,E01027748,0,-1
2020990943173,2020,990943173,3,21,1,2,2,0,0,6,6,0,0,0,0,0,3,1,6,6,3,-1,-1,-1,-1,-1,-1,-1,-1,0,-1
202006Q174227,2020,06Q174227,2,9,0,18,19,8,4,0,0,8,0,0,0,0,3,1,6,6,2,34,6,-1,-1,-1,-1,3,E01005421,0,-1
2020430059256,2020,430059256,2,9,0,18,19,4,8,0,0,0,0,0,0,0,4,1,6,6,2,30,6,-1,-1,-1,-1,-1,-1,0,-1
2020010266985,2020,010266985,1,19,0,18,19,3,7,0,0,0,0,0,0,0,0,1,6,6,3,-1,-1,-1,-1,-1,-1,-1,-1,0,-1
2020440219711,2020,440219711,2,9,0,18,19,3,7,0,0,1,0,0,0,0,1,1,6,6,3,-1,-1,-1,-1,-1,-1,-1,-1,0,-1
2020052001601,2020,052001601,1,1,0,18,19,5,1,0,0,0,0,10,0,0,3,1,6,6,1,16,4,-1,-1,-1,-1,7,E01007306,0,-1
2020160937464,2020,160937464,1,9,0,18,19,2,6,6,6,0,5,0,1,0,0,2,5,6,1,30,6,-1,-1,-1,-1,3,E01008262,0,-1
2020370979065,2020,370979065,1,9,4,18,19,1,5,0,0,1,0,0,0,0,1,1,1,1,1,50,8,-1,-1,-1,-1,6,E01021979,0,-1
2020320585172,2020,320585172,1,9,0,18,19,7,3,0,0,0,0,0,0,0,0,1,6,6,3,40,7,-1,-1,-1,-1,-1,-1,0,-1
2020010262874,2020,010262874,1,1,0,14,14,3,7,0,0,0,0,8,0,0,1,1,6,6,1,47,8,-1,-1,-1,-1,8,E01000649,0,-1
2020470958294,2020,470958294,1,1,0,17,19,8,6,0,0,0,1,0,1,0,1,1,5,6,2,26,6,-1,-1,-1,-1,4,E01021006,0,-1
2020010280076,2020,010280076,3,9,0,6,6,4,4,0,0,1,0,0,0,0,2,1,6,6,3,-1,-1,-1,-1,-1,-1,-1,-1,0,-1
2020450982259,2020,450982259,2,1,0,18,19,1,5,0,0,0,0,0,0,0,1,1,5,6,1,57,9,-1,-1,-1,-1,10,E01030603,0,-1
20201375N1125,2020,1375N1125,1,9,0,18,19,4,8,0,0,0,0,0,0,0,0,1,6,6,3,-1,-1,-1,-1,-1,-1,-1,-1,0,-1
2020160924076,2020,160924076,1,1,0,18,19,2,6,0,0,8,0,0,0,0,3,1,6,6,1,16,4,-1,-1,-1,-1,1,E01013141,0,-1
2020332000415,2020,332000415,1,9,0,18,19,2,6,0,0,0,0,0,0,0,2,1,1,1,1,39,7,-1,-1,-1,-1,9,E01025769,0,-1
2020440295814,2020,440295814,1,5,0,18,19,6,2,0,0,0,0,0,1,4,1,1,6,6,1,34,6,-1,-1,-1,-1,6,E01023155,0,-1
2020360969854,2020,360969854,2,9,0,4,4,6,2,0,0,0,0,0,0,0,0,1,6,6,3,-1,-1,-1,-1,-1,-1,-1,-1,0,-1
2020990962640,2020,990962640,2,1,0,5,5,5,1,0,0,8,0,0,0,0,3,1,2,2,1,36,7,-1,-1,-1,-1,9,-1,0,-1
2020622000111,2020,622000111,2,9,0,16,19,5,8,0,0,1,0,0,0,0,1,1,2,2,1,49,8,-1,-1,-1,-1,9,W01001072,0,-1
2020010261880,2020,010261880,2,1,0,7,7,1,3,0,0,1,0,0,0,0,1,1,2,2,1,50,8,-1,-1,-1,-1,7,E01001915,0,-1
2020470960305,2020,470960305,1,1,0,18,19,2,6,0,0,8,0,0,0,0,3,1,6,6,1,-1,-1,-1,-1,-1,-1,4,E01020952,0,-1
2020430164024,2020,430164024,2,1,0,18,19,3,7,0,0,0,0,0,0,0,1,1,6,6,1,8,2,-1,-1,-1,-1,4,E01016529,0,-1
2020340N01802,2020,340N01802,1,1,0,18,19,1,5,0,0,1,0,0,0,0,1,1,6,6,1,28,6,-1,-1,-1,-1,2,E01027227,0,-1
2020552000369,2020,552000369,1,1,0,5,5,5,1,0,0,8,0,0,0,0,3,1,6,6,1,46,8,-1,-1,-1,-1,3,E01015285,0,-1
2020410985085,2020,410985085,2,1,0,18,19,-1,-1,0,0,8,5,0,0,0,1,1,6,6,1,29,6,-1,-1,-1,-1,2,E01023338,0,-1
2020420973944,2020,420973944,1,9,0,3,3,1,1,0,0,1,0,0,0,0,1,1,6,6,2,48,8,-1,-1,-1,-1,5,E01021906,0,-1
202006J372561,2020,06J372561,2,1,0,18,19,7,3,0,0,3,0,0,0,0,1,1,6,6,2,52,8,-1,-1,-1,-1,8,E01006045,0,-1
2020160931064,2020,160931064,2,1,0,18,19,8,4,0,0,1,0,0,0,0,1,1,6,6,1,16,4,-1,-1,-1,-1,1,E01013208,0,-1
2020450951293,2020,450951293,1,1,0,18,19,8,4,0,0,0,0,0,0,0,0,1,5,6,2,37,7,-1,-1,-1,-1,9,E01030975,0,-1
2020201019541,2020,201019541,2,9,0,18,19,6,2,0,0,0,0,0,0,0,1,1,6,6,1,-1,-1,-1,-1,-1,-1,-1,-1,0,-1
2020610051520,2020,610051520,2,1,0,18,19,6,2,5,5,0,0,0,0,0,2,1,1,1,1,19,4,-1,-1,-1,-1,3,W01001531,0,-1
2020332000703,2020,332000703,2,1,0,18,19,1,5,0,0,8,0,0,0,0,3,1,6,6,1,72,10,-1,-1,-1,-1,10,E01025614,0,-1
2020501007197,2020,501007197,2,1,0,18,19,4,8,0,0,0,0,0,0,0,2,1,5,6,1,13,3,-1,-1,-1,-1,4,E01019049,0,-1
2020522003966,2020,522003966,1,1,0,18,19,1,5,0,0,0,0,0,0,0,0,1,6,6,1,17,4,-1,-1,-1,-1,10,E01014737,0,-1
2020010269314,2020,010269314,2,9,0,9,9,5,2,0,0,1,0,0,0,0,1,1,6,6,3,-1,-1,-1,-1,-1,-1,-1,-1,0,-1
2020010279035,2020,010279035,1,5,0,9,9,7,5,0,0,8,5,0,0,0,3,1,6,6,1,39,7,-1,-1,-1,-1,5,E01000274,0,-1
2020430138087,2020,430138087,2,9,0,18,19,4,8,0,0,0,0,0,0,0,4,1,6,6,1,-1,-1,-1,-1,-1,-1,-1,-1,0,-1
2020010252536,2020,010252536,1,1,9,99,99,9,9,99,99,9,9,99,9,99,9,-1,6,6,1,34,6,-1,-1,-1,-1,2,E01001716,0,-1
2020010278254,2020,010278254,2,9,0,99,99,9,9,99,99,0,9,99,9,99,9,9,6,6,3,30,6,-1,-1,-1,-1,-1,-1,0,-1
2020440197446,2020,440197446,2,1,0,18,19,5,1,0,0,8,0,0,0,0,3,1,6,6,2,16,4,-1,-1,-1,-1,2,E01022970,0,-1
2020010276277,2020,010276277,1,19,9,99,99,9,9,0,0,6,0,0,0,0,9,9,6,6,3,-1,-1,-1,-1,-1,-1,-1,-1,0,-1
2020010262972,2020,010262972,2,1,9,18,19,9,9,5,5,1,5,0,0,99,1,1,6,6,1,-1,-1,-1,-1,-1,-1,-1,-1,0,-1
2020370986300,2020,370986300,2,98,0,3,3,8,4,0,0,0,5,0,0,0,1,1,5,6,1,58,9,-1,-1,-1,-1,5,E01030030,0,-1
2020460985606,2020,460985606,3,9,0,2,2,0,0,0,0,0,0,0,0,0,1,1,6,6,3,-1,-1,-1,-1,-1,-1,-1,-1,0,-1
2020010278896,2020,010278896,2,20,9,99,99,9,9,99,99,9,9,99,9,99,2,9,6,6,3,-1,-1,-1,-1,-1,-1,-1,-1,0,-1
2020530969583,2020,530969583,1,1,0,12,12,1,2,9,9,1,0,0,0,0,1,1,6,6,2,15,3,-1,-1,-1,-1,3,E01022134,0,-1
2020470978236,2020,470978236,3,9,0,2,2,0,0,0,0,1,0,0,0,0,2,1,6,6,3,-1,-1,-1,-1,-1,-1,-1,-1,0,-1
2020470987528,2020,470987528,1,1,0,18,19,7,3,5,5,1,0,0,0,0,-1,1,6,6,3,-1,-1,-1,-1,-1,-1,-1,-1,0,-1
202006N271656,2020,06N271656,1,1,0,18,19,2,6,0,0,8,0,0,0,0,1,1,6,6,2,7,2,-1,-1,-1,-1,-1,-1,0,-1
2020461038295,2020,461038295,1,-1,0,18,19,3,7,4,4,1,5,0,0,0,1,1,6,6,1,19,4,-1,-1,-1,-1,2,E01004067,1,-1
2020010269314,2020,010269314,1,3,0,18,19,5,1,0,0,1,0,0,0,0,1,1,2,2,1,29,6,-1,-1,-1,-1,2,E01003566,0,-1
2020320093002,2020,320093002,1,9,0,16,19,1,5,0,0,1,0,0,0,0,1,1,6,6,1,30,6,-1,-1,-1,-1,6,E01026251,0,-1
2020470948133,2020,470948133,2,1,0,14,14,4,8,0,0,1,0,0,0,0,1,1,6,6,2,61,9,-1,-1,-1,-1,6,E01031472,0,-1
2020360940146,2020,360940146,1,9,0,18,19,1,2,0,0,1,0,0,0,0,3,1,1,1,1,27,6,-1,-1,-1,-1,6,E01026479,0,-1
2020160977100,2020,160977100,1,1,0,18,19,4,8,0,0,0,0,4,0,0,1,1,2,2,1,36,7,-1,-1,-1,-1,4,E01012828,0,-1
2020302001461,2020,302001461,2,1,0,4,4,8,4,0,0,0,0,0,0,0,2,1,6,6,2,18,4,-1,-1,-1,-1,2,E01019842,0,-1
202006A374990,2020,06A374990,1,1,0,18,19,5,1,0,0,6,0,0,0,0,1,1,6,6,1,14,3,-1,-1,-1,-1,4,E01005084,0,-1
202006J169892,2020,06J169892,2,9,0,18,19,4,8,0,0,8,0,0,0,0,4,1,6,6,2,62,9,-1,-1,-1,-1,1,E01005828,0,-1
2020200969206,2020,200969206,1,9,0,18,19,2,6,0,0,0,0,0,0,0,1,1,6,6,1,-1,-1,-1,-1,-1,-1,-1,-1,0,-1
2020010284263,2020,010284263,1,9,9,9,9,1,6,0,0,4,9,0,0,0,3,1,6,6,3,-1,-1,-1,-1,-1,-1,-1,-1,0,-1
2020220982921,2020,220982921,1,17,5,5,5,2,6,0,0,6,0,0,0,0,1,1,1,1,1,27,6,-1,-1,-1,-1,9,E01029617,0,-1
2020010264509,2020,010264509,1,1,9,99,99,9,9,99,99,9,9,99,9,99,9,1,2,2,1,51,8,-1,-1,-1,-1,8,E01030829,0,-1
202006F168712,2020,06F168712,2,1,0,18,19,4,7,0,0,3,0,0,0,0,4,1,6,6,1,31,6,-1,-1,-1,-1,9,E01005735,0,-1
2020200998254,2020,200998254,1,9,0,5,5,6,2,0,0,0,0,0,0,0,0,1,3,7,2,-1,-1,-1,-1,-1,-1,-1,-1,0,-1
2020500935003,2020,500935003,2,9,0,9,9,8,6,0,0,5,0,0,0,0,4,1,1,1,1,54,8,-1,-1,-1,-1,2,E01015234,0,-1
2020302001146,2020,302001146,2,1,0,18,19,3,8,0,0,1,0,0,0,0,0,1,6,6,1,25,5,-1,-1,-1,-1,2,E01019863,0,-1
2020010282316,2020,010282316,2,19,0,99,99,9,9,99,99,9,9,99,9,99,2,9,6,6,3,-1,-1,-1,-1,-1,-1,-1,-1,0,-1
2020471010000,2020,471010000,2,9,0,18,19,7,3,0,0,0,0,0,0,0,0,1,6,6,3,-1,-1,-1,-1,-1,-1,-1,-1,0,-1
2020100961884,2020,100961884,1,9,0,7,7,7,1,0,0,8,0,0,0,0,4,1,1,1,1,62,9,-1,-1,-1,-1,5,E01033202,0,-1
2020332000331,2020,332000331,2,97,0,14,14,1,5,0,0,8,0,0,0,0,1,1,1,1,1,24,5,-1,-1,-1,-1,3,E01013731,0,-1
202060Y027273,2020,60Y027273,3,9,0,4,4,7,3,0,0,0,0,0,0,0,2,1,6,6,2,20,4,-1,-1,-1,-1,-1,-1,0,-1
2020332000474,2020,332000474,1,9,0,18,19,3,7,0,0,2,0,0,0,0,1,1,6,6,2,-1,-1,-1,-1,-1,-1,2,E01032873,0,-1
2020052002481,2020,052002481,2,1,0,18,19,5,1,0,0,8,0,0,0,0,1,1,6,6,1,34,6,-1,-1,-1,-1,1,E01006790,0,-1
2020332000075,2020,332000075,1,9,0,18,19,4,8,0,0,0,0,0,0,0,4,1,6,6,3,-1,-1,-1,-1,-1,-1,-1,-1,0,-1
2020410958972,2020,410958972,2,1,0,18,19,5,1,4,4,0,0,0,0,0,3,1,1,1,1,50,8,-1,-1,-1,-1,-1,-1,0,-1
2020360943381,2020,360943381,2,1,0,18,19,3,7,0,0,4,0,0,0,0,2,1,1,1,1,50,8,-1,-1,-1,-1,10,E01026815,0,-1
2020332000580,2020,332000580,2,1,0,18,19,6,2,0,0,8,0,0,0,0,1,1,6,6,1,14,3,-1,-1,-1,-1,8,E01025883,0,-1
2020160993995,2020,160993995,1,8,0,2,2,0,0,0,0,1,0,0,0,0,3,1,6,6,1,-1,-1,-1,-1,-1,-1,-1,-1,0,-1
2020010249390,2020,010249390,2,1,0,9,9,3,1,0,0,8,0,0,0,0,1,1,6,6,1,10,2,-1,-1,-1,-1,3,E01003829,0,-1
2020990998905,2020,990998905,2,1,0,18,19,7,3,0,0,4,0,0,0,0,1,1,2,2,1,42,7,-1,-1,-1,-1,8,-1,0,-1
2020461012085,2020,461012085,1,1,0,18,19,7,3,0,0,2,5,0,0,0,3,1,5,6,1,40,7,-1,-1,-1,-1,8,E01016094,0,-1
2020460992109,2020,460992109,1,9,0,18,19,5,1,0,0,1,0,0,0,0,3,1,6,6,3,-1,-1,-1,-1,-1,-1,-1,-1,0,-1
2020370984047,2020,370984047,2,1,0,18,19,5,2,0,0,8,0,0,0,0,1,1,6,6,1,30,6,-1,-1,-1,-1,2,E01030227,0,-1
2020010251398,2020,010251398,1,9,0,18,19,5,1,0,0,0,0,0,0,0,1,1,1,1,1,45,7,-1,-1,-1,-1,2,E01000008,0,-1
2020040940018,2020,040940018,3,9,0,2,2,0,0,0,0,0,0,0,0,0,2,1,6,6,3,-1,-1,-1,-1,-1,-1,-1,-1,0,-1
2020140934374,2020,140934374,1,9,0,18,19,4,4,0,0,1,0,0,3,0,3,1,6,6,3,-1,-1,-1,-1,-1,-1,-1,-1,0,-1
2020010240540,2020,010240540,2,2,0,14,14,5,1,0,0,1,0,0,0,0,0,-1,6,6,1,27,6,-1,-1,-1,-1,5,E01033732,0,-1
2020010256218,2020,010256218,2,1,0,12,12,3,7,0,0,3,0,0,0,0,1,1,6,6,1,56,9,-1,-1,-1,-1,9,E01000692,0,-1
2020010256512,2020,010256512,1,1,9,99,99,9,9,99,99,8,9,0,0,0,1,1,6,6,1,40,7,-1,-1,-1,-1,6,E01032572,0,-1
2020470985961,2020,470985961,3,9,0,8,8,5,7,0,0,1,0,0,0,0,0,1,6,6,3,-1,-1,-1,-1,-1,-1,-1,-1,0,-1
2020010237325,2020,010237325,1,1,9,99,99,9,9,99,99,1,9,99,9,99,9,1,2,2,1,24,5,-1,-1,-1,-1,7,E01024433,0,-1
2020460979827,2020,460979827,1,98,1,18,19,2,6,0,0,0,0,0,0,0,1,1,6,6,3,-1,-1,-1,-1,-1,-1,-1,-1,0,-1
2020010268239,2020,010268239,2,-1,0,9,9,5,3,0,0,1,5,0,0,0,1,1,6,6,1,14,3,-1,-1,-1,-1,1,E01003048,1,-1
2020430291787,2020,430291787,2,9,0,18,19,7,3,0,0,0,0,0,0,0,1,1,6,6,1,30,6,-1,-1,-1,-1,-1,-1,0,-1
2020010283351,2020,010283351,1,-1,0,18,19,5,1,0,0,1,0,0,0,0,1,1,6,6,3,-1,-1,-1,-1,-1,-1,-1,-1,1,-1
2020332000240,2020,332000240,2,9,0,18,19,1,5,0,0,8,0,0,0,0,3,1,1,1,1,49,8,-1,-1,-1,-1,3,E01013641,0,-1
2020211023934,2020,211023934,2,1,-1,-1,-1,7,3,-1,-1,0,-1,-1,-1,0,-1,1,6,6,1,30,6,-1,-1,-1,-1,5,E01014360,0,-1
2020332000983,2020,332000983,1,9,0,17,19,1,7,0,0,0,0,0,1,9,1,1,6,6,1,55,8,-1,-1,-1,-1,7,E01025808,0,-1
2020010255350,2020,010255350,1,1,9,99,99,9,9,99,99,9,9,99,9,99,9,1,6,6,1,45,7,-1,-1,-1,-1,4,E01000260,0,-1
2020350928038,2020,350928038,2,2,0,5,5,1,5,0,0,1,5,0,0,0,1,1,6,6,2,44,7,-1,-1,-1,-1,10,E01017995,0,-1
2020010283623,2020,010283623,2,1,0,18,19,1,5,0,0,1,0,0,0,0,1,1,2,2,1,45,7,-1,-1,-1,-1,3,E01000741,0,-1
2020522100728,2020,522100728,2,1,0,18,19,8,4,0,0,1,0,0,0,0,1,1,6,6,2,18,4,-1,-1,-1,-1,6,E01014670,0,-1
2020990934714,2020,990934714,2,9,0,3,3,8,4,0,0,0,0,0,0,0,2,1,1,1,1,31,6,-1,-1,-1,-1,7,-1,0,-1
2020010240940,2020,010240940,1,9,0,99,99,9,9,99,99,0,9,99,9,99,1,9,6,6,2,30,6,-1,-1,-1,-1,3,E01003708,0,-1
2020010255736,2020,010255736,1,1,9,99,99,9,9,99,99,9,9,99,9,99,9,-1,2,2,1,32,6,-1,-1,-1,-1,8,E01000254,0,-1