collision_index,collision_year,collision_ref_no,vehicle_reference,vehicle_type,towing_and_articulation,vehicle_manoeuvre_historic,vehicle_manoeuvre,vehicle_direction_from,vehicle_direction_to,vehicle_location_restricted_lane_historic,vehicle_location_restricted_lane,junction_location,skidding_and_overturning,hit_object_in_carriageway,vehicle_leaving_carriageway,hit_object_off_carriageway,first_point_of_impact,vehicle_left_hand_drive,journey_purpose_of_driver_historic,journey_purpose_of_driver,sex_of_driver,age_of_driver,age_band_of_driver,engine_capacity_cc,propulsion_code,age_of_vehicle,generic_make_model,driver_imd_decile,lsoa_of_driver,escooter_flag,driver_distance_banding
2020622000770,2020,622000770,2,1,0,18,19,5,1,0,0,0,0,0,0,0,3,1,6,6,1,39,7,-1,-1,-1,-1,5,W01001101,0,-1
2020990998124,2020,990998124,1,90,0,18,19,1,5,0,0,1,0,0,0,0,0,1,6,6,3,30,6,-1,-1,-1,-1,-1,-1,0,-1
2020470996707,2020,470996707,2,9,0,9,9,3,1,0,0,2,0,0,0,0,1,1,6,6,3,-1,-1,-1,-1,-1,-1,-1,-1,0,-1
202006F171552,2020,06F171552,1,21,1,18,19,6,2,0,0,0,0,0,0,0,0,1,1,1,3,-1,-1,-1,-1,-1,-1,-1,-1,0,-1
2020410998025,2020,410998025,2,1,0,18,19,1,5,0,0,4,0,0,0,0,3,1,6,6,1,28,6,-1,-1,-1,-1,9,E01023557,0,-1
2020360993847,2020,360993847,2,1,0,18,19,4,8,0,0,0,0,0,0,0,1,1,6,6,1,8,2,-1,-1,-1,-1,2,E01026477,0,-1
202006P273332,2020,06P273332,1,4,0,18,19,2,6,0,0,0,0,0,7,0,1,1,6,6,1,50,8,-1,-1,-1,-1,6,E01005561,0,-1
2020010279839,2020,010279839,2,2,0,99,99,9,9,99,99,9,9,99,9,99,2,1,6,6,3,-1,-1,-1,-1,-1,-1,-1,-1,0,-1
2020440258495,2020,440258495,1,9,0,9,9,4,1,0,0,6,0,0,0,0,3,1,2,2,2,30,6,-1,-1,-1,-1,5,E01022842,0,-1
2020450970826,2020,450970826,2,9,0,18,19,1,3,0,0,0,0,0,0,0,1,1,6,6,3,36,7,-1,-1,-1,-1,-1,-1,0,-1
2020430191516,2020,430191516,2,19,0,2,2,0,0,0,0,0,0,0,0,0,2,1,6,6,1,-1,-1,-1,-1,-1,-1,-1,-1,0,-1
2020370947853,2020,370947853,1,9,0,18,19,2,6,0,0,0,0,0,0,0,4,1,1,1,1,27,6,-1,-1,-1,-1,5,E01026902,0,-1
2020360943276,2020,360943276,2,1,0,18,19,1,5,0,0,2,0,0,0,0,2,1,5,6,2,46,8,-1,-1,-1,-1,1,E01026603,0,-1
202060Y006761,2020,60Y006761,1,9,0,18,19,4,8,0,0,3,0,0,0,0,3,1,6,6,1,45,7,-1,-1,-1,-1,-1,-1,0,-1
2020500922196,2020,500922196,2,9,0,2,2,0,0,0,0,8,0,0,0,0,3,1,6,6,1,48,8,-1,-1,-1,-1,2,E01015072,0,-1
2020010267014,2020,010267014,2,1,0,18,19,3,7,0,0,8,0,0,0,0,1,1,6,6,2,18,4,-1,-1,-1,-1,5,E01004549,0,-1
2020010281328,2020,010281328,1,1,9,99,99,9,9,99,99,9,9,99,9,99,9,1,6,6,1,35,6,-1,-1,-1,-1,5,E01003941,0,-1
2020990920799,2020,990920799,1,9,0,18,19,7,3,0,0,1,0,0,0,0,4,1,6,6,1,30,6,-1,-1,-1,-1,-1,-1,0,-1
2020040958039,2020,040958039,2,90,5,18,19,1,7,0,0,0,0,0,0,0,0,1,6,6,2,58,9,-1,-1,-1,-1,2,E01012591,0,-1
2020010272894,2020,010272894,1,-1,0,5,5,7,3,0,0,2,0,0,0,0,4,1,6,6,1,16,4,-1,-1,-1,-1,6,E01000160,1,-1
2020231012574,2020,231012574,2,9,0,2,2,0,0,0,0,0,0,4,0,0,2,1,6,6,3,-1,-1,-1,-1,-1,-1,-1,-1,0,-1
2020332000713,2020,332000713,2,19,0,18,19,1,5,0,0,8,0,10,1,1,1,1,2,2,1,25,5,-1,-1,-1,-1,9,E01025777,0,-1
2020520001850,2020,520001850,2,9,0,18,19,5,1,0,0,6,0,0,0,0,1,1,6,6,3,40,7,-1,-1,-1,-1,-1,-1,0,-1
2020010250042,2020,010250042,2,21,2,12,12,1,5,0,0,0,0,0,0,0,3,2,1,1,1,38,7,-1,-1,-1,-1,-1,-1,0,-1
2020070127540,2020,070127540,1,9,0,18,19,1,5,0,0,1,0,0,0,0,1,2,6,6,3,-1,-1,-1,-1,-1,-1,-1,-1,0,-1
2020010304268,2020,010304268,1,1,0,99,99,9,9,0,0,1,0,0,0,0,1,1,6,6,1,29,6,-1,-1,-1,-1,3,E01000094,0,-1
2020400918647,2020,400918647,1,8,0,10,10,3,7,0,0,1,0,0,0,0,1,1,6,6,1,70,10,-1,-1,-1,-1,-1,-1,0,-1
2020010269854,2020,010269854,1,1,9,99,99,9,9,99,99,0,9,99,9,99,2,1,6,6,1,12,3,-1,-1,-1,-1,7,E01000376,0,-1
2020161009693,2020,161009693,2,1,0,18,19,4,7,0,0,8,0,0,0,0,1,1,6,6,1,34,6,-1,-1,-1,-1,6,E01013160,0,-1
2020990923805,2020,990923805,2,11,0,2,2,0,0,3,2,1,0,0,0,0,2,1,1,1,1,48,8,-1,-1,-1,-1,7,-1,0,-1
202006F273914,2020,06F273914,1,1,0,18,19,3,7,0,0,8,0,0,0,0,3,1,6,6,1,17,4,-1,-1,-1,-1,1,E01005667,0,-1
2020361012261,2020,361012261,2,9,0,2,2,0,0,0,0,0,0,0,0,0,4,1,6,6,3,-1,-1,-1,-1,-1,-1,-1,-1,0,-1
2020070522383,2020,070522383,2,5,0,13,13,4,5,0,0,1,0,0,0,0,1,1,6,6,1,58,9,-1,-1,-1,-1,9,E01018628,0,-1
2020442003981,2020,442003981,1,1,0,18,19,8,4,0,0,6,0,0,0,0,1,1,6,6,1,10,2,-1,-1,-1,-1,1,E01017218,0,-1
2020010285232,2020,010285232,1,1,9,99,99,9,9,99,99,9,9,99,9,99,9,1,2,2,2,23,5,-1,-1,-1,-1,7,E01004619,0,-1
2020302000519,2020,302000519,1,9,0,18,19,8,2,0,0,0,0,0,0,0,1,1,6,6,3,-1,-1,-1,-1,-1,-1,5,E01019456,0,-1
2020440192222,2020,440192222,2,9,0,2,2,0,0,0,0,0,0,0,0,0,2,1,6,6,1,29,6,-1,-1,-1,-1,7,E01023054,0,-1
2020010282174,2020,010282174,2,1,0,15,15,3,7,0,0,1,0,0,0,0,0,1,2,2,1,35,6,-1,-1,-1,-1,9,E01004607,0,-1
2020010280956,2020,010280956,2,9,0,13,13,7,3,0,0,1,0,0,0,0,4,1,6,6,3,-1,-1,-1,-1,-1,-1,-1,-1,0,-1
2020522003667,2020,522003667,3,9,0,4,4,5,1,0,0,0,0,0,0,0,2,1,6,6,1,30,6,-1,-1,-1,-1,1,E01014654,0,-1
2020141025740,2020,141025740,2,1,0,18,19,1,3,0,0,1,0,0,0,0,1,1,6,6,1,44,7,-1,-1,-1,-1,10,E01007865,0,-1
2020450957975,2020,450957975,2,9,0,2,2,0,0,9,9,0,0,4,0,0,2,1,6,6,3,-1,-1,-1,-1,-1,-1,-1,-1,0,-1
2020010280767,2020,010280767,2,21,4,12,12,3,7,0,0,0,0,0,0,0,1,2,1,1,1,48,8,-1,-1,-1,-1,-1,-1,0,-1
2020100965715,2020,100965715,2,1,0,18,19,2,6,0,0,4,0,0,0,0,2,1,5,6,1,60,9,-1,-1,-1,-1,4,E01008483,0,-1
202054A351820,2020,54A351820,2,1,0,9,9,3,1,0,0,8,0,0,0,0,4,1,6,6,1,44,7,-1,-1,-1,-1,3,E01015543,0,-1
2020500988910,2020,500988910,1,1,0,16,19,2,5,0,0,0,2,0,0,0,1,1,5,6,2,63,9,-1,-1,-1,-1,-1,-1,0,-1
2020141003484,2020,141003484,1,1,0,18,19,6,2,0,0,3,0,0,0,0,2,1,6,6,1,53,8,-1,-1,-1,-1,5,E01008113,0,-1
2020332000355,2020,332000355,1,9,0,9,9,2,8,0,0,5,0,0,1,0,1,1,6,6,1,18,4,-1,-1,-1,-1,8,E01019868,0,-1
2020010234516,2020,010234516,1,1,9,99,99,9,9,99,99,9,9,99,9,99,1,1,2,2,2,27,6,-1,-1,-1,-1,2,E01002722,0,-1
2020332000944,2020,332000944,1,1,0,7,7,4,6,0,0,6,0,0,0,0,1,1,2,2,2,29,6,-1,-1,-1,-1,7,E01025636,0,-1
2020622000410,2020,622000410,1,1,0,9,9,6,4,0,0,1,0,0,0,0,1,1,6,6,1,60,9,-1,-1,-1,-1,10,W01001106,0,-1
2020010234390,2020,010234390,1,9,0,99,99,9,9,99,99,9,9,99,9,99,2,9,6,6,3,-1,-1,-1,-1,-1,-1,-1,-1,0,-1
2020332000859,2020,332000859,2,9,0,18,19,4,8,0,0,8,0,0,0,0,1,1,6,6,1,18,4,-1,-1,-1,-1,4,E01025789,0,-1
2020522003489,2020,522003489,2,1,0,18,19,9,9,0,0,8,0,0,0,0,0,1,6,6,2,20,4,-1,-1,-1,-1,-1,-1,0,-1
2020522002246,2020,522002246,2,9,0,5,5,6,2,0,0,0,0,0,0,0,1,1,6,6,3,-1,-1,-1,-1,-1,-1,-1,-1,0,-1
2020460922441,2020,460922441,1,9,0,18,19,5,1,0,0,2,0,0,0,0,1,1,2,2,1,24,5,-1,-1,-1,-1,3,E01024280,0,-1
2020430391572,2020,430391572,2,21,0,1,1,8,4,0,0,6,0,0,0,0,2,1,6,6,3,-1,-1,-1,-1,-1,-1,-1,-1,0,-1
2020122000266,2020,122000266,2,1,0,18,19,5,2,0,0,1,0,0,0,0,1,1,2,2,1,37,7,-1,-1,-1,-1,9,E01013407,0,-1
2020010277174,2020,010277174,2,9,0,99,99,9,9,99,99,9,9,99,9,99,9,9,6,6,3,-1,-1,-1,-1,-1,-1,-1,-1,0,-1
2020432360811,2020,432360811,1,9,0,18,19,3,7,0,0,6,0,0,0,0,4,1,6,6,3,-1,-1,-1,-1,-1,-1,-1,-1,0,-1
2020610049020,2020,610049020,2,1,0,18,19,3,8,0,0,4,1,0,0,0,1,1,2,2,1,53,8,-1,-1,-1,-1,10,W01001627,0,-1
2020137CA1119,2020,137CA1119,2,1,0,8,8,1,3,0,0,0,0,0,0,0,3,1,6,6,2,42,7,-1,-1,-1,-1,6,E01011505,0,-1
2020540205419,2020,540205419,1,9,0,5,5,7,3,0,0,8,0,0,0,0,1,1,6,6,1,29,6,-1,-1,-1,-1,-1,-1,0,-1
2020460980514,2020,460980514,2,9,0,5,5,5,1,0,0,0,0,0,0,0,3,1,6,6,2,40,7,-1,-1,-1,-1,4,E01024029,0,-1
2020430236264,2020,430236264,2,1,0,18,19,7,3,0,0,8,0,0,0,0,1,1,6,6,1,12,3,-1,-1,-1,-1,10,E01016636,0,-1
2020430148218,2020,430148218,1,1,0,4,4,2,6,0,0,0,0,0,0,0,4,1,6,6,1,30,6,-1,-1,-1,-1,-1,-1,0,-1
2020410948199,2020,410948199,1,9,0,18,19,8,4,0,0,0,0,7,0,0,1,1,5,6,2,60,9,-1,-1,-1,-1,10,E01023436,0,-1
2020320503958,2020,320503958,1,9,0,14,14,1,5,0,0,0,0,0,0,0,1,1,6,6,1,33,6,-1,-1,-1,-1,6,E01026260,0,-1
2020140927861,2020,140927861,2,1,0,18,19,6,2,0,0,1,0,0,0,0,1,1,6,6,2,31,6,-1,-1,-1,-1,10,E01007929,0,-1
2020332000864,2020,332000864,2,3,0,9,9,1,7,0,0,8,0,0,0,0,4,1,6,6,1,17,4,-1,-1,-1,-1,3,E01025987,0,-1
202031B148920,2020,31B148920,2,1,0,18,19,7,3,0,0,1,0,0,0,0,1,1,6,6,1,20,4,-1,-1,-1,-1,6,E01028051,0,-1
2020530936871,2020,530936871,2,1,0,5,5,1,1,0,0,0,0,0,0,0,4,1,2,2,1,46,8,-1,-1,-1,-1,9,E01022304,0,-1
2020522000307,2020,522000307,1,1,0,18,19,3,7,0,0,0,0,0,0,0,1,1,6,6,1,25,5,-1,-1,-1,-1,7,E01014735,0,-1
2020370942197,2020,370942197,1,19,0,16,19,4,8,0,0,0,0,0,0,0,1,1,1,1,1,46,8,-1,-1,-1,-1,2,E01029969,0,-1
2020351017210,2020,351017210,1,9,0,18,19,3,7,0,0,0,0,0,0,0,1,1,1,1,1,25,5,-1,-1,-1,-1,9,E01033173,0,-1
2020140981612,2020,140981612,3,98,0,5,5,7,5,9,9,2,0,0,0,0,1,1,6,6,3,-1,-1,-1,-1,-1,-1,-1,-1,0,-1
2020070749558,2020,070749558,2,1,0,18,19,4,8,0,0,8,0,0,0,0,3,1,6,6,1,58,9,-1,-1,-1,-1,7,E01006591,0,-1
202060Y143418,2020,60Y143418,1,9,0,18,19,8,4,0,0,0,0,0,1,2,1,1,6,6,2,60,9,-1,-1,-1,-1,-1,-1,0,-1
2020140976754,2020,140976754,2,23,0,18,19,8,4,0,0,1,0,0,1,4,3,1,6,6,1,15,3,-1,-1,-1,-1,1,E01007472,0,-1
2020161002092,2020,161002092,2,1,0,18,19,8,4,0,0,0,0,0,0,0,1,1,6,6,1,31,6,-1,-1,-1,-1,6,E01012822,0,-1
2020122001197,2020,122001197,2,1,0,18,19,5,1,9,9,8,0,0,0,0,1,1,1,1,1,30,6,-1,-1,-1,-1,5,E01027818,0,-1
2020540897620,2020,540897620,1,9,0,18,19,8,4,0,0,0,0,0,0,0,3,1,6,6,3,-1,-1,-1,-1,-1,-1,-1,-1,0,-1
2020010271543,2020,010271543,1,9,0,18,19,2,6,0,0,1,0,0,0,0,1,1,6,6,3,-1,-1,-1,-1,-1,-1,-1,-1,0,-1
2020400924690,2020,400924690,1,9,0,18,19,2,6,0,0,7,5,0,7,0,1,1,6,6,1,24,5,-1,-1,-1,-1,6,E01017622,0,-1
2020010245186,2020,010245186,1,1,9,99,99,9,9,99,99,9,9,99,9,99,1,-1,6,6,1,26,6,-1,-1,-1,-1,2,E01033327,0,-1
2020440024803,2020,440024803,1,1,0,18,19,6,2,0,0,0,1,0,0,0,0,1,1,1,2,21,5,-1,-1,-1,-1,5,E01023061,0,-1
2020101002682,2020,101002682,1,9,0,18,19,5,1,0,0,0,0,0,0,0,4,1,6,6,1,-1,-1,-1,-1,-1,-1,-1,-1,0,-1
2020470969941,2020,470969941,5,9,0,2,2,0,0,0,0,0,0,0,0,0,1,1,6,6,3,-1,-1,-1,-1,-1,-1,-1,-1,0,-1
202060Y182884,2020,60Y182884,2,9,0,16,19,8,4,0,0,0,0,0,0,0,0,1,6,6,1,52,8,-1,-1,-1,-1,-1,-1,0,-1
2020010253597,2020,010253597,2,1,0,18,19,5,1,0,0,1,5,0,0,0,1,1,6,6,1,33,6,-1,-1,-1,-1,5,E01000619,0,-1
2020010265997,2020,010265997,3,1,0,18,19,5,1,0,0,1,0,4,0,0,4,1,1,1,1,28,6,-1,-1,-1,-1,2,E01001735,0,-1
202060Y101273,2020,60Y101273,2,9,0,18,19,4,8,0,0,1,0,0,0,0,1,1,6,6,1,38,7,-1,-1,-1,-1,-1,-1,0,-1
2020440088268,2020,440088268,3,9,0,18,19,4,7,0,0,0,0,0,0,0,1,1,6,6,1,74,10,-1,-1,-1,-1,5,E01017354,0,-1
2020010278697,2020,010278697,1,9,0,99,99,9,9,99,99,9,9,99,9,99,2,9,6,6,2,47,8,-1,-1,-1,-1,4,E01001476,0,-1
2020350931678,2020,350931678,3,19,0,3,3,3,7,0,0,0,0,0,0,0,2,1,2,2,1,42,7,-1,-1,-1,-1,4,E01033430,0,-1
2020410966987,2020,410966987,1,9,0,3,3,5,1,0,0,1,0,0,0,0,1,1,5,6,1,50,8,-1,-1,-1,-1,9,E01023309,0,-1
2020430218744,2020,430218744,2,1,0,18,19,5,1,0,0,8,0,0,0,0,2,1,6,6,2,57,9,-1,-1,-1,-1,10,E01032956,0,-1
2020360977348,2020,360977348,2,9,0,18,19,0,0,0,0,0,0,0,0,0,3,1,6,6,3,-1,-1,-1,-1,-1,-1,-1,-1,0,-1
2020010248768,2020,010248768,1,1,0,5,5,5,1,4,4,8,0,0,0,0,3,1,6,6,1,27,6,-1,-1,-1,-1,2,E01000007,0,-1
2020230951986,2020,230951986,1,9,0,7,7,1,3,0,0,3,0,0,0,0,1,1,5,6,1,26,6,-1,-1,-1,-1,-1,-1,0,-1
2020010277114,2020,010277114,2,1,0,18,19,7,3,0,0,1,0,0,0,0,1,1,1,1,1,30,6,-1,-1,-1,-1,4,E01004061,0,-1
2020010231736,2020,010231736,1,1,9,99,99,9,9,99,99,9,9,99,9,99,9,-1,2,2,2,25,5,-1,-1,-1,-1,3,E01003250,0,-1
2020140988735,2020,140988735,3,98,0,2,2,0,0,0,0,0,0,0,0,0,3,1,6,6,3,-1,-1,-1,-1,-1,-1,-1,-1,0,-1
2020450968469,2020,450968469,2,1,0,18,19,5,1,0,0,0,0,0,0,0,2,1,5,6,1,28,6,-1,-1,-1,-1,4,E01030615,0,-1
2020610017820,2020,610017820,1,1,0,15,15,2,6,0,0,0,0,8,0,0,1,1,2,2,1,46,8,-1,-1,-1,-1,2,W01001618,0,-1
2020440160366,2020,440160366,1,1,0,18,19,6,2,0,0,8,0,0,0,0,4,1,6,6,1,58,9,-1,-1,-1,-1,10,E01023005,0,-1
2020990971321,2020,990971321,2,1,0,18,19,7,3,0,0,1,0,0,0,0,1,1,6,6,1,24,5,-1,-1,-1,-1,-1,-1,0,-1
2020450947138,2020,450947138,1,1,0,18,19,3,7,0,0,1,0,11,1,0,1,1,5,6,1,66,10,-1,-1,-1,-1,10,E01030369,0,-1
2020052002017,2020,052002017,2,1,0,18,19,7,3,0,0,0,0,0,0,0,3,1,6,6,1,47,8,-1,-1,-1,-1,1,E01006679,0,-1
2020010269225,2020,010269225,2,90,0,99,99,9,9,99,99,9,9,99,9,99,2,9,6,6,3,-1,-1,-1,-1,-1,-1,-1,-1,0,-1
2020211025130,2020,211025130,2,90,0,18,19,2,5,0,0,1,0,0,0,0,0,1,1,1,3,-1,-1,-1,-1,-1,-1,-1,-1,0,-1
2020161002131,2020,161002131,2,1,0,16,19,8,4,0,0,0,0,0,0,0,2,1,6,6,1,78,11,-1,-1,-1,-1,4,E01013049,0,-1
2020548584420,2020,548584420,1,9,0,1,1,2,6,0,0,0,0,0,1,11,1,1,1,1,1,53,8,-1,-1,-1,-1,6,E01015009,0,-1
2020041005973,2020,041005973,2,1,0,18,19,6,2,0,0,5,0,0,0,0,3,1,4,7,1,12,3,-1,-1,-1,-1,3,E01025429,0,-1
2020040932847,2020,040932847,2,9,0,17,19,5,1,0,0,8,2,0,7,9,4,1,5,6,1,24,5,-1,-1,-1,-1,1,E01025062,0,-1
2020320500425,2020,320500425,2,1,0,18,19,7,3,0,0,0,0,0,0,0,1,1,6,6,1,31,6,-1,-1,-1,-1,8,E01032994,0,-1
2020522101012,2020,522101012,1,9,0,18,19,6,2,0,0,2,0,0,0,0,1,1,6,6,1,44,7,-1,-1,-1,-1,7,E01014916,0,-1
2020137C60625,2020,137C60625,2,1,0,18,19,3,7,0,0,8,0,0,0,0,1,1,6,6,1,54,8,-1,-1,-1,-1,2,E01011274,0,-1
2020430128327,2020,430128327,1,9,0,18,19,8,4,0,0,0,0,0,0,0,1,1,6,6,1,44,7,-1,-1,-1,-1,-1,-1,0,-1
2020522101308,2020,522101308,1,9,0,4,4,4,8,0,0,0,0,0,0,0,0,1,6,6,1,22,5,-1,-1,-1,-1,8,E01015003,0,-1
2020070521162,2020,070521162,1,9,0,18,19,8,4,0,0,0,0,0,0,0,1,2,6,6,1,-1,-1,-1,-1,-1,-1,-1,-1,0,-1
2020160948769,2020,160948769,1,19,0,18,19,8,4,0,0,0,0,11,0,0,0,1,6,6,3,-1,-1,-1,-1,-1,-1,-1,-1,0,-1
202060Y098702,2020,60Y098702,1,-1,0,18,19,4,8,0,0,1,0,0,0,0,1,1,6,6,1,15,3,-1,-1,-1,-1,-1,-1,1,-1
2020161012614,2020,161012614,4,9,0,2,2,0,0,0,0,0,0,0,0,0,2,1,6,6,3,-1,-1,-1,-1,-1,-1,-1,-1,0,-1
20201377A0538,2020,1377A0538,1,1,0,9,9,5,3,9,9,6,0,0,0,0,3,1,6,6,1,60,9,-1,-1,-1,-1,2,E01011913,0,-1
2020430279720,2020,430279720,2,1,0,18,19,7,3,0,0,8,0,0,0,0,1,1,4,7,1,16,4,-1,-1,-1,-1,3,E01016714,0,-1
2020530959300,2020,530959300,2,1,0,18,19,1,4,0,0,3,0,10,6,0,0,1,6,6,1,46,8,-1,-1,-1,-1,9,E01022422,0,-1
2020160927027,2020,160927027,1,19,0,18,19,3,7,0,0,0,0,0,0,0,4,1,6,6,2,-1,-1,-1,-1,-1,-1,-1,-1,0,-1
2020052001007,2020,052001007,1,9,0,13,13,2,6,0,0,0,0,0,0,0,4,1,6,6,3,-1,-1,-1,-1,-1,-1,-1,-1,0,-1
2020137BK0216,2020,137BK0216,1,1,0,13,13,6,2,0,0,0,0,0,0,0,1,1,2,2,1,22,5,-1,-1,-1,-1,5,E01011479,0,-1
2020320615931,2020,320615931,2,1,0,18,19,3,7,0,0,0,5,0,0,0,0,1,6,6,1,39,7,-1,-1,-1,-1,4,E01026259,0,-1
2020546403120,2020,546403120,2,9,0,18,19,0,6,0,0,1,0,0,1,0,1,1,6,6,1,54,8,-1,-1,-1,-1,5,E01031898,0,-1
2020552100014,2020,552100014,2,1,0,18,19,7,3,0,0,8,0,0,0,0,1,1,6,6,1,26,6,-1,-1,-1,-1,3,E01015285,0,-1
2020302001641,2020,302001641,2,1,0,18,19,4,8,0,0,1,0,0,0,0,1,1,6,6,1,73,10,-1,-1,-1,-1,9,E01013464,0,-1
2020010238373,2020,010238373,2,9,0,18,19,5,1,0,0,1,0,0,0,0,3,2,6,6,3,-1,-1,-1,-1,-1,-1,-1,-1,0,-1
2020622000302,2020,622000302,2,9,0,18,19,5,8,0,0,0,0,0,0,0,2,1,1,1,1,40,7,-1,-1,-1,-1,4,W01001061,0,-1
2020040942161,2020,040942161,2,1,0,18,19,1,7,0,0,0,0,0,0,0,0,1,5,6,1,48,8,-1,-1,-1,-1,9,E01025551,0,-1
2020332000603,2020,332000603,1,5,0,13,13,3,7,0,0,0,1,0,7,7,1,1,6,6,1,40,7,-1,-1,-1,-1,5,E01025716,0,-1
2020010260903,2020,010260903,2,1,0,18,19,3,7,0,0,1,0,0,0,0,2,1,2,2,1,24,5,-1,-1,-1,-1,3,E01003916,0,-1
2020100952231,2020,100952231,1,9,0,5,5,8,2,0,0,4,0,0,0,0,4,1,5,6,1,42,7,-1,-1,-1,-1,6,E01020608,0,-1
2020460936761,2020,460936761,1,19,0,9,9,5,2,0,0,0,0,0,0,0,2,1,6,6,1,-1,-1,-1,-1,-1,-1,-1,-1,0,-1
2020552001189,2020,552001189,2,1,0,18,19,6,2,0,0,8,1,0,0,0,4,1,6,6,2,58,9,-1,-1,-1,-1,5,E01033288,0,-1
2020040984840,2020,040984840,1,1,0,9,9,1,1,0,0,0,0,0,0,0,1,1,4,7,1,11,3,-1,-1,-1,-1,4,E01012713,0,-1
2020052000874,2020,052000874,1,9,0,5,5,3,7,0,0,1,0,0,0,0,1,1,6,6,1,31,6,-1,-1,-1,-1,6,E01006487,0,-1
2020470933488,2020,470933488,2,1,0,18,19,7,3,0,0,1,1,0,0,0,1,1,4,7,1,17,4,-1,-1,-1,-1,3,E01031358,0,-1
2020440081620,2020,440081620,1,9,0,18,19,4,8,0,0,0,0,0,0,0,1,1,6,6,1,24,5,-1,-1,-1,-1,4,E01017071,0,-1
2020332000149,2020,332000149,2,97,0,18,19,2,6,0,0,1,0,0,0,0,3,1,6,6,1,13,3,-1,-1,-1,-1,6,E01025690,0,-1
2020010247114,2020,010247114,2,1,0,17,19,2,6,0,0,3,0,9,0,0,1,1,6,6,1,60,9,-1,-1,-1,-1,10,E01002458,0,-1
2020410955927,2020,410955927,1,9,0,18,19,5,1,0,0,0,1,0,0,0,1,1,1,1,2,24,5,-1,-1,-1,-1,6,E01023317,0,-1
2020010272915,2020,010272915,2,19,0,99,99,9,9,99,99,9,9,99,9,99,1,9,6,6,3,-1,-1,-1,-1,-1,-1,-1,-1,0,-1
2020440240082,2020,440240082,2,9,0,9,9,5,3,0,0,8,0,0,0,0,4,1,6,6,1,49,8,-1,-1,-1,-1,7,E01017094,0,-1
2020522005156,2020,522005156,1,9,0,3,3,8,4,0,0,0,0,0,0,0,2,1,6,6,1,49,8,-1,-1,-1,-1,4,E01014571,0,-1
2020100958718,2020,100958718,2,1,0,18,19,5,5,0,0,1,5,0,0,0,4,1,5,6,2,53,8,-1,-1,-1,-1,9,E01020786,0,-1
2020622000113,2020,622000113,2,1,0,18,19,6,2,2,2,8,0,0,0,0,3,1,6,6,1,69,10,-1,-1,-1,-1,1,W01001866,0,-1
2020530953228,2020,530953228,1,1,0,18,19,-1,-1,0,0,6,0,0,0,0,1,1,5,6,1,17,4,-1,-1,-1,-1,7,E01022392,0,-1
2020520004808,2020,520004808,2,1,0,18,19,3,7,0,0,0,0,0,0,0,2,1,6,6,1,13,3,-1,-1,-1,-1,7,E01029140,0,-1
2020010272753,2020,010272753,1,9,9,7,7,5,7,0,0,5,9,99,9,99,3,9,6,6,3,-1,-1,-1,-1,-1,-1,-1,-1,0,-1
2020100981370,2020,100981370,3,1,0,3,3,2,6,0,0,1,0,0,0,0,1,1,5,6,1,39,7,-1,-1,-1,-1,3,E01008537,0,-1
2020350928631,2020,350928631,1,1,0,5,5,4,6,0,0,2,5,0,0,0,0,1,2,2,1,29,6,-1,-1,-1,-1,9,E01027254,0,-1
2020200996299,2020,200996299,1,9,-1,-1,-1,-1,-1,-1,-1,1,0,0,0,0,-1,1,6,6,2,-1,-1,-1,-1,-1,-1,-1,-1,0,-1
2020010278692,2020,010278692,1,1,0,18,19,1,5,0,0,2,0,0,0,0,0,1,6,6,1,82,11,-1,-1,-1,-1,3,E01003091,0,-1
202060Y024654,2020,60Y024654,1,9,0,18,19,4,8,0,0,0,0,0,0,0,1,1,6,6,1,42,7,-1,-1,-1,-1,-1,-1,0,-1
2020332001233,2020,332001233,1,9,0,18,19,4,8,0,0,8,0,0,0,0,0,1,6,6,1,27,6,-1,-1,-1,-1,-1,-1,0,-1
2020100979797,2020,100979797,1,9,0,18,19,3,7,0,0,6,0,0,0,0,1,1,6,6,3,-1,-1,-1,-1,-1,-1,-1,-1,0,-1
2020122000547,2020,122000547,2,1,0,18,19,7,3,0,0,8,0,0,0,0,1,1,6,6,1,40,7,-1,-1,-1,-1,4,E01027910,0,-1
20201374H1439,2020,1374H1439,2,9,0,18,19,7,3,0,0,0,5,0,0,0,1,1,2,2,1,26,6,-1,-1,-1,-1,1,E01011756,0,-1
2020420982910,2020,420982910,2,1,0,17,19,5,1,0,0,3,0,0,0,0,4,1,2,2,2,31,6,-1,-1,-1,-1,9,E01021593,0,-1
2020302000571,2020,302000571,1,8,0,17,19,1,5,0,0,0,0,0,1,4,1,1,6,6,1,20,4,-1,-1,-1,-1,2,E01019510,0,-1
2020010286174,2020,010286174,1,21,0,5,5,1,5,8,6,4,0,0,0,0,3,1,2,2,1,47,8,-1,-1,-1,-1,10,E01017650,0,-1
2020520004788,2020,520004788,2,9,0,18,19,6,2,0,0,0,0,0,0,0,1,1,6,6,1,51,8,-1,-1,-1,-1,10,E01030204,0,-1
2020440373901,2020,440373901,1,9,0,9,9,5,4,0,0,6,0,0,0,0,1,1,6,6,1,88,11,-1,-1,-1,-1,10,E01023276,0,-1
2020501008722,2020,501008722,1,98,0,16,19,4,8,0,0,0,0,0,0,0,0,1,1,1,1,27,6,-1,-1,-1,-1,6,E01019061,0,-1
2020010240961,2020,010240961,2,9,0,99,99,9,9,0,0,1,0,0,0,0,4,1,6,6,3,-1,-1,-1,-1,-1,-1,-1,-1,0,-1
2020990961119,2020,990961119,1,1,0,18,19,7,3,4,4,0,0,11,0,0,1,1,2,2,1,54,8,-1,-1,-1,-1,8,-1,0,-1
2020371007992,2020,371007992,3,9,0,2,2,0,0,0,0,1,0,0,0,0,1,1,6,6,3,-1,-1,-1,-1,-1,-1,-1,-1,0,-1
2020010262715,2020,010262715,2,1,0,18,19,2,6,0,0,1,0,4,0,0,1,1,2,2,2,30,6,-1,-1,-1,-1,3,E01001733,0,-1
2020350981966,2020,350981966,3,9,-1,2,2,-1,-1,6,6,1,0,0,0,0,-1,1,6,6,3,-1,-1,-1,-1,-1,-1,-1,-1,0,-1