collision_index,collision_year,collision_ref_no,vehicle_reference,vehicle_type,towing_and_articulation,vehicle_manoeuvre_historic,vehicle_manoeuvre,vehicle_direction_from,vehicle_direction_to,vehicle_location_restricted_lane_historic,vehicle_location_restricted_lane,junction_location,skidding_and_overturning,hit_object_in_carriageway,vehicle_leaving_carriageway,hit_object_off_carriageway,first_point_of_impact,vehicle_left_hand_drive,journey_purpose_of_driver_historic,journey_purpose_of_driver,sex_of_driver,age_of_driver,age_band_of_driver,engine_capacity_cc,propulsion_code,age_of_vehicle,generic_make_model,driver_imd_decile,lsoa_of_driver,escooter_flag,driver_distance_banding
2020010281178,2020,010281178,2,9,0,99,99,9,9,99,99,9,9,99,9,99,1,9,6,6,3,30,6,-1,-1,-1,-1,-1,-1,0,-1
2020500986541,2020,500986541,1,9,0,18,19,7,3,0,0,0,0,0,2,10,3,1,6,6,3,-1,-1,-1,-1,-1,-1,-1,-1,0,-1
2020010270756,2020,010270756,1,1,9,99,99,9,9,99,99,9,9,99,9,99,9,1,6,6,1,58,9,-1,-1,-1,-1,4,E01004694,0,-1
2020410955161,2020,410955161,2,1,0,18,19,1,5,0,0,2,0,0,0,0,3,1,1,1,1,43,7,-1,-1,-1,-1,8,E01023708,0,-1
2020010244628,2020,010244628,2,1,0,4,4,3,7,0,0,1,0,4,0,0,3,1,2,2,2,24,5,-1,-1,-1,-1,7,E01020537,0,-1
2020010261721,2020,010261721,2,1,0,18,19,1,5,0,0,1,0,0,0,0,1,1,1,1,1,23,5,-1,-1,-1,-1,4,E01000323,0,-1
2020421005275,2020,421005275,1,9,0,-1,-1,-1,-1,0,0,0,0,0,0,0,-1,1,6,6,3,-1,-1,-1,-1,-1,-1,-1,-1,0,-1
2020440441992,2020,440441992,1,1,0,18,19,5,1,0,0,8,0,0,0,0,1,1,6,6,1,20,4,-1,-1,-1,-1,4,E01017137,0,-1
2020111007152,2020,111007152,2,1,0,18,19,2,7,0,0,1,0,0,0,0,4,1,5,6,1,79,11,-1,-1,-1,-1,1,E01020907,0,-1
2020470917080,2020,470917080,1,9,0,18,19,6,2,0,0,0,0,4,0,0,1,1,2,2,1,65,9,-1,-1,-1,-1,6,E01021186,0,-1
2020010269425,2020,010269425,2,9,0,99,99,9,9,99,99,0,9,99,9,99,9,9,6,6,3,-1,-1,-1,-1,-1,-1,-1,-1,0,-1
2020122000770,2020,122000770,2,1,0,18,19,5,7,0,0,6,0,0,0,0,1,1,6,6,1,31,6,-1,-1,-1,-1,5,E01033069,0,-1
2020010250381,2020,010250381,2,1,0,4,4,4,8,0,0,0,0,0,0,0,1,1,1,1,1,45,7,-1,-1,-1,-1,3,E01001262,0,-1
2020430184789,2020,430184789,1,9,0,18,19,7,3,0,0,0,1,0,1,9,1,1,6,6,1,58,9,-1,-1,-1,-1,8,E01016759,0,-1
2020040956622,2020,040956622,1,9,0,18,19,3,7,0,0,1,0,0,0,0,0,1,6,6,3,-1,-1,-1,-1,-1,-1,-1,-1,0,-1
2020332000741,2020,332000741,6,9,0,2,2,0,0,0,0,0,0,0,0,0,3,1,6,6,1,40,7,-1,-1,-1,-1,1,E01013634,0,-1
202060Y017820,2020,60Y017820,1,19,0,18,19,5,1,0,0,0,0,0,0,0,1,1,1,1,1,44,7,-1,-1,-1,-1,-1,-1,0,-1
2020010285946,2020,010285946,1,2,9,99,99,9,9,99,99,9,9,99,9,99,1,1,6,6,3,30,6,-1,-1,-1,-1,-1,-1,0,-1
2020460955369,2020,460955369,2,1,0,2,2,3,7,0,0,0,0,0,0,0,1,1,6,6,1,14,3,-1,-1,-1,-1,7,E01024013,0,-1
2020010250184,2020,010250184,2,9,0,18,19,6,2,0,0,0,0,0,0,0,0,1,6,6,3,-1,-1,-1,-1,-1,-1,-1,-1,0,-1
2020220936929,2020,220936929,2,1,0,18,19,8,4,0,0,3,0,0,0,0,2,1,5,6,1,52,8,-1,-1,-1,-1,5,E01014178,0,-1
2020420926235,2020,420926235,1,1,0,18,19,7,3,0,0,0,2,0,0,0,1,1,5,6,1,40,7,-1,-1,-1,-1,4,E01016011,0,-1
2020040956090,2020,040956090,1,1,0,18,19,2,6,0,0,6,0,0,0,0,3,1,5,6,2,9,2,-1,-1,-1,-1,1,E01025189,0,-1
2020010262219,2020,010262219,1,1,9,99,99,9,9,99,99,9,9,99,9,99,1,1,2,2,1,60,9,-1,-1,-1,-1,4,E01002611,0,-1
2020010256685,2020,010256685,2,1,0,16,19,3,6,0,0,3,0,0,1,0,2,1,6,6,2,52,8,-1,-1,-1,-1,9,E01003809,0,-1
2020410992147,2020,410992147,1,9,0,16,19,7,3,0,0,0,0,0,0,0,3,1,5,6,2,31,6,-1,-1,-1,-1,2,E01001982,0,-1
2020440238667,2020,440238667,1,9,0,17,19,1,7,0,0,8,0,0,0,0,1,1,6,6,1,44,7,-1,-1,-1,-1,1,E01017336,0,-1
2020160957117,2020,160957117,2,9,0,9,9,3,1,0,0,6,0,0,0,0,1,1,6,6,3,-1,-1,-1,-1,-1,-1,-1,-1,0,-1
2020400958440,2020,400958440,2,9,0,18,19,5,1,0,0,0,0,0,0,0,1,1,5,6,1,22,5,-1,-1,-1,-1,3,E01017536,0,-1
202060Y147376,2020,60Y147376,2,9,0,18,19,4,8,0,0,0,0,0,0,0,3,1,1,1,1,36,7,-1,-1,-1,-1,-1,-1,0,-1
2020430407447,2020,430407447,2,1,0,18,19,2,6,5,5,1,0,0,0,0,2,1,4,7,1,15,3,-1,-1,-1,-1,-1,-1,0,-1
2020201007943,2020,201007943,2,1,0,18,19,5,1,0,0,1,0,0,0,0,1,1,6,6,1,25,5,-1,-1,-1,-1,2,E01010073,0,-1
2020990954666,2020,990954666,2,9,0,2,2,0,0,9,9,1,0,0,0,0,1,1,6,6,3,-1,-1,-1,-1,-1,-1,-1,-1,0,-1
2020430303783,2020,430303783,1,1,0,18,19,7,3,0,0,7,0,0,0,0,3,1,6,6,1,29,6,-1,-1,-1,-1,8,E01028478,0,-1
2020990938441,2020,990938441,2,1,0,18,19,7,3,0,0,8,0,0,0,0,4,1,1,1,1,23,5,-1,-1,-1,-1,7,-1,0,-1
2020332000869,2020,332000869,2,19,0,18,19,5,1,0,0,0,0,0,0,0,2,1,2,2,1,60,9,-1,-1,-1,-1,1,E01013867,0,-1
2020332001220,2020,332001220,2,9,0,18,19,5,1,0,0,0,0,0,0,0,0,1,6,6,1,78,11,-1,-1,-1,-1,-1,-1,0,-1
2020470925808,2020,470925808,3,9,0,9,9,5,3,0,0,0,0,0,0,0,0,1,6,6,3,-1,-1,-1,-1,-1,-1,-1,-1,0,-1
2020370948997,2020,370948997,1,8,0,5,5,3,7,0,0,0,0,0,0,0,0,1,6,6,3,-1,-1,-1,-1,-1,-1,-1,-1,0,-1
2020010279483,2020,010279483,2,1,0,18,19,7,3,0,0,8,5,0,0,0,1,1,6,6,1,47,8,-1,-1,-1,-1,4,E01001756,0,-1
2020010250794,2020,010250794,1,9,0,18,19,8,4,0,0,1,0,0,0,0,1,1,1,1,1,44,7,-1,-1,-1,-1,5,E01000583,0,-1
2020450929260,2020,450929260,1,1,0,4,4,7,3,0,0,0,1,0,0,0,0,1,2,2,2,38,7,-1,-1,-1,-1,6,E01030896,0,-1
2020200937346,2020,200937346,1,9,0,18,19,-1,-1,0,0,8,0,0,0,0,3,1,6,6,3,-1,-1,-1,-1,-1,-1,-1,-1,0,-1
2020010250697,2020,010250697,2,1,0,18,19,5,1,0,0,1,0,0,0,0,1,1,6,6,2,30,6,-1,-1,-1,-1,2,E01002712,0,-1
2020010249794,2020,010249794,1,9,0,18,19,1,5,0,0,0,0,0,0,0,4,1,6,6,2,24,5,-1,-1,-1,-1,5,E01004521,0,-1
202054A155220,2020,54A155220,2,1,0,18,19,6,2,0,0,0,0,0,0,0,4,1,4,7,1,15,3,-1,-1,-1,-1,1,E01015572,0,-1
2020531007037,2020,531007037,2,1,0,18,19,5,1,0,0,0,5,0,0,0,4,1,4,7,1,15,3,-1,-1,-1,-1,10,E01032939,0,-1
2020010279877,2020,010279877,2,1,0,18,19,5,1,0,0,1,0,0,0,0,2,1,6,6,2,42,7,-1,-1,-1,-1,3,E01002102,0,-1
2020010229954,2020,010229954,2,1,0,5,5,7,3,0,0,1,0,0,0,0,1,1,6,6,1,14,3,-1,-1,-1,-1,3,E01004064,0,-1
2020010281263,2020,010281263,2,1,0,18,19,7,3,0,0,1,0,0,0,0,1,1,6,6,1,24,5,-1,-1,-1,-1,3,E01002850,0,-1
2020200943973,2020,200943973,1,9,0,18,19,4,8,0,0,0,0,0,0,0,1,1,6,6,3,-1,-1,-1,-1,-1,-1,-1,-1,0,-1
202006G173317,2020,06G173317,5,9,0,3,3,6,2,0,0,0,0,0,0,0,0,1,6,6,2,30,6,-1,-1,-1,-1,6,E01005936,0,-1
2020160998435,2020,160998435,2,1,0,18,19,8,4,0,0,1,0,0,0,0,1,1,5,6,1,63,9,-1,-1,-1,-1,10,E01012978,0,-1
2020332000064,2020,332000064,1,9,0,4,4,3,7,0,0,2,0,0,0,0,2,1,6,6,1,41,7,-1,-1,-1,-1,2,E01002638,0,-1
2020470999945,2020,470999945,1,1,0,9,9,6,4,0,0,2,0,0,1,0,4,1,2,2,1,31,6,-1,-1,-1,-1,4,E01031553,0,-1
2020100993128,2020,100993128,2,1,0,18,19,1,5,0,0,8,2,0,0,0,4,1,5,6,1,49,8,-1,-1,-1,-1,4,E01008174,0,-1
2020350956482,2020,350956482,3,19,-1,-1,-1,-1,-1,-1,-1,0,-1,-1,-1,0,-1,1,1,1,3,-1,-1,-1,-1,-1,-1,-1,-1,0,-1
2020302000344,2020,302000344,1,1,0,18,19,3,7,0,0,6,0,0,0,0,3,1,6,6,1,20,4,-1,-1,-1,-1,2,E01019565,0,-1
2020010228522,2020,010228522,1,19,0,99,99,9,9,99,99,9,9,99,9,99,9,9,6,6,3,-1,-1,-1,-1,-1,-1,-1,-1,0,-1
2020360957889,2020,360957889,2,1,0,18,19,-1,-1,0,0,2,0,0,0,0,-1,1,5,6,1,43,7,-1,-1,-1,-1,4,E01026891,0,-1
2020010236903,2020,010236903,1,1,9,18,19,5,1,2,2,1,9,0,0,99,3,1,2,2,2,38,7,-1,-1,-1,-1,6,E01033570,0,-1
2020470970931,2020,470970931,2,9,0,2,2,0,0,0,0,0,0,0,0,0,1,1,6,6,3,-1,-1,-1,-1,-1,-1,-1,-1,0,-1
2020440003814,2020,440003814,1,8,0,2,2,0,0,0,0,8,0,0,1,0,0,1,1,1,1,42,7,-1,-1,-1,-1,4,E01017234,0,-1
2020010237609,2020,010237609,2,1,0,18,19,7,3,0,0,8,0,0,0,0,0,1,6,6,1,40,7,-1,-1,-1,-1,5,E01004052,0,-1
2020200989486,2020,200989486,2,9,0,5,5,7,1,0,0,0,0,0,0,0,1,1,6,6,1,-1,-1,-1,-1,-1,-1,-1,-1,0,-1
2020110962495,2020,110962495,1,9,0,7,7,2,4,0,0,2,0,0,0,0,4,1,6,6,3,30,6,-1,-1,-1,-1,-1,-1,0,-1
2020010278596,2020,010278596,1,1,9,99,99,9,9,99,99,9,9,99,9,99,9,1,6,6,1,28,6,-1,-1,-1,-1,3,E01002701,0,-1
2020430158634,2020,430158634,7,9,0,2,2,0,0,0,0,0,0,0,0,0,3,1,6,6,3,-1,-1,-1,-1,-1,-1,-1,-1,0,-1
2020990969469,2020,990969469,3,9,0,2,2,0,0,0,0,0,0,0,0,0,2,1,6,6,3,-1,-1,-1,-1,-1,-1,-1,-1,0,-1
2020221004933,2020,221004933,2,1,0,18,19,3,7,0,0,8,0,0,0,0,4,1,2,2,1,62,9,-1,-1,-1,-1,10,E01032300,0,-1
2020350975510,2020,350975510,2,1,-1,18,19,2,7,0,0,0,0,0,0,0,-1,1,1,1,1,30,6,-1,-1,-1,-1,4,E01017947,0,-1
2020052001353,2020,052001353,2,1,0,13,13,1,5,0,0,0,0,0,0,0,1,1,1,1,3,-1,-1,-1,-1,-1,-1,-1,-1,0,-1
2020302000577,2020,302000577,2,9,0,18,19,8,4,0,0,0,0,0,0,0,1,1,6,6,1,74,10,-1,-1,-1,-1,7,E01019548,0,-1
2020010238724,2020,010238724,2,9,0,6,6,3,3,0,0,2,0,0,0,0,3,1,6,6,3,-1,-1,-1,-1,-1,-1,-1,-1,0,-1
2020520003740,2020,520003740,2,9,0,18,19,8,4,0,0,8,0,0,0,0,4,1,6,6,1,39,7,-1,-1,-1,-1,2,W01000856,0,-1
2020052001824,2020,052001824,1,1,0,18,19,3,7,0,0,0,0,0,0,0,1,1,6,6,1,6,2,-1,-1,-1,-1,1,E01006734,0,-1
202031D100820,2020,31D100820,1,2,0,18,19,8,4,0,0,0,0,0,0,0,1,1,6,6,1,-1,-1,-1,-1,-1,-1,-1,-1,0,-1
2020522002687,2020,522002687,2,9,0,18,19,3,7,0,0,1,0,0,0,0,1,1,6,6,1,43,7,-1,-1,-1,-1,5,E01014679,0,-1
20201379H0811,2020,1379H0811,2,1,0,18,19,7,3,4,4,1,0,0,0,0,1,1,6,6,2,25,5,-1,-1,-1,-1,3,E01011488,0,-1
2020522002232,2020,522002232,2,19,0,18,19,5,1,0,0,0,0,0,0,0,1,1,6,6,3,40,7,-1,-1,-1,-1,-1,-1,0,-1
2020990952641,2020,990952641,2,1,0,12,12,8,5,0,0,0,0,0,0,0,4,1,5,6,2,9,2,-1,-1,-1,-1,3,-1,0,-1
202006A277941,2020,06A277941,2,9,0,7,7,4,6,0,0,5,0,0,0,0,0,1,1,1,1,39,7,-1,-1,-1,-1,1,E01005108,0,-1
2020210989580,2020,210989580,1,19,-1,-1,-1,-1,-1,-1,-1,-1,-1,-1,-1,0,-1,1,6,6,1,49,8,-1,-1,-1,-1,6,E01029837,0,-1
2020990987571,2020,990987571,2,9,0,2,2,0,0,0,0,0,0,0,0,0,3,1,6,6,3,-1,-1,-1,-1,-1,-1,-1,-1,0,-1
2020230990125,2020,230990125,2,1,0,9,9,2,7,0,0,4,0,0,0,0,2,1,5,6,2,40,7,-1,-1,-1,-1,1,E01031116,0,-1
2020211008921,2020,211008921,1,9,0,18,19,1,5,0,0,0,0,10,1,0,4,1,6,6,1,29,6,-1,-1,-1,-1,9,E01019850,0,-1
2020010270756,2020,010270756,2,3,0,99,99,9,9,99,99,9,9,99,9,99,9,1,6,6,3,-1,-1,-1,-1,-1,-1,-1,-1,0,-1
2020420999272,2020,420999272,4,19,0,18,19,2,6,0,0,1,0,0,0,0,2,1,6,6,3,-1,-1,-1,-1,-1,-1,-1,-1,0,-1
2020500922330,2020,500922330,2,9,0,18,19,5,1,0,0,8,1,0,0,0,4,1,6,6,1,39,7,-1,-1,-1,-1,4,E01015247,0,-1
2020440024191,2020,440024191,3,9,0,18,19,8,4,0,0,0,0,0,0,0,1,1,2,2,2,23,5,-1,-1,-1,-1,8,E01023232,0,-1
2020010256569,2020,010256569,1,1,9,18,19,5,1,0,0,2,5,0,0,99,2,1,6,6,1,50,8,-1,-1,-1,-1,4,E01000313,0,-1
2020010257131,2020,010257131,1,9,0,18,19,7,3,0,0,0,0,0,0,0,0,1,6,6,3,-1,-1,-1,-1,-1,-1,-1,-1,0,-1
202063B074520,2020,63B074520,1,9,0,18,19,-1,-1,0,0,-1,0,0,0,0,0,1,6,6,3,-1,-1,-1,-1,-1,-1,-1,-1,0,-1
2020622000818,2020,622000818,1,20,0,18,19,6,2,0,0,4,0,0,0,0,1,2,1,1,1,40,7,-1,-1,-1,-1,-1,-1,0,-1
2020320602128,2020,320602128,1,9,0,18,19,4,8,0,0,0,0,0,7,0,1,1,6,6,1,19,4,-1,-1,-1,-1,8,E01032991,0,-1
2020332000886,2020,332000886,1,9,0,18,19,5,1,0,0,0,1,0,7,3,1,1,6,6,1,23,5,-1,-1,-1,-1,8,E01028420,0,-1
2020332001158,2020,332001158,2,1,0,18,19,3,7,0,0,0,0,0,0,0,0,1,6,6,1,25,5,-1,-1,-1,-1,-1,-1,0,-1
202006G169335,2020,06G169335,1,9,0,18,19,5,1,0,0,8,0,0,0,0,0,1,6,6,1,30,6,-1,-1,-1,-1,-1,-1,0,-1
202006F177851,2020,06F177851,1,9,0,9,9,1,7,0,0,1,0,0,0,0,1,1,2,2,1,36,7,-1,-1,-1,-1,1,E01005609,0,-1
202031B054220,2020,31B054220,1,11,0,18,19,1,5,0,0,0,0,0,0,0,0,1,1,1,1,35,6,-1,-1,-1,-1,2,E01028044,0,-1
2020010269471,2020,010269471,1,8,0,18,19,3,7,0,0,0,0,0,0,0,3,1,6,6,3,-1,-1,-1,-1,-1,-1,-1,-1,0,-1
2020010260027,2020,010260027,2,1,0,18,19,1,5,0,0,0,0,0,0,0,3,1,6,6,1,26,6,-1,-1,-1,-1,2,E01000931,0,-1
20201376H1515,2020,1376H1515,2,1,0,9,9,7,2,0,0,0,0,0,0,0,4,1,6,6,1,22,5,-1,-1,-1,-1,2,E01011166,0,-1
2020010240850,2020,010240850,2,1,0,17,19,2,6,0,0,1,0,0,0,0,2,1,6,6,1,66,10,-1,-1,-1,-1,6,E01003843,0,-1
2020470979590,2020,470979590,2,1,0,18,19,3,6,4,4,8,0,0,0,0,1,1,6,6,1,34,6,-1,-1,-1,-1,6,E01031484,0,-1
2020031013304,2020,031013304,1,17,5,18,19,5,1,0,0,0,0,0,0,0,0,1,1,1,3,-1,-1,-1,-1,-1,-1,-1,-1,0,-1
2020030955099,2020,030955099,2,9,0,9,9,3,1,0,0,5,0,0,0,0,2,1,6,6,1,27,6,-1,-1,-1,-1,6,E01019130,0,-1
2020332001171,2020,332001171,1,9,0,6,6,5,5,0,0,0,0,0,0,0,0,1,6,6,1,74,10,-1,-1,-1,-1,-1,-1,0,-1
2020370951917,2020,370951917,2,1,0,18,19,8,4,0,0,0,0,0,0,0,3,1,5,6,1,81,11,-1,-1,-1,-1,10,E01018019,0,-1
2020470976817,2020,470976817,2,1,0,18,19,1,5,0,0,1,0,0,1,9,0,1,5,6,2,49,8,-1,-1,-1,-1,4,E01017124,0,-1
2020440035113,2020,440035113,2,9,0,18,19,4,8,0,0,0,0,0,0,0,1,1,2,2,1,54,8,-1,-1,-1,-1,10,E01022770,0,-1
2020010232284,2020,010232284,1,1,0,18,19,3,7,0,0,1,0,0,0,0,4,1,2,2,1,31,6,-1,-1,-1,-1,-1,-1,0,-1
2020470968770,2020,470968770,2,1,0,18,19,5,1,0,0,8,0,0,0,0,2,1,5,6,1,64,9,-1,-1,-1,-1,5,E01030834,0,-1
202060Y138254,2020,60Y138254,1,97,0,18,19,4,8,0,0,0,0,0,0,0,0,1,6,6,3,-1,-1,-1,-1,-1,-1,-1,-1,0,-1
2020350961519,2020,350961519,1,9,-1,-1,-1,-1,-1,-1,-1,-1,-1,-1,-1,0,-1,1,6,6,2,-1,-1,-1,-1,-1,-1,-1,-1,0,-1
202006E371615,2020,06E371615,2,1,0,18,19,3,7,0,0,0,0,0,0,0,3,1,6,6,2,26,6,-1,-1,-1,-1,4,E01005276,0,-1
2020200987474,2020,200987474,1,1,0,14,14,-1,-1,0,0,0,0,0,0,0,3,1,6,6,1,16,4,-1,-1,-1,-1,1,E01010532,0,-1
2020010280069,2020,010280069,1,1,9,99,99,9,9,99,99,9,9,99,9,99,1,1,2,2,2,29,6,-1,-1,-1,-1,3,E01004270,0,-1
2020040996423,2020,040996423,4,9,0,2,2,0,0,0,0,1,0,0,0,0,2,1,6,6,3,-1,-1,-1,-1,-1,-1,-1,-1,0,-1
2020990973759,2020,990973759,1,9,4,17,19,8,4,0,0,0,0,0,0,0,1,2,6,6,1,51,8,-1,-1,-1,-1,-1,-1,0,-1
2020420947991,2020,420947991,2,1,0,17,19,7,3,0,0,8,0,0,0,0,4,1,5,6,1,48,8,-1,-1,-1,-1,3,E01021289,0,-1
2020430370315,2020,430370315,2,19,0,5,5,7,3,0,0,6,0,0,0,0,1,1,1,1,1,50,8,-1,-1,-1,-1,10,E01017631,0,-1
2020040996952,2020,040996952,1,1,0,18,19,1,5,0,0,1,1,0,0,0,1,1,5,6,1,18,4,-1,-1,-1,-1,3,E01025037,0,-1
2020302000963,2020,302000963,1,19,0,18,19,1,5,0,0,0,0,0,0,0,4,1,6,6,3,-1,-1,-1,-1,-1,-1,5,E01019456,0,-1
202060Y179450,2020,60Y179450,2,9,0,18,19,1,5,0,0,1,0,0,0,0,3,1,1,1,1,43,7,-1,-1,-1,-1,-1,-1,0,-1
2020110992858,2020,110992858,1,9,0,16,19,6,2,0,0,0,0,0,0,0,0,1,6,6,3,30,6,-1,-1,-1,-1,-1,-1,0,-1
2020040958689,2020,040958689,1,1,0,18,19,5,1,0,0,0,0,0,0,0,0,1,5,6,1,39,7,-1,-1,-1,-1,4,E01025093,0,-1
2020010267852,2020,010267852,2,19,9,99,99,9,9,99,99,9,9,99,0,0,9,9,6,6,3,-1,-1,-1,-1,-1,-1,-1,-1,0,-1
2020440098300,2020,440098300,1,1,0,18,19,3,7,0,0,8,0,0,0,0,4,1,6,6,2,48,8,-1,-1,-1,-1,7,E01022477,0,-1
2020040983076,2020,040983076,2,98,0,2,2,0,0,0,0,0,0,0,0,0,2,1,6,6,3,-1,-1,-1,-1,-1,-1,-1,-1,0,-1
2020070312609,2020,070312609,2,1,0,18,19,1,5,0,0,0,0,0,0,0,0,1,6,6,2,30,6,-1,-1,-1,-1,1,E01005599,0,-1
2020470965351,2020,470965351,2,11,0,13,13,3,7,0,0,2,0,0,0,0,4,1,1,1,3,-1,-1,-1,-1,-1,-1,-1,-1,0,-1
202060Y063918,2020,60Y063918,1,3,0,16,19,5,1,0,0,0,1,0,0,0,1,1,6,6,1,56,9,-1,-1,-1,-1,-1,-1,0,-1
2020040977231,2020,040977231,4,9,0,2,2,0,0,0,0,8,0,0,0,0,2,1,6,6,3,-1,-1,-1,-1,-1,-1,-1,-1,0,-1
2020070251830,2020,070251830,1,9,0,16,19,8,3,0,0,3,0,10,0,0,4,1,2,2,1,29,6,-1,-1,-1,-1,8,E01028887,0,-1
2020122001005,2020,122001005,1,1,0,18,19,3,5,0,0,0,0,0,0,0,0,1,6,6,2,62,9,-1,-1,-1,-1,10,E01011711,0,-1
2020440273522,2020,440273522,2,1,0,18,19,6,2,0,0,8,0,0,0,0,4,1,6,6,1,57,9,-1,-1,-1,-1,8,E01023078,0,-1
2020990970202,2020,990970202,3,8,0,2,2,0,0,6,6,0,0,0,0,0,3,1,6,6,3,-1,-1,-1,-1,-1,-1,-1,-1,0,-1
2020140963801,2020,140963801,2,9,0,2,2,3,7,6,6,0,0,0,0,0,0,1,6,6,3,-1,-1,-1,-1,-1,-1,-1,-1,0,-1
2020100993692,2020,100993692,1,9,0,18,19,-1,-1,0,0,1,0,0,0,0,1,1,6,6,1,-1,-1,-1,-1,-1,-1,-1,-1,0,-1
2020461023025,2020,461023025,2,1,0,18,19,7,3,0,0,0,0,0,0,0,2,1,6,6,1,37,7,-1,-1,-1,-1,7,E01024355,0,-1
2020140962415,2020,140962415,2,1,0,16,19,5,1,8,6,0,0,0,1,4,1,1,6,6,1,28,6,-1,-1,-1,-1,-1,-1,0,-1
2020220961439,2020,220961439,2,9,0,18,19,7,3,0,0,2,0,0,0,0,3,1,6,6,1,34,6,-1,-1,-1,-1,-1,-1,0,-1
2020370982583,2020,370982583,2,1,0,18,19,1,5,0,0,1,0,0,0,0,1,1,5,6,1,59,9,-1,-1,-1,-1,7,E01030103,0,-1
2020010260078,2020,010260078,2,1,0,18,19,5,1,0,0,1,0,0,0,0,1,1,6,6,1,35,6,-1,-1,-1,-1,2,E01003037,0,-1
2020350925047,2020,350925047,1,9,0,9,9,5,3,0,0,1,0,0,0,0,1,1,6,6,1,33,6,-1,-1,-1,-1,1,E01018108,0,-1
2020332000294,2020,332000294,2,9,0,2,2,0,0,0,0,0,0,0,0,0,0,1,6,6,2,34,6,-1,-1,-1,-1,5,E01013700,0,-1
202060Y033593,2020,60Y033593,2,9,0,4,4,6,2,0,0,0,0,2,0,0,2,1,6,6,1,70,10,-1,-1,-1,-1,-1,-1,0,-1
2020070289976,2020,070289976,2,1,0,18,19,4,8,0,0,8,0,0,0,0,4,1,6,6,1,77,11,-1,-1,-1,-1,8,E01007268,0,-1
2020440384836,2020,440384836,1,9,0,18,19,5,2,0,0,8,0,0,0,0,0,1,6,6,2,66,10,-1,-1,-1,-1,3,E01017335,0,-1
2020010234950,2020,010234950,1,9,0,11,11,3,7,0,0,0,0,0,0,0,4,1,1,1,1,34,6,-1,-1,-1,-1,2,E01001959,0,-1
2020332000450,2020,332000450,1,9,0,16,19,1,4,0,0,0,1,0,7,4,1,1,1,1,1,24,5,-1,-1,-1,-1,7,E01025889,0,-1
2020010272371,2020,010272371,2,-1,0,5,5,0,3,0,0,6,0,0,0,0,3,1,2,2,1,22,5,-1,-1,-1,-1,4,E01000731,1,-1
2020522000577,2020,522000577,2,9,0,18,19,5,1,0,0,1,0,0,0,0,1,1,6,6,3,-1,-1,-1,-1,-1,-1,-1,-1,0,-1
2020470989845,2020,470989845,2,1,0,18,19,7,3,4,4,8,0,0,0,0,1,1,2,2,1,22,5,-1,-1,-1,-1,2,E01016949,0,-1
2020052000438,2020,052000438,2,9,0,18,19,3,7,0,0,0,0,0,0,0,1,1,6,6,3,-1,-1,-1,-1,-1,-1,-1,-1,0,-1
2020332000971,2020,332000971,1,9,0,18,19,5,1,0,0,3,1,0,1,1,1,1,6,6,1,19,4,-1,-1,-1,-1,1,E01013628,0,-1
2020430162927,2020,430162927,1,9,0,18,19,1,7,0,0,8,0,0,0,0,3,1,6,6,1,46,8,-1,-1,-1,-1,-1,-1,0,-1
2020010271488,2020,010271488,1,1,0,18,19,3,7,0,0,1,0,0,0,0,1,1,6,6,1,26,6,-1,-1,-1,-1,6,E01004534,0,-1
202006Q273685,2020,06Q273685,2,1,0,18,19,8,4,0,0,8,5,0,0,0,3,1,6,6,1,64,9,-1,-1,-1,-1,5,E01005388,0,-1
2020320666411,2020,320666411,1,19,0,18,19,1,6,0,0,1,0,0,0,0,3,1,6,6,1,18,4,-1,-1,-1,-1,-1,-1,0,-1
2020010259866,2020,010259866,2,1,9,99,99,9,9,99,99,9,9,99,9,99,9,1,6,6,1,27,6,-1,-1,-1,-1,7,E01002902,0,-1
2020430278048,2020,430278048,3,9,0,18,19,8,4,0,0,1,0,0,0,0,4,1,6,6,1,48,8,-1,-1,-1,-1,8,E01016690,0,-1
202006P375359,2020,06P375359,1,8,0,18,19,7,3,0,0,1,0,0,0,0,1,1,1,1,1,62,9,-1,-1,-1,-1,4,E01005534,0,-1
2020010286555,2020,010286555,2,9,0,18,19,5,1,0,0,0,0,0,0,0,1,1,6,6,3,-1,-1,-1,-1,-1,-1,-1,-1,0,-1
2020440326531,2020,440326531,1,11,0,7,7,3,8,0,0,3,0,0,0,0,4,1,1,1,1,58,9,-1,-1,-1,-1,4,E01017203,0,-1
2020200946368,2020,200946368,1,9,0,18,19,4,8,0,0,0,0,0,0,0,1,1,6,6,3,-1,-1,-1,-1,-1,-1,-1,-1,0,-1
202060Y144825,2020,60Y144825,3,20,0,4,4,2,6,0,0,0,0,0,0,0,2,1,1,1,1,63,9,-1,-1,-1,-1,-1,-1,0,-1
2020440406659,2020,440406659,2,1,0,18,19,8,4,9,9,8,0,0,0,0,1,1,6,6,1,13,3,-1,-1,-1,-1,6,E01022668,0,-1
2020010240961,2020,010240961,1,1,0,99,99,9,9,99,99,1,0,8,0,0,1,1,6,6,1,47,8,-1,-1,-1,-1,5,E01001829,0,-1
2020140966046,2020,140966046,2,1,0,5,5,5,1,0,0,1,0,0,0,0,3,1,6,6,1,28,6,-1,-1,-1,-1,4,E01007995,0,-1
2020430277553,2020,430277553,2,11,0,18,19,5,1,0,0,0,0,0,0,0,4,1,1,1,1,26,6,-1,-1,-1,-1,4,E01017905,0,-1
2020010285684,2020,010285684,1,4,0,18,19,4,8,0,0,6,0,0,0,0,3,1,6,6,1,29,6,-1,-1,-1,-1,4,E01002762,0,-1
2020140926856,2020,140926856,1,9,0,18,19,1,3,0,0,1,0,0,0,0,1,1,1,1,2,39,7,-1,-1,-1,-1,7,E01007692,0,-1
2020010264686,2020,010264686,2,4,0,99,99,9,9,99,99,9,9,99,9,99,1,1,6,6,3,-1,-1,-1,-1,-1,-1,9,E01000991,0,-1
2020410946516,2020,410946516,2,1,0,9,9,7,3,0,0,3,0,0,0,0,2,1,6,6,2,43,7,-1,-1,-1,-1,10,E01023968,0,-1
2020332000127,2020,332000127,2,9,0,18,19,8,4,0,0,0,0,0,0,0,2,1,6,6,1,54,8,-1,-1,-1,-1,9,E01025687,0,-1