collision_index,collision_year,collision_ref_no,vehicle_reference,vehicle_type,towing_and_articulation,vehicle_manoeuvre_historic,vehicle_manoeuvre,vehicle_direction_from,vehicle_direction_to,vehicle_location_restricted_lane_historic,vehicle_location_restricted_lane,junction_location,skidding_and_overturning,hit_object_in_carriageway,vehicle_leaving_carriageway,hit_object_off_carriageway,first_point_of_impact,vehicle_left_hand_drive,journey_purpose_of_driver_historic,journey_purpose_of_driver,sex_of_driver,age_of_driver,age_band_of_driver,engine_capacity_cc,propulsion_code,age_of_vehicle,generic_make_model,driver_imd_decile,lsoa_of_driver,escooter_flag,driver_distance_banding
2020010254640,2020,010254640,2,9,0,18,19,1,5,0,0,8,0,0,0,0,1,1,6,6,3,-1,-1,-1,-1,-1,-1,-1,-1,0,-1
2020200994597,2020,200994597,1,9,0,18,19,6,2,0,0,0,0,0,0,0,4,1,6,6,2,-1,-1,-1,-1,-1,-1,-1,-1,0,-1
2020122000769,2020,122000769,2,1,0,7,7,5,7,4,4,6,0,0,0,0,1,1,6,6,2,35,6,-1,-1,-1,-1,10,E01013424,0,-1
2020040956963,2020,040956963,1,9,0,18,19,1,5,0,0,3,0,0,0,0,1,1,6,6,3,-1,-1,-1,-1,-1,-1,-1,-1,0,-1
20201373K1035,2020,1373K1035,2,1,0,9,9,7,3,0,0,0,0,0,0,0,4,1,6,6,1,20,4,-1,-1,-1,-1,1,E01010820,0,-1
2020430294807,2020,430294807,1,1,0,5,5,4,8,0,0,0,0,0,0,0,3,1,6,6,2,83,11,-1,-1,-1,-1,10,E01017751,0,-1
2020522101325,2020,522101325,2,4,0,15,15,1,5,0,0,0,0,10,0,0,1,1,6,6,1,58,9,-1,-1,-1,-1,9,E01022370,0,-1
2020100975885,2020,100975885,1,1,0,18,19,4,8,0,0,0,0,0,0,0,3,1,6,6,1,30,6,-1,-1,-1,-1,-1,-1,0,-1
20201371F1485,2020,1371F1485,1,9,0,18,19,1,5,0,0,0,0,0,0,0,1,1,1,1,2,50,8,-1,-1,-1,-1,-1,-1,0,-1
2020160953743,2020,160953743,2,1,0,18,19,7,3,0,0,0,0,4,0,0,1,1,5,6,1,37,7,-1,-1,-1,-1,1,E01013298,0,-1
2020420993063,2020,420993063,2,1,0,9,9,3,1,0,0,3,0,0,0,0,4,1,6,6,1,30,6,-1,-1,-1,-1,10,E01021242,0,-1
2020990973588,2020,990973588,2,1,0,18,19,1,5,0,0,1,5,0,0,0,3,1,2,2,1,33,6,-1,-1,-1,-1,3,-1,0,-1
2020010231359,2020,010231359,1,9,0,99,99,9,9,0,0,9,9,99,9,99,9,9,6,6,1,41,7,-1,-1,-1,-1,6,E01024512,0,-1
2020430161702,2020,430161702,2,19,0,7,7,1,3,0,0,6,0,0,0,0,4,1,6,6,1,-1,-1,-1,-1,-1,-1,-1,-1,0,-1
2020170M10440,2020,170M10440,1,1,0,18,19,7,3,0,0,8,0,0,0,0,3,1,6,6,1,16,4,-1,-1,-1,-1,8,E01012156,0,-1
2020540384020,2020,540384020,2,17,0,4,4,7,3,0,0,3,0,0,0,0,2,1,2,2,1,24,5,-1,-1,-1,-1,10,E01030499,0,-1
2020430095525,2020,430095525,2,4,0,18,19,6,2,0,0,8,0,0,0,0,3,1,6,6,1,64,9,-1,-1,-1,-1,5,E01016518,0,-1
2020440360030,2020,440360030,2,19,0,18,19,7,3,0,0,0,1,0,0,0,1,1,6,6,1,29,6,-1,-1,-1,-1,3,E01017325,0,-1
202006J171226,2020,06J171226,2,9,0,2,2,0,0,0,0,0,0,0,0,0,3,1,2,2,1,23,5,-1,-1,-1,-1,9,E01005848,0,-1
2020070230674,2020,070230674,2,1,0,9,9,8,6,0,0,1,0,0,0,0,3,1,6,6,2,56,9,-1,-1,-1,-1,10,E01033375,0,-1
2020460923741,2020,460923741,1,9,0,18,19,5,1,0,0,0,5,10,1,7,1,1,6,6,2,38,7,-1,-1,-1,-1,1,E01024155,0,-1
2020221013771,2020,221013771,2,9,0,4,4,2,8,0,0,8,0,0,0,0,3,1,3,7,2,49,8,-1,-1,-1,-1,6,E01014030,0,-1
202060Y035458,2020,60Y035458,3,9,0,18,19,7,3,0,0,0,0,0,0,0,3,1,6,6,2,30,6,-1,-1,-1,-1,-1,-1,0,-1
2020450953026,2020,450953026,1,1,0,13,13,1,5,0,0,1,2,0,0,0,3,1,5,6,2,41,7,-1,-1,-1,-1,8,E01030479,0,-1
202060Y164237,2020,60Y164237,1,9,0,18,19,5,1,0,0,1,0,0,1,4,1,1,2,2,1,42,7,-1,-1,-1,-1,-1,-1,0,-1
2020430178969,2020,430178969,1,9,0,18,19,6,2,0,0,0,0,0,1,0,1,1,6,6,1,29,6,-1,-1,-1,-1,10,E01028475,0,-1
2020622000126,2020,622000126,2,1,0,18,19,3,7,0,0,8,0,0,0,0,1,1,6,6,1,38,7,-1,-1,-1,-1,8,W01001859,0,-1
2020990972761,2020,990972761,2,9,4,18,19,7,3,0,0,4,0,0,0,0,1,1,6,6,1,61,9,-1,-1,-1,-1,5,-1,0,-1
2020470989981,2020,470989981,2,-1,0,18,19,7,3,0,0,1,0,0,0,0,1,1,6,6,2,22,5,-1,-1,-1,-1,7,E01016936,1,-1
2020200930999,2020,200930999,1,11,0,18,19,8,4,0,0,0,0,0,0,0,4,1,6,6,3,-1,-1,-1,-1,-1,-1,-1,-1,0,-1
2020010247524,2020,010247524,1,9,0,7,7,3,5,0,0,1,0,0,0,0,4,1,6,6,3,-1,-1,-1,-1,-1,-1,-1,-1,0,-1
2020332000508,2020,332000508,2,9,0,18,19,7,3,0,0,0,0,0,0,0,4,1,6,6,3,-1,-1,-1,-1,-1,-1,-1,-1,0,-1
2020332000966,2020,332000966,1,9,0,18,19,6,2,0,0,0,0,0,0,0,1,1,6,6,2,67,10,-1,-1,-1,-1,1,E01026109,0,-1
2020122000420,2020,122000420,3,1,0,18,19,1,5,0,0,2,0,0,0,0,3,1,6,6,1,58,9,-1,-1,-1,-1,10,E01013440,0,-1
2020320326889,2020,320326889,1,17,0,18,19,4,8,0,0,0,0,0,0,0,0,1,6,6,3,-1,-1,-1,-1,-1,-1,-1,-1,0,-1
2020522101162,2020,522101162,2,9,0,18,19,1,5,0,0,1,0,0,0,0,1,1,6,6,1,32,6,-1,-1,-1,-1,3,E01014665,0,-1
2020990977929,2020,990977929,4,9,0,2,2,0,0,0,0,0,0,0,0,0,2,1,6,6,3,-1,-1,-1,-1,-1,-1,-1,-1,0,-1
2020010275270,2020,010275270,1,1,9,99,99,9,9,99,99,9,9,99,9,99,9,1,2,2,2,44,7,-1,-1,-1,-1,5,E01000150,0,-1
2020040988722,2020,040988722,1,9,0,18,19,5,1,0,0,1,0,0,0,0,3,1,6,6,3,-1,-1,-1,-1,-1,-1,-1,-1,0,-1
2020470931087,2020,470931087,1,9,0,9,9,3,8,0,0,8,0,0,7,0,1,1,1,1,1,41,7,-1,-1,-1,-1,6,E01031604,0,-1
2020332000487,2020,332000487,2,9,0,6,6,5,5,0,0,0,0,0,0,0,4,1,1,1,2,29,6,-1,-1,-1,-1,8,E01025960,0,-1
2020410998249,2020,410998249,2,1,0,18,19,5,1,0,0,0,0,0,0,0,3,1,5,6,1,21,5,-1,-1,-1,-1,9,E01023442,0,-1
2020010262870,2020,010262870,2,1,0,7,7,3,5,0,0,1,0,0,0,0,3,1,2,2,1,27,6,-1,-1,-1,-1,5,E01001852,0,-1
2020440070457,2020,440070457,1,1,0,4,4,1,3,0,0,1,0,0,0,0,3,1,6,6,1,17,4,-1,-1,-1,-1,9,E01023272,0,-1
2020430027935,2020,430027935,1,1,0,17,19,5,1,0,0,8,0,0,0,0,0,1,6,6,1,37,7,-1,-1,-1,-1,10,E01028693,0,-1
2020420960885,2020,420960885,1,9,0,16,19,6,3,0,0,4,0,0,0,0,1,1,6,6,3,-1,-1,-1,-1,-1,-1,-1,-1,0,-1
2020500970192,2020,500970192,2,1,0,3,3,1,5,0,0,4,0,0,0,0,2,1,5,6,2,36,7,-1,-1,-1,-1,9,E01020086,0,-1
2020010232882,2020,010232882,1,9,0,99,99,9,9,0,0,0,0,0,0,0,9,9,6,6,3,-1,-1,-1,-1,-1,-1,-1,-1,0,-1
2020320122382,2020,320122382,2,1,0,16,19,1,5,0,0,0,2,0,0,0,1,1,6,6,1,29,6,-1,-1,-1,-1,6,E01026380,0,-1
2020990955733,2020,990955733,2,9,0,18,19,7,3,0,0,0,0,0,0,0,0,1,6,6,1,51,8,-1,-1,-1,-1,10,E01027357,0,-1
2020990996044,2020,990996044,1,8,0,9,9,4,7,0,0,6,0,0,0,0,4,1,6,6,1,-1,-1,-1,-1,-1,-1,-1,-1,0,-1
2020440060802,2020,440060802,1,9,0,18,19,1,5,0,0,8,0,0,0,0,1,1,6,6,1,30,6,-1,-1,-1,-1,9,E01022778,0,-1
2020230999233,2020,230999233,1,19,0,17,19,4,1,0,0,0,0,0,0,0,1,1,5,6,1,52,8,-1,-1,-1,-1,6,E01023932,0,-1
2020520100810,2020,520100810,2,1,0,18,19,8,4,0,0,0,0,0,0,0,2,1,6,6,1,46,8,-1,-1,-1,-1,7,E01029149,0,-1
2020440342266,2020,440342266,1,1,0,18,19,4,8,0,0,0,1,0,0,0,1,1,6,6,1,44,7,-1,-1,-1,-1,4,E01017158,0,-1
2020470953810,2020,470953810,2,9,0,2,2,0,0,0,0,0,0,4,0,0,3,2,6,6,3,-1,-1,-1,-1,-1,-1,-1,-1,0,-1
2020622000685,2020,622000685,1,1,0,18,19,2,6,0,0,1,0,0,0,0,1,1,6,6,2,53,8,-1,-1,-1,-1,5,W01001939,0,-1
2020440251788,2020,440251788,1,1,0,18,19,3,7,0,0,0,0,0,0,0,0,1,6,6,1,38,7,-1,-1,-1,-1,5,E01022842,0,-1
2020230933416,2020,230933416,2,1,0,18,19,1,7,0,0,0,0,0,0,0,1,1,6,6,1,13,3,-1,-1,-1,-1,-1,-1,0,-1
2020040989256,2020,040989256,1,1,0,18,19,3,7,0,0,4,0,0,0,0,1,1,6,6,1,37,7,-1,-1,-1,-1,8,E01005503,0,-1
2020320033473,2020,320033473,2,19,0,18,19,5,1,0,0,1,1,0,7,0,2,1,1,1,1,51,8,-1,-1,-1,-1,5,E01007609,0,-1
2020990957724,2020,990957724,1,1,-1,9,9,3,7,0,0,0,0,0,0,0,3,1,5,6,1,23,5,-1,-1,-1,-1,-1,-1,0,-1
2020052001160,2020,052001160,1,97,0,18,19,1,5,0,0,0,0,0,0,0,1,1,6,6,1,-1,-1,-1,-1,-1,-1,-1,-1,0,-1
2020450972866,2020,450972866,2,9,0,18,19,1,5,0,0,1,0,0,0,0,1,1,1,1,2,28,6,-1,-1,-1,-1,6,E01030677,0,-1
2020010272218,2020,010272218,1,1,9,99,99,9,9,99,99,0,9,99,9,99,0,1,6,6,2,27,6,-1,-1,-1,-1,6,E01004706,0,-1
2020200988453,2020,200988453,2,9,0,18,19,-1,-1,0,0,0,0,0,0,0,1,1,6,6,3,-1,-1,-1,-1,-1,-1,-1,-1,0,-1
2020010273518,2020,010273518,2,9,0,99,99,9,9,99,99,9,9,99,9,99,1,9,6,6,3,-1,-1,-1,-1,-1,-1,-1,-1,0,-1
2020430412587,2020,430412587,2,9,0,18,19,4,8,0,0,6,0,0,0,0,1,1,6,6,3,-1,-1,-1,-1,-1,-1,-1,-1,0,-1
2020470978256,2020,470978256,2,1,0,18,19,2,6,0,0,0,0,0,0,0,0,1,5,6,2,58,9,-1,-1,-1,-1,9,E01031476,0,-1
2020200932550,2020,200932550,1,8,0,18,19,-1,-1,9,9,0,0,0,0,0,0,1,1,1,1,-1,-1,-1,-1,-1,-1,-1,-1,0,-1
2020440248030,2020,440248030,1,1,0,18,19,3,7,0,0,1,0,0,0,0,1,1,6,6,1,51,8,-1,-1,-1,-1,1,E01017237,0,-1
2020200987345,2020,200987345,1,9,0,18,19,5,1,0,0,3,0,0,0,0,0,1,6,6,3,-1,-1,-1,-1,-1,-1,-1,-1,0,-1
2020420922247,2020,420922247,1,9,0,18,19,3,7,0,0,1,0,0,0,0,1,1,3,7,1,26,6,-1,-1,-1,-1,5,E01021499,0,-1
2020010268230,2020,010268230,1,19,0,2,2,0,0,6,6,0,0,4,0,0,2,1,6,6,3,-1,-1,-1,-1,-1,-1,-1,-1,0,-1
2020052000566,2020,052000566,1,1,0,7,7,1,3,0,0,5,0,0,1,0,1,1,6,6,1,25,5,-1,-1,-1,-1,1,E01006697,0,-1
2020440191689,2020,440191689,1,1,0,9,9,1,5,0,0,8,0,0,0,0,3,1,6,6,1,19,4,-1,-1,-1,-1,7,E01017144,0,-1
2020160976756,2020,160976756,1,9,0,18,19,7,3,0,0,1,0,0,0,0,2,1,6,6,1,20,4,-1,-1,-1,-1,-1,-1,0,-1
2020210943037,2020,210943037,3,9,0,9,9,2,7,0,0,0,0,0,0,0,2,1,2,2,2,35,6,-1,-1,-1,-1,10,E01029776,0,-1
2020332001143,2020,332001143,3,9,0,18,19,8,4,0,0,0,0,0,0,0,0,1,1,1,1,-1,-1,-1,-1,-1,-1,-1,-1,0,-1
2020440373001,2020,440373001,1,9,0,18,19,6,4,0,0,1,0,0,0,0,4,1,6,6,1,40,7,-1,-1,-1,-1,8,E01017226,0,-1
2020500968002,2020,500968002,2,1,0,4,4,1,5,0,0,0,0,0,0,0,1,1,6,6,1,47,8,-1,-1,-1,-1,4,E01018925,0,-1
2020450944609,2020,450944609,1,22,0,2,2,5,1,0,0,0,0,0,0,0,2,1,5,6,1,84,11,-1,-1,-1,-1,6,E01030516,0,-1
2020010230672,2020,010230672,2,11,0,99,99,9,9,99,99,9,9,99,9,99,9,9,6,6,3,-1,-1,-1,-1,-1,-1,-1,-1,0,-1
2020010264688,2020,010264688,2,3,0,3,3,7,3,0,0,1,0,0,0,0,2,1,6,6,2,26,6,-1,-1,-1,-1,2,E01003599,0,-1
2020332000977,2020,332000977,1,9,0,18,19,6,2,0,0,1,0,0,0,0,1,1,6,6,3,-1,-1,-1,-1,-1,-1,-1,-1,0,-1
202060Y120486,2020,60Y120486,1,9,0,5,5,2,6,0,0,1,0,0,0,0,1,1,6,6,2,47,8,-1,-1,-1,-1,-1,-1,0,-1
2020421000812,2020,421000812,2,1,0,18,19,6,2,0,0,0,2,0,0,0,2,1,5,6,1,56,9,-1,-1,-1,-1,10,E01021474,0,-1
2020010275923,2020,010275923,2,9,9,99,99,9,9,99,99,8,9,99,9,99,9,9,6,6,3,-1,-1,-1,-1,-1,-1,-1,-1,0,-1
2020170M10790,2020,170M10790,1,9,0,18,19,6,2,9,9,0,0,0,1,0,1,1,6,6,3,-1,-1,-1,-1,-1,-1,-1,-1,0,-1
2020350980222,2020,350980222,2,1,-1,-1,-1,1,5,-1,-1,-1,-1,-1,-1,0,-1,1,6,6,1,35,6,-1,-1,-1,-1,5,E01017945,0,-1
2020010252812,2020,010252812,2,1,0,18,19,8,4,0,0,0,0,0,0,0,1,1,6,6,1,16,4,-1,-1,-1,-1,4,E01001146,0,-1
20201379L1763,2020,1379L1763,2,1,0,18,19,3,7,0,0,8,0,0,0,0,3,1,6,6,1,45,7,-1,-1,-1,-1,7,E01010644,0,-1
2020332001143,2020,332001143,5,98,0,18,19,8,4,0,0,0,0,0,0,0,0,1,6,6,1,69,10,-1,-1,-1,-1,-1,-1,0,-1
2020470987921,2020,470987921,1,19,0,18,19,3,7,0,0,1,0,0,0,0,1,2,1,1,1,22,5,-1,-1,-1,-1,-1,-1,0,-1
202006J178471,2020,06J178471,1,1,0,18,19,6,2,0,0,8,0,0,0,0,1,1,6,6,1,20,4,-1,-1,-1,-1,1,E01005753,0,-1
2020991007892,2020,991007892,1,1,0,18,19,8,5,0,0,8,0,0,0,0,1,1,5,6,1,15,3,-1,-1,-1,-1,-1,-1,0,-1
2020332000862,2020,332000862,2,1,0,18,19,8,4,0,0,8,0,0,0,0,1,1,6,6,1,25,5,-1,-1,-1,-1,1,E01013600,0,-1
2020350936875,2020,350936875,2,9,0,18,19,1,5,0,0,0,0,0,0,0,1,1,1,1,1,57,9,-1,-1,-1,-1,5,E01018084,0,-1
2020137CF1699,2020,137CF1699,1,9,0,9,9,6,3,0,0,8,0,0,0,0,4,1,6,6,3,-1,-1,-1,-1,-1,-1,-1,-1,0,-1
2020010276416,2020,010276416,1,9,0,4,4,7,3,0,0,1,0,0,0,0,2,1,6,6,2,41,7,-1,-1,-1,-1,2,E01001633,0,-1
2020010256800,2020,010256800,2,1,0,12,12,7,3,0,0,0,0,8,0,0,1,1,2,2,1,57,9,-1,-1,-1,-1,9,E01016800,0,-1
2020010251184,2020,010251184,1,9,0,2,2,0,0,0,0,2,0,0,0,0,2,1,6,6,3,-1,-1,-1,-1,-1,-1,-1,-1,0,-1
2020332000931,2020,332000931,2,1,0,18,19,6,2,0,0,0,0,0,0,0,1,1,6,6,1,39,7,-1,-1,-1,-1,-1,-1,0,-1
2020010278694,2020,010278694,2,19,0,99,99,9,9,99,99,9,9,99,9,99,9,9,6,6,3,51,8,-1,-1,-1,-1,8,E01028353,0,-1
2020332001161,2020,332001161,3,19,0,18,19,5,1,0,0,0,0,0,0,0,0,1,6,6,1,47,8,-1,-1,-1,-1,-1,-1,0,-1
2020990953037,2020,990953037,1,3,0,18,19,3,7,0,0,8,2,0,0,0,0,1,5,6,1,30,6,-1,-1,-1,-1,1,-1,0,-1
2020010257112,2020,010257112,1,9,0,5,5,0,1,0,0,5,0,99,9,99,4,9,6,6,3,-1,-1,-1,-1,-1,-1,-1,-1,0,-1
2020100915227,2020,100915227,1,4,0,18,19,6,2,0,0,0,0,0,0,0,1,1,6,6,1,20,4,-1,-1,-1,-1,-1,-1,0,-1
2020052000984,2020,052000984,2,1,0,9,9,1,8,0,0,8,0,0,0,0,2,1,6,6,1,27,6,-1,-1,-1,-1,8,E01006809,0,-1
202054A726220,2020,54A726220,3,9,0,3,3,7,3,0,0,1,0,0,0,0,2,1,6,6,1,30,6,-1,-1,-1,-1,-1,-1,0,-1
2020010256894,2020,010256894,2,1,0,18,19,7,3,0,0,1,0,0,0,0,1,1,6,6,1,49,8,-1,-1,-1,-1,2,E01003126,0,-1
2020140947927,2020,140947927,1,9,0,9,9,5,3,0,0,8,0,0,0,0,0,1,6,6,3,-1,-1,-1,-1,-1,-1,-1,-1,0,-1
2020410947965,2020,410947965,2,98,0,18,19,-1,-1,0,0,0,0,0,0,0,2,1,6,6,3,-1,-1,-1,-1,-1,-1,-1,-1,0,-1
2020622001034,2020,622001034,2,8,0,2,2,0,0,0,0,0,0,0,0,0,2,1,6,6,1,46,8,-1,-1,-1,-1,1,W01000864,0,-1
2020622000944,2020,622000944,3,9,0,18,19,8,4,0,0,1,0,0,0,0,1,1,1,1,1,23,5,-1,-1,-1,-1,-1,-1,0,-1
2020231004804,2020,231004804,3,9,0,9,9,1,7,0,0,6,0,0,0,0,0,1,6,6,3,34,6,-1,-1,-1,-1,-1,-1,0,-1
2020010242833,2020,010242833,2,9,0,99,99,9,9,99,99,9,9,99,9,99,1,9,6,6,3,-1,-1,-1,-1,-1,-1,-1,-1,0,-1
2020500942005,2020,500942005,3,9,0,3,3,3,7,0,0,0,0,0,0,0,2,1,6,6,1,34,6,-1,-1,-1,-1,3,E01020139,0,-1
2020200934135,2020,200934135,1,9,0,18,19,2,6,0,0,0,0,0,0,0,2,1,6,6,2,61,9,-1,-1,-1,-1,5,E01009253,0,-1
2020460997051,2020,460997051,2,22,0,18,19,7,3,9,9,2,0,11,0,0,1,1,6,6,2,80,11,-1,-1,-1,-1,8,E01024026,0,-1
2020137330590,2020,137330590,1,9,0,4,4,1,5,0,0,0,0,0,0,0,1,1,6,6,3,-1,-1,-1,-1,-1,-1,-1,-1,0,-1
2020552100161,2020,552100161,1,9,0,18,19,3,7,0,0,0,0,0,0,0,1,1,6,6,3,-1,-1,-1,-1,-1,-1,-1,-1,0,-1
2020140943242,2020,140943242,2,9,0,16,19,4,2,0,0,0,0,0,0,0,1,1,5,6,1,19,4,-1,-1,-1,-1,1,E01007411,0,-1
202060Y109164,2020,60Y109164,1,9,0,16,19,3,7,0,0,1,0,0,0,0,1,1,6,6,1,39,7,-1,-1,-1,-1,-1,-1,0,-1
2020360953227,2020,360953227,2,9,0,18,19,1,5,0,0,8,0,0,0,0,3,1,5,6,1,50,8,-1,-1,-1,-1,7,E01026502,0,-1
2020470975930,2020,470975930,1,9,0,18,19,5,1,0,0,1,0,0,0,0,1,1,6,6,3,-1,-1,-1,-1,-1,-1,-1,-1,0,-1
202031B165420,2020,31B165420,1,9,0,5,5,1,5,0,0,1,0,0,0,0,0,1,6,6,3,-1,-1,-1,-1,-1,-1,-1,-1,0,-1
2020460999660,2020,460999660,1,9,0,18,19,1,5,0,0,0,0,0,0,0,4,1,6,6,3,-1,-1,-1,-1,-1,-1,-1,-1,0,-1
2020430370654,2020,430370654,2,1,0,15,15,2,6,0,0,1,0,0,0,0,3,1,6,6,2,62,9,-1,-1,-1,-1,10,E01016630,0,-1
2020010274391,2020,010274391,2,1,0,18,19,3,7,0,0,1,0,0,0,0,1,1,6,6,1,29,6,-1,-1,-1,-1,4,E01004447,0,-1
2020052001910,2020,052001910,2,1,0,9,9,5,3,0,0,8,0,0,0,0,0,1,6,6,1,56,9,-1,-1,-1,-1,2,E01006551,0,-1
2020230974120,2020,230974120,2,21,1,18,19,6,2,0,0,3,0,0,0,0,1,1,5,6,1,45,7,-1,-1,-1,-1,-1,-1,0,-1
2020010285911,2020,010285911,3,9,0,2,2,0,0,0,0,0,0,0,0,0,0,1,6,6,3,-1,-1,-1,-1,-1,-1,-1,-1,0,-1
2020010265117,2020,010265117,3,9,0,18,19,3,7,0,0,1,0,0,1,0,1,1,6,6,1,45,7,-1,-1,-1,-1,3,E01001338,0,-1
2020450921315,2020,450921315,2,19,0,8,8,1,5,0,0,0,0,0,0,0,1,1,6,6,1,26,6,-1,-1,-1,-1,3,E01003406,0,-1
202060Y139435,2020,60Y139435,2,9,0,18,19,2,6,0,0,1,0,0,0,0,1,1,6,6,1,48,8,-1,-1,-1,-1,-1,-1,0,-1
2020540547120,2020,540547120,1,9,0,18,19,2,6,0,0,0,0,0,0,0,1,1,1,1,1,26,6,-1,-1,-1,-1,4,E01015569,0,-1
2020010260398,2020,010260398,2,9,0,16,19,1,5,0,0,1,1,0,1,11,3,1,6,6,1,19,4,-1,-1,-1,-1,1,E01003051,0,-1
202060Y143714,2020,60Y143714,1,8,0,6,6,4,4,0,0,1,0,0,0,0,1,1,6,6,1,28,6,-1,-1,-1,-1,-1,-1,0,-1
2020110915525,2020,110915525,1,8,0,18,19,7,3,0,0,0,0,0,0,0,4,1,1,1,1,59,9,-1,-1,-1,-1,-1,-1,0,-1
2020010256278,2020,010256278,2,9,9,18,19,1,5,0,0,1,9,0,0,99,1,1,6,6,3,-1,-1,-1,-1,-1,-1,-1,-1,0,-1
2020170M11840,2020,170M11840,2,9,0,18,19,6,2,0,0,8,0,0,0,0,3,1,6,6,2,29,6,-1,-1,-1,-1,1,E01012019,0,-1
2020100958718,2020,100958718,1,19,0,5,5,1,1,0,0,1,0,0,0,0,1,1,6,6,1,-1,-1,-1,-1,-1,-1,-1,-1,0,-1
2020332000073,2020,332000073,1,9,0,3,3,6,2,0,0,0,0,0,0,0,2,1,6,6,2,24,5,-1,-1,-1,-1,-1,-1,0,-1
2020200995163,2020,200995163,2,97,0,18,19,5,8,0,0,8,0,0,0,0,1,1,6,6,1,17,4,-1,-1,-1,-1,3,E01009792,0,-1
2020332000322,2020,332000322,1,9,0,9,9,1,7,0,0,6,0,0,0,0,4,1,6,6,1,80,11,-1,-1,-1,-1,10,E01031111,0,-1
2020030918882,2020,030918882,1,9,0,9,9,1,5,0,0,0,0,0,0,0,1,1,5,6,2,-1,-1,-1,-1,-1,-1,1,E01019111,0,-1
2020211018809,2020,211018809,2,9,0,18,19,3,7,0,0,8,0,0,0,0,1,1,6,6,1,37,7,-1,-1,-1,-1,2,E01013483,0,-1
2020010239416,2020,010239416,2,1,0,4,4,7,3,0,0,4,0,0,0,0,2,1,6,6,1,17,4,-1,-1,-1,-1,8,E01002106,0,-1
2020160982103,2020,160982103,1,9,0,18,19,3,7,0,0,8,0,0,0,0,4,1,6,6,3,-1,-1,-1,-1,-1,-1,-1,-1,0,-1
2020332000443,2020,332000443,2,9,0,13,13,7,3,0,0,0,0,0,0,0,4,1,6,6,1,25,5,-1,-1,-1,-1,3,E01013665,0,-1
202006E268134,2020,06E268134,1,9,0,18,19,4,8,0,0,8,0,0,0,0,4,1,6,6,3,-1,-1,-1,-1,-1,-1,-1,-1,0,-1
2020470938990,2020,470938990,1,11,0,18,19,4,8,0,0,1,0,0,0,0,4,1,6,6,3,-1,-1,-1,-1,-1,-1,-1,-1,0,-1
2020332001142,2020,332001142,1,9,0,18,19,6,2,0,0,0,0,0,0,0,0,1,6,6,2,42,7,-1,-1,-1,-1,-1,-1,0,-1
2020010240473,2020,010240473,2,9,0,99,99,9,9,99,99,9,9,99,9,99,2,9,6,6,3,21,5,-1,-1,-1,-1,-1,-1,0,-1
2020010285241,2020,010285241,1,9,9,9,9,5,2,0,0,9,9,99,0,0,1,9,6,6,3,-1,-1,-1,-1,-1,-1,-1,-1,0,-1
2020070385272,2020,070385272,2,1,0,18,19,2,6,0,0,1,0,0,0,0,1,1,6,6,1,22,5,-1,-1,-1,-1,-1,-1,0,-1
2020990925656,2020,990925656,2,9,0,18,19,3,7,0,0,0,0,0,0,0,4,1,1,1,1,43,7,-1,-1,-1,-1,6,-1,0,-1
2020220968659,2020,220968659,2,1,0,18,19,4,8,0,0,8,0,0,0,0,1,1,5,6,1,61,9,-1,-1,-1,-1,10,E01032135,0,-1
2020430403564,2020,430403564,2,1,0,18,19,8,4,0,0,8,0,0,0,0,2,1,6,6,1,63,9,-1,-1,-1,-1,8,E01016647,0,-1
2020332000253,2020,332000253,1,9,0,9,9,5,3,0,0,5,0,0,0,0,1,1,6,6,1,33,6,-1,-1,-1,-1,8,E01025626,0,-1
2020010268711,2020,010268711,1,1,9,99,99,9,9,99,99,9,9,99,9,99,1,1,6,6,1,33,6,-1,-1,-1,-1,2,E01002735,0,-1
2020201012005,2020,201012005,1,9,0,18,19,6,2,0,0,1,0,0,0,0,2,1,6,6,1,-1,-1,-1,-1,-1,-1,-1,-1,0,-1
2020010265230,2020,010265230,1,9,0,18,19,3,7,0,0,5,0,0,0,0,1,1,6,6,1,-1,-1,-1,-1,-1,-1,-1,-1,0,-1
2020470974324,2020,470974324,2,-1,0,18,19,1,5,0,0,8,0,0,0,0,1,1,5,6,1,31,6,-1,-1,-1,-1,2,E01016914,1,-1
202060Y089064,2020,60Y089064,1,21,1,18,19,6,2,0,0,1,0,0,0,0,1,2,1,1,1,48,8,-1,-1,-1,-1,-1,-1,0,-1
2020010277702,2020,010277702,2,1,0,18,19,7,3,0,0,8,0,0,0,0,1,1,6,6,1,42,7,-1,-1,-1,-1,5,E01000239,0,-1
2020450979645,2020,450979645,1,9,0,18,19,1,5,0,0,0,0,0,0,0,4,1,6,6,3,30,6,-1,-1,-1,-1,-1,-1,0,-1
2020320159451,2020,320159451,2,1,0,18,19,1,5,0,0,0,0,0,0,0,2,1,6,6,1,50,8,-1,-1,-1,-1,-1,-1,0,-1
2020140919348,2020,140919348,2,1,0,18,19,5,1,0,0,0,0,8,0,0,1,1,6,6,1,30,6,-1,-1,-1,-1,3,E01007667,0,-1
2020200976987,2020,200976987,2,1,0,18,19,3,7,9,9,8,0,0,0,0,3,1,6,6,1,31,6,-1,-1,-1,-1,3,E01008957,0,-1
2020460924519,2020,460924519,2,1,0,18,19,4,8,0,0,1,1,0,0,0,1,1,6,6,1,22,5,-1,-1,-1,-1,-1,-1,0,-1
2020010244551,2020,010244551,1,3,0,99,99,9,9,99,99,9,9,99,9,99,1,-1,6,6,1,26,6,-1,-1,-1,-1,3,E01003104,0,-1
2020440485058,2020,440485058,1,9,0,18,19,2,6,0,0,0,1,0,1,4,1,1,6,6,1,39,7,-1,-1,-1,-1,10,E01015404,0,-1
2020010279274,2020,010279274,2,1,0,18,19,1,5,0,0,0,0,0,0,0,0,1,6,6,1,41,7,-1,-1,-1,-1,7,E01000701,0,-1
2020100960271,2020,100960271,2,1,0,10,10,8,5,0,0,1,2,0,0,0,2,1,5,6,1,56,9,-1,-1,-1,-1,10,E01008618,0,-1
2020430307135,2020,430307135,2,1,0,18,19,5,1,2,2,0,0,8,0,0,4,1,3,7,1,34,6,-1,-1,-1,-1,10,E01028487,0,-1
202060Y071878,2020,60Y071878,1,9,0,4,4,8,4,0,0,0,0,0,0,0,2,1,2,2,2,22,5,-1,-1,-1,-1,-1,-1,0,-1