collision_index,collision_year,collision_ref_no,vehicle_reference,vehicle_type,towing_and_articulation,vehicle_manoeuvre_historic,vehicle_manoeuvre,vehicle_direction_from,vehicle_direction_to,vehicle_location_restricted_lane_historic,vehicle_location_restricted_lane,junction_location,skidding_and_overturning,hit_object_in_carriageway,vehicle_leaving_carriageway,hit_object_off_carriageway,first_point_of_impact,vehicle_left_hand_drive,journey_purpose_of_driver_historic,journey_purpose_of_driver,sex_of_driver,age_of_driver,age_band_of_driver,engine_capacity_cc,propulsion_code,age_of_vehicle,generic_make_model,driver_imd_decile,lsoa_of_driver,escooter_flag,driver_distance_banding
2020420952730,2020,420952730,1,1,0,6,6,7,3,0,0,0,0,0,0,0,3,1,5,6,1,14,3,-1,-1,-1,-1,5,E01022004,0,-1
2020010277516,2020,010277516,1,1,0,99,99,9,9,4,4,1,2,0,0,0,1,1,6,6,1,34,6,-1,-1,-1,-1,7,E01001871,0,-1
2020160951048,2020,160951048,2,98,0,2,2,0,0,0,0,0,0,0,0,0,2,1,6,6,3,-1,-1,-1,-1,-1,-1,-1,-1,0,-1
2020410962107,2020,410962107,1,9,0,18,19,2,6,0,0,0,0,0,0,0,4,1,1,1,1,49,8,-1,-1,-1,-1,9,E01023430,0,-1
2020522004886,2020,522004886,1,1,0,18,19,2,6,0,0,1,0,0,0,0,1,1,6,6,1,25,5,-1,-1,-1,-1,3,E01014681,0,-1
202060Y182054,2020,60Y182054,1,9,0,18,19,8,4,0,0,1,1,0,7,11,1,1,2,2,2,31,6,-1,-1,-1,-1,-1,-1,0,-1
2020010281679,2020,010281679,2,1,0,17,19,2,6,0,0,8,0,0,0,0,2,1,6,6,1,58,9,-1,-1,-1,-1,6,E01016469,0,-1
2020440264508,2020,440264508,2,9,0,18,19,3,7,0,0,2,0,0,0,0,0,1,6,6,3,-1,-1,-1,-1,-1,-1,-1,-1,0,-1
2020070488631,2020,070488631,2,9,0,10,10,5,3,0,0,1,0,0,0,0,0,1,6,6,1,-1,-1,-1,-1,-1,-1,4,W01000273,0,-1
2020622000348,2020,622000348,2,1,0,18,19,6,2,0,0,0,0,0,0,0,3,1,6,6,1,15,3,-1,-1,-1,-1,2,W01001705,0,-1
2020010251634,2020,010251634,2,1,0,12,12,2,6,0,0,2,1,0,0,0,2,1,6,6,1,36,7,-1,-1,-1,-1,4,E01004728,0,-1
2020201006776,2020,201006776,2,8,0,3,3,-1,-1,0,0,0,0,0,0,0,0,1,4,7,1,-1,-1,-1,-1,-1,-1,-1,-1,0,-1
2020010250062,2020,010250062,2,1,0,14,14,1,5,0,0,0,5,8,0,0,1,1,1,1,1,39,7,-1,-1,-1,-1,1,E01001507,0,-1
2020360935706,2020,360935706,1,9,0,5,5,1,5,0,0,0,0,0,0,0,1,1,6,6,3,-1,-1,-1,-1,-1,-1,-1,-1,0,-1
2020052002084,2020,052002084,2,1,0,18,19,7,3,0,0,0,0,0,0,0,3,1,2,2,1,43,7,-1,-1,-1,-1,1,E01006426,0,-1
2020430400692,2020,430400692,2,9,0,9,9,5,3,0,0,6,0,0,0,0,1,1,6,6,3,-1,-1,-1,-1,-1,-1,-1,-1,0,-1
2020100952600,2020,100952600,1,1,0,18,19,6,2,9,9,1,0,0,0,0,1,1,6,6,1,23,5,-1,-1,-1,-1,9,E01008713,0,-1
20201378A1051,2020,1378A1051,2,1,0,18,19,3,7,0,0,8,0,0,0,0,1,1,6,6,1,7,2,-1,-1,-1,-1,2,E01011872,0,-1
2020440163084,2020,440163084,2,9,0,3,3,7,2,0,0,0,0,0,0,0,2,1,6,6,1,31,6,-1,-1,-1,-1,3,E01017082,0,-1
2020140988367,2020,140988367,2,1,0,18,19,6,2,0,0,1,0,0,0,0,1,1,6,6,2,23,5,-1,-1,-1,-1,8,E01008050,0,-1
202031D102420,2020,31D102420,1,-1,0,18,19,8,4,0,0,1,0,0,0,0,1,1,6,6,1,15,3,-1,-1,-1,-1,7,E01028193,1,-1
2020040992853,2020,040992853,2,1,0,18,19,7,3,0,0,1,0,0,0,0,4,1,6,6,1,47,8,-1,-1,-1,-1,3,E01025310,0,-1
2020420997291,2020,420997291,2,1,0,18,19,1,1,0,0,8,0,0,0,0,1,1,2,2,1,32,6,-1,-1,-1,-1,7,E01021993,0,-1
2020122001199,2020,122001199,1,9,0,18,19,1,5,0,0,1,0,0,0,0,1,1,6,6,3,-1,-1,-1,-1,-1,-1,-1,-1,0,-1
2020430167714,2020,430167714,1,9,0,9,9,4,2,0,0,5,0,0,0,0,1,1,1,1,1,30,6,-1,-1,-1,-1,4,E01002179,0,-1
2020440017743,2020,440017743,2,1,0,18,19,5,1,0,0,8,0,0,7,0,1,1,6,6,1,54,8,-1,-1,-1,-1,5,E01017254,0,-1
2020332001209,2020,332001209,2,9,0,18,19,5,1,0,0,0,0,0,0,0,0,1,6,6,1,62,9,-1,-1,-1,-1,-1,-1,0,-1
2020430157928,2020,430157928,2,1,0,18,19,8,4,0,0,8,0,0,0,0,4,1,6,6,1,49,8,-1,-1,-1,-1,6,E01028570,0,-1
2020010254797,2020,010254797,1,1,9,99,99,9,9,99,99,0,9,99,9,99,1,1,2,2,2,40,7,-1,-1,-1,-1,1,E01002069,0,-1
202006A368252,2020,06A368252,2,1,0,18,19,1,5,0,0,8,0,0,0,0,1,1,6,6,1,48,8,-1,-1,-1,-1,1,E01005246,0,-1
2020440224343,2020,440224343,4,9,0,2,2,0,0,0,0,0,0,0,0,0,2,1,6,6,1,34,6,-1,-1,-1,-1,1,E01032882,0,-1
2020440093474,2020,440093474,1,1,0,18,19,6,2,0,0,0,0,0,0,0,0,1,6,6,1,67,10,-1,-1,-1,-1,7,E01023255,0,-1
2020160996988,2020,160996988,2,1,0,18,19,7,3,0,0,1,5,0,0,0,1,1,6,6,1,15,3,-1,-1,-1,-1,1,E01013142,0,-1
2020430252956,2020,430252956,1,3,0,18,19,7,3,0,0,8,0,0,0,0,1,1,6,6,1,51,8,-1,-1,-1,-1,-1,-1,0,-1
2020450941772,2020,450941772,1,1,0,18,19,3,7,0,0,0,5,0,1,0,1,1,5,6,1,39,7,-1,-1,-1,-1,6,E01002933,0,-1
20201377S0766,2020,1377S0766,2,1,0,15,15,6,2,0,0,0,0,0,0,0,4,1,6,6,1,56,9,-1,-1,-1,-1,9,E01010576,0,-1
2020010270926,2020,010270926,2,1,0,4,4,3,7,0,0,8,1,0,0,0,1,1,1,1,1,23,5,-1,-1,-1,-1,1,E01033455,0,-1
2020440191733,2020,440191733,2,9,0,3,3,4,8,0,0,1,0,0,0,0,2,1,6,6,1,47,8,-1,-1,-1,-1,4,E01017192,0,-1
2020990959699,2020,990959699,3,19,0,9,9,4,2,0,0,8,0,0,1,0,4,2,2,2,1,41,7,-1,-1,-1,-1,-1,-1,0,-1
2020010284469,2020,010284469,2,1,0,18,19,5,1,0,0,0,0,0,0,0,1,1,6,6,1,35,6,-1,-1,-1,-1,4,E01000588,0,-1
2020052001387,2020,052001387,1,19,0,1,1,7,3,0,0,0,0,0,0,0,2,1,6,6,3,-1,-1,-1,-1,-1,-1,-1,-1,0,-1
202006M174581,2020,06M174581,2,1,0,18,19,7,3,0,0,8,0,0,0,0,1,1,6,6,1,45,7,-1,-1,-1,-1,8,E01006197,0,-1
2020470920508,2020,470920508,2,1,0,18,19,8,4,0,0,8,0,0,0,0,4,1,2,2,1,54,8,-1,-1,-1,-1,9,E01031756,0,-1
2020100967861,2020,100967861,1,9,0,5,5,3,6,0,0,0,0,0,0,0,4,1,6,6,2,-1,-1,-1,-1,-1,-1,-1,-1,0,-1
2020010240639,2020,010240639,2,1,0,9,9,5,3,0,0,8,0,0,0,0,1,1,6,6,1,55,8,-1,-1,-1,-1,8,E01002461,0,-1
2020010269120,2020,010269120,2,9,0,99,99,9,9,99,99,0,9,99,9,99,9,9,6,6,3,-1,-1,-1,-1,-1,-1,-1,-1,0,-1
2020350927116,2020,350927116,2,9,0,17,19,3,1,0,0,8,0,0,0,0,1,1,5,6,1,36,7,-1,-1,-1,-1,8,E01033119,0,-1
2020460917433,2020,460917433,1,9,0,18,19,7,3,0,0,0,0,0,0,0,1,1,6,6,1,19,4,-1,-1,-1,-1,5,E01023998,0,-1
2020430245612,2020,430245612,2,4,0,18,19,7,3,0,0,8,0,0,0,0,1,1,2,2,1,20,4,-1,-1,-1,-1,10,E01032727,0,-1
2020420964616,2020,420964616,1,9,0,10,10,1,3,0,0,0,0,0,0,0,1,1,6,6,2,-1,-1,-1,-1,-1,-1,-1,-1,0,-1
2020420947865,2020,420947865,1,1,0,18,19,5,1,0,0,0,0,0,0,0,0,1,5,6,1,58,9,-1,-1,-1,-1,8,E01021516,0,-1
2020552000483,2020,552000483,2,1,0,18,19,2,6,0,0,6,0,0,0,0,4,1,6,6,1,30,6,-1,-1,-1,-1,1,E01020555,0,-1
2020140960787,2020,140960787,1,1,0,18,19,7,3,0,0,8,5,0,0,0,1,1,5,6,2,16,4,-1,-1,-1,-1,10,E01008043,0,-1
2020010233457,2020,010233457,2,1,0,18,19,3,7,4,4,8,0,0,0,0,3,1,2,2,2,21,5,-1,-1,-1,-1,2,E01003298,0,-1
2020332000807,2020,332000807,1,9,0,7,7,3,5,0,0,6,0,0,0,0,1,1,2,2,1,41,7,-1,-1,-1,-1,4,E01013734,0,-1
2020370937535,2020,370937535,2,9,0,18,19,1,5,0,0,0,0,0,0,0,3,1,6,6,1,34,6,-1,-1,-1,-1,8,E01030065,0,-1
2020010251193,2020,010251193,2,9,0,99,99,9,9,99,99,9,9,99,9,99,1,9,6,6,3,-1,-1,-1,-1,-1,-1,-1,-1,0,-1
2020160990189,2020,160990189,2,9,0,18,19,7,3,0,0,0,0,0,0,0,1,1,6,6,3,-1,-1,-1,-1,-1,-1,-1,-1,0,-1
2020010273402,2020,010273402,2,1,0,17,19,4,1,0,0,8,5,0,0,0,3,1,6,6,1,56,9,-1,-1,-1,-1,8,E01004649,0,-1
2020010265264,2020,010265264,1,1,9,99,99,9,9,99,99,9,9,99,9,99,9,1,6,6,1,56,9,-1,-1,-1,-1,-1,-1,0,-1
2020160964432,2020,160964432,2,97,0,18,19,1,5,9,9,0,0,0,0,0,1,1,6,6,1,18,4,-1,-1,-1,-1,-1,-1,0,-1
202006M270014,2020,06M270014,1,9,0,18,19,4,8,0,0,0,0,0,0,0,1,1,6,6,3,-1,-1,-1,-1,-1,-1,-1,-1,0,-1
2020552000803,2020,552000803,1,1,0,5,5,3,7,0,0,0,0,0,0,0,3,1,6,6,1,17,4,-1,-1,-1,-1,5,E01015302,0,-1
2020140970788,2020,140970788,2,16,5,18,19,4,8,0,0,0,0,0,0,0,2,1,6,6,1,17,4,-1,-1,-1,-1,1,E01007492,0,-1
2020332000020,2020,332000020,1,5,0,18,19,1,5,0,0,8,0,0,0,0,3,1,6,6,1,37,7,-1,-1,-1,-1,7,E01025808,0,-1
2020010271104,2020,010271104,2,9,0,99,99,9,9,99,99,0,9,99,9,99,9,9,6,6,3,-1,-1,-1,-1,-1,-1,-1,-1,0,-1
2020160918801,2020,160918801,2,1,0,18,19,4,8,0,0,0,5,0,0,0,4,1,6,6,1,47,8,-1,-1,-1,-1,2,E01012903,0,-1
2020370951210,2020,370951210,1,1,0,5,5,7,3,0,0,0,0,0,0,0,1,1,4,7,1,11,3,-1,-1,-1,-1,2,E01029969,0,-1
202060Y109392,2020,60Y109392,1,9,0,7,7,2,4,0,0,8,0,0,0,0,4,1,6,6,2,58,9,-1,-1,-1,-1,-1,-1,0,-1
2020440338922,2020,440338922,2,5,0,13,13,3,7,0,0,8,0,0,0,0,4,1,2,2,1,47,8,-1,-1,-1,-1,7,E01023225,0,-1
2020332000918,2020,332000918,1,9,0,9,9,1,7,0,0,5,0,0,0,0,4,1,6,6,1,62,9,-1,-1,-1,-1,2,E01013683,0,-1
2020990969011,2020,990969011,2,1,0,18,19,6,2,0,0,1,0,0,0,0,1,1,6,6,2,30,6,-1,-1,-1,-1,4,-1,0,-1
2020430342335,2020,430342335,2,1,0,18,19,3,7,0,0,8,0,0,0,0,4,1,6,6,1,58,9,-1,-1,-1,-1,10,E01016671,0,-1
2020200972414,2020,200972414,1,9,0,18,19,3,7,0,0,8,0,0,0,0,1,1,6,6,1,23,5,-1,-1,-1,-1,9,E01032429,0,-1
2020010251569,2020,010251569,2,9,0,7,7,1,3,0,0,5,0,0,0,0,3,1,6,6,1,19,4,-1,-1,-1,-1,-1,-1,0,-1
2020332000892,2020,332000892,1,9,0,17,19,7,4,0,0,0,1,0,1,3,2,1,6,6,2,24,5,-1,-1,-1,-1,7,E01025618,0,-1
2020450934859,2020,450934859,1,9,0,18,19,7,3,0,0,0,0,0,0,0,4,1,1,1,1,52,8,-1,-1,-1,-1,8,E01030452,0,-1
202006F269751,2020,06F269751,2,1,0,18,19,7,3,0,0,8,0,0,0,0,1,1,2,2,1,37,7,-1,-1,-1,-1,5,E01032684,0,-1
2020220970033,2020,220970033,2,1,0,18,19,1,5,0,0,8,0,0,0,0,1,1,5,6,2,83,11,-1,-1,-1,-1,7,E01014012,0,-1
2020990979813,2020,990979813,1,1,0,18,19,2,6,0,0,0,5,0,0,0,0,1,5,6,1,57,9,-1,-1,-1,-1,8,-1,0,-1
2020460929474,2020,460929474,2,1,0,7,7,5,1,0,0,4,0,0,0,0,2,1,5,6,1,50,8,-1,-1,-1,-1,7,E01024173,0,-1
202060Y156226,2020,60Y156226,1,9,0,18,19,8,4,0,0,1,0,0,0,0,1,1,6,6,1,32,6,-1,-1,-1,-1,-1,-1,0,-1
2020010238061,2020,010238061,1,1,9,99,99,9,9,99,99,9,9,99,9,99,1,1,2,2,2,43,7,-1,-1,-1,-1,4,E01033730,0,-1
2020010261605,2020,010261605,2,9,0,99,99,9,9,99,99,9,9,99,9,99,1,9,6,6,3,-1,-1,-1,-1,-1,-1,-1,-1,0,-1
2020500955007,2020,500955007,2,1,0,18,19,5,1,0,0,0,0,0,0,0,2,1,5,6,1,15,3,-1,-1,-1,-1,5,E01018921,0,-1
2020010252246,2020,010252246,1,1,9,99,99,9,9,99,99,9,9,99,9,99,1,1,6,6,2,31,6,-1,-1,-1,-1,8,E01004507,0,-1
202006M170226,2020,06M170226,2,1,0,18,19,5,1,0,0,8,0,0,0,0,4,1,2,2,1,44,7,-1,-1,-1,-1,3,E01006177,0,-1
2020460959249,2020,460959249,1,9,0,6,6,1,1,0,0,0,0,0,0,0,0,1,6,6,3,-1,-1,-1,-1,-1,-1,-1,-1,0,-1
2020160921325,2020,160921325,2,1,0,18,19,8,4,0,0,1,0,0,0,0,1,1,4,7,1,11,3,-1,-1,-1,-1,1,E01012931,0,-1
2020010256396,2020,010256396,2,9,9,99,99,9,9,99,99,4,9,0,9,99,4,1,6,6,3,-1,-1,-1,-1,-1,-1,-1,-1,0,-1
2020552000680,2020,552000680,1,1,0,5,5,2,6,0,0,0,0,0,0,0,1,1,6,6,1,14,3,-1,-1,-1,-1,3,E01015294,0,-1
2020522100898,2020,522100898,2,1,0,18,19,5,1,0,0,8,0,0,0,0,3,1,6,6,1,-1,-1,-1,-1,-1,-1,1,E01033356,0,-1
202006A370897,2020,06A370897,1,1,0,18,19,5,1,0,0,8,0,0,0,0,2,1,6,6,1,40,7,-1,-1,-1,-1,8,E01005852,0,-1
2020522005086,2020,522005086,2,9,0,18,19,1,5,0,0,0,0,0,0,0,1,1,6,6,3,30,6,-1,-1,-1,-1,-1,-1,0,-1
2020100915491,2020,100915491,1,98,0,13,13,7,3,0,0,1,0,4,0,0,1,1,6,6,3,-1,-1,-1,-1,-1,-1,-1,-1,0,-1
2020010251157,2020,010251157,2,1,0,18,19,3,7,0,0,8,0,0,0,0,3,1,6,6,1,46,8,-1,-1,-1,-1,8,E01002379,0,-1
2020332000254,2020,332000254,1,9,0,12,12,5,1,0,0,1,1,0,0,0,1,1,6,6,2,21,5,-1,-1,-1,-1,7,E01031108,0,-1
2020200975979,2020,200975979,1,9,0,18,19,6,1,0,0,2,0,0,0,0,1,1,6,6,3,-1,-1,-1,-1,-1,-1,-1,-1,0,-1
2020201004966,2020,201004966,3,9,0,7,7,5,8,0,0,8,0,0,0,0,3,1,6,6,1,65,9,-1,-1,-1,-1,1,E01010524,0,-1
2020302001535,2020,302001535,1,9,0,14,14,2,6,0,0,1,0,0,0,0,0,1,6,6,3,-1,-1,-1,-1,-1,-1,5,E01019456,0,-1
20201372S0771,2020,1372S0771,2,1,0,18,19,5,1,0,0,1,0,0,0,0,1,1,6,6,1,22,5,-1,-1,-1,-1,-1,-1,0,-1
2020440361691,2020,440361691,1,9,0,18,19,3,7,0,0,1,0,0,0,0,1,1,1,1,2,55,8,-1,-1,-1,-1,7,E01023123,0,-1
2020460955079,2020,460955079,1,9,0,1,1,1,5,0,0,0,0,0,0,0,2,1,6,6,2,45,7,-1,-1,-1,-1,6,E01024628,0,-1
202060Y014723,2020,60Y014723,1,9,0,16,19,6,2,0,0,0,2,0,0,0,1,1,2,2,2,20,4,-1,-1,-1,-1,-1,-1,0,-1
2020530982383,2020,530982383,1,9,0,18,19,1,5,0,0,0,0,0,0,0,1,1,1,1,1,42,7,-1,-1,-1,-1,9,W01000983,0,-1
2020990958633,2020,990958633,1,1,0,18,19,5,1,0,0,0,0,0,0,0,1,1,5,6,2,68,10,-1,-1,-1,-1,10,-1,0,-1
2020340S02632,2020,340S02632,3,21,0,18,19,7,3,0,0,0,0,0,0,0,0,1,6,6,3,-1,-1,-1,-1,-1,-1,-1,-1,0,-1
2020200980694,2020,200980694,1,-1,0,18,19,-1,-1,0,0,0,0,0,0,0,1,1,6,6,1,14,3,-1,-1,-1,-1,4,E01009715,1,-1
2020160988223,2020,160988223,1,9,0,12,12,7,5,0,0,3,0,0,0,0,3,1,2,2,1,28,6,-1,-1,-1,-1,5,E01012916,0,-1
2020400979726,2020,400979726,1,9,0,4,4,4,8,0,0,0,0,0,0,0,0,1,6,6,1,63,9,-1,-1,-1,-1,10,E01016826,0,-1
2020450978331,2020,450978331,2,9,0,2,2,0,0,9,9,0,0,0,0,0,3,1,6,6,3,-1,-1,-1,-1,-1,-1,-1,-1,0,-1
2020160980262,2020,160980262,1,9,0,9,9,8,6,0,0,6,1,0,0,0,1,1,5,6,2,83,11,-1,-1,-1,-1,6,E01013267,0,-1
2020010253639,2020,010253639,1,1,0,99,99,9,9,0,0,1,0,0,0,0,1,1,6,6,2,37,7,-1,-1,-1,-1,6,E01003398,0,-1
202060Y038471,2020,60Y038471,2,3,0,18,19,6,2,0,0,1,0,0,0,0,1,1,2,2,1,28,6,-1,-1,-1,-1,-1,-1,0,-1
2020332000930,2020,332000930,1,3,0,18,19,3,7,0,0,8,0,0,0,0,1,1,2,2,1,48,8,-1,-1,-1,-1,10,E01025632,0,-1
2020460940430,2020,460940430,1,1,0,18,19,2,6,0,0,0,1,0,0,0,1,1,5,6,1,54,8,-1,-1,-1,-1,6,E01024130,0,-1
2020010237567,2020,010237567,1,9,0,99,99,9,9,99,99,9,9,99,9,99,1,9,6,6,3,-1,-1,-1,-1,-1,-1,-1,-1,0,-1
2020350962170,2020,350962170,2,1,0,18,19,7,7,0,0,1,0,0,0,0,3,1,5,6,1,22,5,-1,-1,-1,-1,8,E01018117,0,-1
2020332000100,2020,332000100,2,1,0,18,19,4,8,9,9,0,0,0,0,0,1,1,1,1,1,34,6,-1,-1,-1,-1,5,E01013767,0,-1
2020460919527,2020,460919527,1,9,0,13,13,1,5,0,0,1,0,0,0,0,3,1,6,6,1,18,4,-1,-1,-1,-1,1,E01024389,0,-1
2020500979849,2020,500979849,1,1,0,18,19,3,7,0,0,1,0,0,0,0,0,1,5,6,1,86,11,-1,-1,-1,-1,9,E01031328,0,-1
2020460955187,2020,460955187,2,1,0,18,19,8,4,0,0,0,0,0,0,0,1,1,5,6,1,55,8,-1,-1,-1,-1,10,E01024114,0,-1
2020010257833,2020,010257833,2,1,0,18,19,4,8,0,0,8,0,0,0,0,4,1,6,6,2,42,7,-1,-1,-1,-1,7,E01002971,0,-1
2020052002076,2020,052002076,1,9,0,18,19,1,5,0,0,7,0,0,0,0,1,1,6,6,3,-1,-1,-1,-1,-1,-1,-1,-1,0,-1
2020350962855,2020,350962855,1,1,0,18,19,8,1,0,0,0,0,0,0,0,1,1,1,1,1,20,4,-1,-1,-1,-1,3,E01017979,0,-1
2020010276511,2020,010276511,1,1,9,99,99,9,9,99,99,9,9,99,9,99,2,1,6,6,2,28,6,-1,-1,-1,-1,2,E01004068,0,-1
2020010259503,2020,010259503,2,9,0,99,99,9,9,99,99,9,9,99,9,99,9,9,6,6,1,-1,-1,-1,-1,-1,-1,-1,-1,0,-1
2020332000656,2020,332000656,1,9,0,17,19,4,1,0,0,0,1,0,1,4,1,1,6,6,2,33,6,-1,-1,-1,-1,2,E01019498,0,-1
2020460930277,2020,460930277,1,19,0,18,19,5,1,0,0,1,0,0,0,0,1,1,6,6,3,-1,-1,-1,-1,-1,-1,-1,-1,0,-1
2020440195620,2020,440195620,2,9,0,9,9,8,4,0,0,5,0,0,0,0,4,1,6,6,1,-1,-1,-1,-1,-1,-1,10,E01032880,0,-1
20201375T2137,2020,1375T2137,2,1,0,9,9,8,6,0,0,0,0,0,0,0,2,1,6,6,2,33,6,-1,-1,-1,-1,3,E01011313,0,-1
2020430022556,2020,430022556,1,9,0,7,7,3,5,0,0,2,0,0,0,0,1,1,6,6,1,-1,-1,-1,-1,-1,-1,-1,-1,0,-1
2020522000619,2020,522000619,1,9,0,5,5,5,1,0,0,8,0,0,0,0,2,1,6,6,1,39,7,-1,-1,-1,-1,7,E01014860,0,-1
202031D086620,2020,31D086620,2,9,0,18,19,8,4,0,0,8,0,0,0,0,1,1,2,2,1,37,7,-1,-1,-1,-1,-1,-1,0,-1
2020470949082,2020,470949082,2,9,0,2,2,0,0,9,9,0,0,0,0,0,1,1,6,6,3,-1,-1,-1,-1,-1,-1,-1,-1,0,-1
202006XN69087,2020,06XN69087,1,9,0,11,11,2,6,0,0,0,0,0,0,0,0,1,6,6,3,-1,-1,-1,-1,-1,-1,-1,-1,0,-1
2020010236259,2020,010236259,2,9,0,99,99,9,9,99,99,9,9,99,9,99,2,9,6,6,3,-1,-1,-1,-1,-1,-1,-1,-1,0,-1
2020040980147,2020,040980147,1,9,0,18,19,1,5,0,0,0,0,0,0,0,4,1,6,6,3,59,9,-1,-1,-1,-1,-1,-1,0,-1
2020440023280,2020,440023280,1,9,0,18,19,1,5,0,0,8,0,0,0,0,1,1,6,6,1,51,8,-1,-1,-1,-1,3,E01023120,0,-1
2020220944463,2020,220944463,1,1,0,18,19,2,6,9,9,1,0,10,0,0,1,1,5,6,2,55,8,-1,-1,-1,-1,5,E01014076,0,-1
2020470939989,2020,470939989,5,9,0,2,2,0,0,0,0,0,0,0,0,0,1,1,6,6,3,-1,-1,-1,-1,-1,-1,-1,-1,0,-1
2020622000806,2020,622000806,2,1,0,18,19,3,7,0,0,0,0,0,0,0,1,1,6,6,1,13,3,-1,-1,-1,-1,5,W01001186,0,-1
2020010253893,2020,010253893,2,97,0,13,13,1,5,0,0,5,0,0,1,0,1,1,6,6,3,-1,-1,-1,-1,-1,-1,-1,-1,0,-1
2020160915568,2020,160915568,2,9,0,16,19,6,8,0,0,0,5,0,7,11,1,1,5,6,2,19,4,-1,-1,-1,-1,6,E01012979,0,-1
2020440249257,2020,440249257,1,9,0,9,9,8,6,0,0,6,0,0,0,0,3,1,2,2,1,51,8,-1,-1,-1,-1,2,E01017253,0,-1
2020320335795,2020,320335795,2,1,0,18,19,7,3,0,0,8,0,0,0,0,1,1,6,6,2,20,4,-1,-1,-1,-1,2,E01026177,0,-1
2020041006271,2020,041006271,1,9,0,9,9,5,3,0,0,6,0,0,0,0,4,1,2,2,1,34,6,-1,-1,-1,-1,3,E01012590,0,-1
2020522100883,2020,522100883,1,9,0,18,19,2,6,0,0,0,0,0,0,7,1,1,6,6,1,25,5,-1,-1,-1,-1,2,E01014660,0,-1
2020520004213,2020,520004213,1,1,0,9,9,8,6,0,0,8,0,0,0,0,4,1,6,6,1,49,8,-1,-1,-1,-1,6,E01029306,0,-1
20201371T2229,2020,1371T2229,1,9,0,18,19,5,1,0,0,8,0,0,0,0,1,1,6,6,3,-1,-1,-1,-1,-1,-1,-1,-1,0,-1
2020010248161,2020,010248161,2,1,0,4,4,3,7,0,0,0,0,0,0,0,1,1,6,6,2,51,8,-1,-1,-1,-1,2,E01001911,0,-1
2020137391477,2020,137391477,2,1,0,18,19,4,8,0,0,1,0,0,0,0,3,1,6,6,1,39,7,-1,-1,-1,-1,6,E01011610,0,-1
202060Y081556,2020,60Y081556,1,9,0,18,19,5,1,0,0,0,0,0,0,0,1,1,6,6,1,19,4,-1,-1,-1,-1,-1,-1,0,-1
2020470988713,2020,470988713,3,97,-1,18,19,4,8,0,0,0,0,0,0,0,0,1,6,6,3,-1,-1,-1,-1,-1,-1,-1,-1,0,-1
2020010255150,2020,010255150,2,9,0,99,99,9,9,99,99,9,9,99,9,99,2,9,6,6,3,-1,-1,-1,-1,-1,-1,-1,-1,0,-1
2020200988464,2020,200988464,2,9,0,18,19,-1,-1,0,0,0,0,0,0,0,0,1,6,6,2,-1,-1,-1,-1,-1,-1,-1,-1,0,-1
2020010245760,2020,010245760,2,1,0,18,19,1,5,5,5,5,0,0,0,0,1,-1,6,6,1,17,4,-1,-1,-1,-1,10,E01002924,0,-1
202006F176457,2020,06F176457,2,9,0,18,19,7,3,1,1,8,0,0,0,0,1,1,6,6,1,62,9,-1,-1,-1,-1,-1,-1,0,-1
2020100963574,2020,100963574,1,9,0,18,19,5,1,0,0,0,0,0,0,0,4,1,6,6,3,-1,-1,-1,-1,-1,-1,-1,-1,0,-1
2020450925904,2020,450925904,2,19,0,18,19,1,5,0,0,1,0,0,0,0,1,1,6,6,1,33,6,-1,-1,-1,-1,-1,-1,0,-1
2020010282076,2020,010282076,2,1,0,4,4,2,6,0,0,4,0,0,0,0,2,1,6,6,1,66,10,-1,-1,-1,-1,-1,-1,0,-1
2020471003919,2020,471003919,2,9,0,2,2,0,0,0,0,2,0,0,0,0,3,1,6,6,3,-1,-1,-1,-1,-1,-1,-1,-1,0,-1
2020544792720,2020,544792720,1,9,0,18,19,8,4,0,0,0,0,0,0,0,4,1,6,6,1,30,6,-1,-1,-1,-1,-1,-1,0,-1
2020160969203,2020,160969203,2,1,0,18,19,3,7,0,0,1,0,4,0,0,1,1,6,6,3,-1,-1,-1,-1,-1,-1,-1,-1,0,-1
2020430250783,2020,430250783,1,1,0,18,19,3,7,0,0,8,0,0,0,0,1,1,6,6,1,46,8,-1,-1,-1,-1,2,E01016420,0,-1
2020010277340,2020,010277340,2,9,0,13,13,6,2,0,0,0,0,0,0,0,0,1,6,6,3,-1,-1,-1,-1,-1,-1,-1,-1,0,-1
2020010253044,2020,010253044,1,9,9,17,19,3,7,0,0,2,9,0,0,0,1,9,6,6,3,-1,-1,-1,-1,-1,-1,-1,-1,0,-1
2020460945426,2020,460945426,3,19,0,18,19,6,2,0,0,0,0,0,0,0,0,1,6,6,3,-1,-1,-1,-1,-1,-1,-1,-1,0,-1
2020420996965,2020,420996965,3,9,0,2,2,0,0,0,0,1,0,0,0,0,3,1,6,6,3,-1,-1,-1,-1,-1,-1,-1,-1,0,-1
2020010263405,2020,010263405,2,9,0,99,99,9,9,99,99,9,9,99,9,99,1,9,6,6,3,-1,-1,-1,-1,-1,-1,-1,-1,0,-1
2020201001223,2020,201001223,1,9,0,18,19,6,2,0,0,0,0,0,0,0,1,1,6,6,3,-1,-1,-1,-1,-1,-1,-1,-1,0,-1
2020200985102,2020,200985102,2,1,0,3,3,8,4,0,0,1,0,0,0,0,2,1,6,6,2,64,9,-1,-1,-1,-1,9,E01010175,0,-1
2020220933309,2020,220933309,1,9,0,9,9,1,7,0,0,5,0,0,0,0,3,1,6,6,1,27,6,-1,-1,-1,-1,-1,-1,0,-1
2020552100012,2020,552100012,1,1,0,18,19,1,5,0,0,0,0,0,0,0,1,1,6,6,1,55,8,-1,-1,-1,-1,5,E01020460,0,-1
2020230978555,2020,230978555,2,1,0,18,19,1,5,0,0,4,0,0,0,0,1,1,5,6,1,42,7,-1,-1,-1,-1,4,E01031054,0,-1
2020010274237,2020,010274237,1,9,0,18,19,3,7,0,0,1,0,0,1,0,1,1,6,6,1,40,7,-1,-1,-1,-1,-1,-1,0,-1
2020360993987,2020,360993987,1,19,-1,-1,-1,-1,-1,-1,-1,0,-1,-1,-1,0,-1,1,1,1,1,58,9,-1,-1,-1,-1,8,E01026454,0,-1
2020470962307,2020,470962307,2,1,0,3,3,8,4,0,0,1,0,0,0,0,1,1,6,6,2,53,8,-1,-1,-1,-1,6,E01031523,0,-1