collision_index,collision_year,collision_ref_no,vehicle_reference,vehicle_type,towing_and_articulation,vehicle_manoeuvre_historic,vehicle_manoeuvre,vehicle_direction_from,vehicle_direction_to,vehicle_location_restricted_lane_historic,vehicle_location_restricted_lane,junction_location,skidding_and_overturning,hit_object_in_carriageway,vehicle_leaving_carriageway,hit_object_off_carriageway,first_point_of_impact,vehicle_left_hand_drive,journey_purpose_of_driver_historic,journey_purpose_of_driver,sex_of_driver,age_of_driver,age_band_of_driver,engine_capacity_cc,propulsion_code,age_of_vehicle,generic_make_model,driver_imd_decile,lsoa_of_driver,escooter_flag,driver_distance_banding
2020010260827,2020,010260827,1,1,9,99,99,9,9,99,99,9,9,99,9,99,1,1,6,6,2,34,6,-1,-1,-1,-1,6,E01002921,0,-1
2020991006539,2020,991006539,1,9,-1,18,19,4,8,0,0,0,0,0,0,0,1,1,6,6,3,-1,-1,-1,-1,-1,-1,-1,-1,0,-1
2020420990428,2020,420990428,1,1,0,18,19,3,7,0,0,0,0,0,0,0,1,1,5,6,1,37,7,-1,-1,-1,-1,6,E01015864,0,-1
2020332000920,2020,332000920,1,9,0,7,7,8,2,0,0,5,1,0,0,0,1,1,6,6,1,19,4,-1,-1,-1,-1,2,E01025700,0,-1
2020070367305,2020,070367305,1,21,1,6,6,2,8,0,0,8,0,0,0,0,3,1,1,1,1,46,8,-1,-1,-1,-1,-1,-1,0,-1
2020100967650,2020,100967650,4,19,0,2,2,6,2,0,0,8,0,0,0,0,4,1,6,6,3,-1,-1,-1,-1,-1,-1,-1,-1,0,-1
202031D098820,2020,31D098820,2,1,0,18,19,5,1,0,0,8,0,0,0,0,3,1,6,6,1,26,6,-1,-1,-1,-1,7,E01020008,0,-1
2020137AS1423,2020,137AS1423,1,9,0,18,19,6,2,0,0,0,0,0,0,0,1,1,6,6,1,-1,-1,-1,-1,-1,-1,-1,-1,0,-1
2020430188835,2020,430188835,1,9,0,5,5,5,1,0,0,0,0,0,0,0,4,1,6,6,3,-1,-1,-1,-1,-1,-1,-1,-1,0,-1
2020460919419,2020,460919419,2,9,0,18,19,3,7,0,0,1,0,0,0,0,0,1,6,6,2,27,6,-1,-1,-1,-1,5,E01024281,0,-1
2020201003025,2020,201003025,2,1,0,18,19,-1,-1,0,0,8,0,0,0,0,1,1,2,2,1,41,7,-1,-1,-1,-1,7,E01009039,0,-1
2020201008269,2020,201008269,2,9,0,18,19,8,4,0,0,8,1,0,0,0,1,1,6,6,1,23,5,-1,-1,-1,-1,1,E01033643,0,-1
2020010231783,2020,010231783,1,1,0,15,15,7,3,0,0,1,0,0,0,0,3,1,6,6,2,30,6,-1,-1,-1,-1,1,E01001781,0,-1
2020552100163,2020,552100163,1,1,0,18,19,7,3,0,0,8,0,0,0,0,1,1,6,6,1,12,3,-1,-1,-1,-1,4,E01020578,0,-1
2020332000718,2020,332000718,1,9,0,7,7,3,5,0,0,6,0,0,0,0,4,1,2,2,1,57,9,-1,-1,-1,-1,10,E01028389,0,-1
2020410928684,2020,410928684,1,9,0,18,19,7,3,0,0,1,0,4,0,0,1,1,6,6,1,83,11,-1,-1,-1,-1,10,E01023730,0,-1
2020332000750,2020,332000750,2,9,0,3,3,2,6,0,0,0,0,0,0,0,2,1,6,6,1,35,6,-1,-1,-1,-1,7,E01016722,0,-1
2020420963303,2020,420963303,1,9,0,18,19,2,7,0,0,8,0,0,0,0,3,1,5,6,1,37,7,-1,-1,-1,-1,4,E01021642,0,-1
2020010269806,2020,010269806,2,9,0,99,99,9,9,99,99,9,9,99,9,99,1,9,6,6,3,-1,-1,-1,-1,-1,-1,-1,-1,0,-1
202060Y122149,2020,60Y122149,1,1,0,18,19,7,3,0,0,0,0,0,0,0,1,1,6,6,1,10,2,-1,-1,-1,-1,-1,-1,0,-1
2020010256999,2020,010256999,1,1,9,18,19,3,7,99,99,9,9,0,0,0,4,1,6,6,2,32,6,-1,-1,-1,-1,6,E01002351,0,-1
2020010244429,2020,010244429,2,9,0,18,19,5,1,0,0,8,1,0,0,0,1,1,6,6,1,-1,-1,-1,-1,-1,-1,-1,-1,0,-1
2020010235816,2020,010235816,2,97,0,16,19,7,3,0,0,1,0,0,0,0,1,1,6,6,1,-1,-1,-1,-1,-1,-1,-1,-1,0,-1
2020332000584,2020,332000584,1,9,0,4,4,4,8,0,0,1,0,0,0,0,2,1,6,6,1,36,7,-1,-1,-1,-1,10,E01025970,0,-1
2020052001597,2020,052001597,1,9,0,18,19,6,2,0,0,1,0,0,0,0,1,1,6,6,3,-1,-1,-1,-1,-1,-1,-1,-1,0,-1
2020031009329,2020,031009329,1,90,0,9,9,7,3,0,0,2,1,0,1,0,0,1,6,6,3,-1,-1,-1,-1,-1,-1,-1,-1,0,-1
202060Y021641,2020,60Y021641,2,9,0,7,7,4,6,0,0,4,0,0,0,0,1,1,6,6,1,40,7,-1,-1,-1,-1,-1,-1,0,-1
2020010244194,2020,010244194,2,9,0,7,7,7,1,0,0,6,0,0,0,0,1,1,6,6,3,-1,-1,-1,-1,-1,-1,-1,-1,0,-1
2020522003776,2020,522003776,1,90,0,18,19,6,2,0,0,1,0,0,0,0,1,1,6,6,1,44,7,-1,-1,-1,-1,10,W01001670,0,-1
2020451007955,2020,451007955,1,1,0,18,19,1,5,0,0,0,0,0,0,0,3,1,5,6,1,77,11,-1,-1,-1,-1,4,E01030816,0,-1
2020010275274,2020,010275274,1,9,0,9,9,7,5,0,0,5,0,0,0,0,1,1,6,6,3,-1,-1,-1,-1,-1,-1,-1,-1,0,-1
2020160967032,2020,160967032,1,1,0,18,19,1,5,0,0,3,5,0,0,0,2,1,6,6,2,16,4,-1,-1,-1,-1,3,E01012759,0,-1
202006E367689,2020,06E367689,1,3,0,6,6,8,8,0,0,1,5,0,0,0,4,1,4,7,1,19,4,-1,-1,-1,-1,1,E01005101,0,-1
2020302000298,2020,302000298,2,1,0,18,19,8,6,0,0,1,0,0,0,0,4,1,6,6,1,21,5,-1,-1,-1,-1,3,E01013508,0,-1
2020010259316,2020,010259316,2,1,0,12,12,7,3,0,0,6,1,0,0,0,1,1,1,1,1,33,6,-1,-1,-1,-1,2,E01001748,0,-1
2020140926006,2020,140926006,3,9,0,2,2,0,0,0,0,1,0,0,0,0,2,1,6,6,3,-1,-1,-1,-1,-1,-1,-1,-1,0,-1
2020440163144,2020,440163144,2,9,0,18,19,2,6,0,0,8,0,10,1,10,1,1,6,6,2,37,7,-1,-1,-1,-1,4,E01023260,0,-1
2020010232231,2020,010232231,2,9,0,99,99,9,9,99,99,9,9,99,9,99,1,9,6,6,3,-1,-1,-1,-1,-1,-1,-1,-1,0,-1
2020010252871,2020,010252871,2,9,0,99,99,9,9,99,99,9,9,99,9,99,1,9,6,6,3,-1,-1,-1,-1,-1,-1,-1,-1,0,-1
202060Y079032,2020,60Y079032,1,5,0,12,12,6,2,0,0,0,0,0,0,0,1,1,6,6,1,45,7,-1,-1,-1,-1,-1,-1,0,-1
202060Y182103,2020,60Y182103,1,3,0,17,19,5,2,0,0,1,0,0,1,11,1,1,6,6,1,17,4,-1,-1,-1,-1,-1,-1,0,-1
2020320150100,2020,320150100,2,16,0,18,19,5,1,0,0,0,0,0,0,0,0,1,6,6,2,14,3,-1,-1,-1,-1,3,E01026075,0,-1
2020500987161,2020,500987161,2,1,0,18,19,7,3,0,0,8,0,0,0,0,4,1,5,6,1,51,8,-1,-1,-1,-1,6,E01019893,0,-1
2020010268439,2020,010268439,2,1,0,18,19,1,5,0,0,1,0,0,0,0,2,1,6,6,1,38,7,-1,-1,-1,-1,2,E01003240,0,-1
202006XK72498,2020,06XK72498,3,9,0,4,4,8,4,0,0,0,0,0,0,0,2,1,6,6,2,37,7,-1,-1,-1,-1,6,E01005985,0,-1
2020332000503,2020,332000503,1,19,0,7,7,1,3,0,0,5,0,0,0,0,4,1,1,1,1,53,8,-1,-1,-1,-1,7,E01013685,0,-1
2020140935762,2020,140935762,1,9,0,18,19,7,5,0,0,2,0,0,0,0,4,1,6,6,3,-1,-1,-1,-1,-1,-1,-1,-1,0,-1
2020460995150,2020,460995150,2,9,0,4,4,4,8,0,0,0,0,0,0,0,2,1,1,1,1,30,6,-1,-1,-1,-1,10,E01021442,0,-1
2020010240581,2020,010240581,1,2,0,18,19,1,5,0,0,2,0,4,0,0,2,1,6,6,1,16,4,-1,-1,-1,-1,6,E01004029,0,-1
2020440389261,2020,440389261,2,1,0,18,19,6,2,0,0,8,0,0,0,0,1,1,6,6,1,45,7,-1,-1,-1,-1,4,E01017359,0,-1
2020220936575,2020,220936575,1,19,0,5,5,1,5,0,0,6,0,0,0,0,1,1,6,6,1,40,7,-1,-1,-1,-1,-1,-1,0,-1
2020010237402,2020,010237402,2,19,9,18,19,1,5,0,0,1,0,0,0,0,1,9,6,6,3,-1,-1,-1,-1,-1,-1,-1,-1,0,-1
2020220966743,2020,220966743,2,1,0,18,19,5,1,0,0,0,0,0,0,0,3,1,5,6,1,15,3,-1,-1,-1,-1,4,E01028945,0,-1
202006G178300,2020,06G178300,2,18,0,18,19,3,7,1,1,8,0,0,0,0,4,1,1,1,1,36,7,-1,-1,-1,-1,9,E01005488,0,-1
2020010265658,2020,010265658,3,11,0,99,99,9,9,99,99,1,9,99,9,99,0,9,6,6,3,-1,-1,-1,-1,-1,-1,-1,-1,0,-1
2020010279964,2020,010279964,2,1,0,18,19,7,3,0,0,8,0,0,0,0,4,1,2,2,2,57,9,-1,-1,-1,-1,2,E01000223,0,-1
2020320287240,2020,320287240,1,9,0,18,19,1,1,0,0,0,0,0,0,0,1,1,6,6,3,40,7,-1,-1,-1,-1,-1,-1,0,-1
2020122000590,2020,122000590,2,1,0,18,19,3,7,0,0,4,0,0,0,0,1,1,6,6,1,57,9,-1,-1,-1,-1,9,E01027577,0,-1
2020070100643,2020,070100643,1,9,0,18,19,2,3,0,0,4,0,0,0,0,1,1,6,6,2,37,7,-1,-1,-1,-1,2,E01018551,0,-1
202060Y086974,2020,60Y086974,1,97,0,18,19,6,2,0,0,0,2,0,0,0,0,1,1,1,1,35,6,-1,-1,-1,-1,-1,-1,0,-1
2020990931558,2020,990931558,1,9,0,9,9,7,5,0,0,8,0,0,0,0,3,1,6,6,3,60,9,-1,-1,-1,-1,-1,-1,0,-1
2020430114089,2020,430114089,2,1,0,18,19,4,8,0,0,0,0,0,1,0,3,1,6,6,1,60,9,-1,-1,-1,-1,8,E01016805,0,-1
20201375M1252,2020,1375M1252,2,1,0,18,19,6,2,0,0,0,1,0,0,0,1,1,6,6,1,7,2,-1,-1,-1,-1,-1,-1,0,-1
2020100991486,2020,100991486,1,9,0,5,5,4,8,0,0,6,0,0,0,0,1,1,6,6,3,-1,-1,-1,-1,-1,-1,-1,-1,0,-1
2020500945284,2020,500945284,1,5,0,13,13,1,5,6,6,1,0,0,0,0,1,1,3,7,1,65,9,-1,-1,-1,-1,6,E01019023,0,-1
2020010229311,2020,010229311,1,9,0,99,99,9,9,99,99,9,9,99,9,99,1,9,6,6,3,-1,-1,-1,-1,-1,-1,-1,-1,0,-1
2020040948410,2020,040948410,2,1,0,18,19,3,7,0,0,0,0,0,0,0,3,1,6,6,1,16,4,-1,-1,-1,-1,1,E01012754,0,-1
2020360961210,2020,360961210,2,1,0,18,19,-1,-1,-1,-1,0,0,0,0,0,1,1,5,6,1,15,3,-1,-1,-1,-1,7,E01026484,0,-1
2020991002377,2020,991002377,2,1,0,18,19,4,7,0,0,2,0,0,0,0,1,1,6,6,1,13,3,-1,-1,-1,-1,9,-1,0,-1
2020332000043,2020,332000043,1,9,0,17,19,8,4,0,0,0,0,0,0,0,1,1,6,6,1,35,6,-1,-1,-1,-1,3,E01026317,0,-1
2020350930811,2020,350930811,2,1,0,3,3,7,4,0,0,2,0,0,0,0,-1,1,5,6,2,39,7,-1,-1,-1,-1,5,E01018009,0,-1
2020052001538,2020,052001538,1,19,0,18,19,5,1,0,0,8,0,0,0,0,1,1,6,6,3,-1,-1,-1,-1,-1,-1,-1,-1,0,-1
2020350994190,2020,350994190,2,1,0,18,19,3,7,0,0,3,0,0,0,0,4,1,2,2,1,47,8,-1,-1,-1,-1,8,E01018286,0,-1
2020220973442,2020,220973442,2,9,0,14,14,5,1,0,0,0,0,0,0,0,0,1,6,6,3,-1,-1,-1,-1,-1,-1,-1,-1,0,-1
2020460982206,2020,460982206,1,9,0,18,19,2,6,0,0,0,0,0,0,0,3,1,6,6,1,-1,-1,-1,-1,-1,-1,-1,-1,0,-1
2020010255983,2020,010255983,2,9,9,99,99,9,9,0,0,9,0,99,0,0,3,9,6,6,3,-1,-1,-1,-1,-1,-1,-1,-1,0,-1
20201379P1169,2020,1379P1169,1,1,0,9,9,7,5,0,0,0,0,0,0,0,3,1,6,6,1,11,3,-1,-1,-1,-1,1,E01011357,0,-1
2020010267414,2020,010267414,1,9,0,9,9,1,7,0,0,8,0,0,0,0,3,1,6,6,1,20,4,-1,-1,-1,-1,-1,-1,0,-1
202063A055020,2020,63A055020,2,1,0,18,19,5,1,0,0,0,0,0,0,0,3,1,6,6,1,63,9,-1,-1,-1,-1,6,W01000519,0,-1
2020410944118,2020,410944118,2,9,0,18,19,5,1,0,0,4,0,0,0,0,4,1,5,6,1,50,8,-1,-1,-1,-1,7,E01023871,0,-1
202060Y164454,2020,60Y164454,1,9,0,9,9,7,6,0,0,8,0,0,0,0,1,1,2,2,1,22,5,-1,-1,-1,-1,-1,-1,0,-1
2020500987603,2020,500987603,1,1,0,18,19,3,7,0,0,4,0,0,0,0,1,1,6,6,1,51,8,-1,-1,-1,-1,5,E01019039,0,-1
2020440463396,2020,440463396,3,11,0,3,3,2,6,2,2,0,0,0,0,0,4,1,1,1,3,-1,-1,-1,-1,-1,-1,-1,-1,0,-1
2020010269475,2020,010269475,1,1,9,99,99,9,9,99,99,9,9,99,9,99,1,1,2,2,1,41,7,-1,-1,-1,-1,5,E01003144,0,-1
202063C063220,2020,63C063220,1,1,0,16,19,6,1,0,0,8,0,0,0,0,1,1,6,6,1,45,7,-1,-1,-1,-1,3,E01003585,0,-1
2020410924484,2020,410924484,1,97,0,18,19,4,7,0,0,0,0,0,0,0,1,1,5,6,1,27,6,-1,-1,-1,-1,6,E01023921,0,-1
2020030998322,2020,030998322,2,98,0,18,19,8,4,0,0,0,0,0,0,0,0,1,2,2,1,49,8,-1,-1,-1,-1,2,E01019227,0,-1
2020010255369,2020,010255369,1,1,0,15,15,5,1,4,4,1,0,10,1,0,2,1,6,6,1,33,6,-1,-1,-1,-1,2,E01003160,0,-1
2020010253921,2020,010253921,2,9,0,99,99,9,9,99,99,9,9,99,9,99,3,9,6,6,3,59,9,-1,-1,-1,-1,4,E01002684,0,-1
2020070089740,2020,070089740,2,1,0,18,19,5,1,0,0,0,0,0,0,0,2,1,6,6,1,50,8,-1,-1,-1,-1,2,E01018485,0,-1
2020160960703,2020,160960703,1,19,0,18,19,1,5,0,0,0,0,0,0,0,1,1,6,6,3,-1,-1,-1,-1,-1,-1,-1,-1,0,-1
2020440192162,2020,440192162,2,8,0,18,19,3,7,0,0,0,0,0,0,0,1,1,1,1,1,35,6,-1,-1,-1,-1,8,E01022765,0,-1
2020440022957,2020,440022957,1,9,0,18,19,5,1,0,0,0,0,0,0,0,4,1,6,6,3,-1,-1,-1,-1,-1,-1,-1,-1,0,-1
2020010255111,2020,010255111,2,1,0,5,5,1,5,0,0,1,0,0,0,0,4,1,6,6,1,11,3,-1,-1,-1,-1,8,E01000910,0,-1
2020110978899,2020,110978899,1,9,0,7,7,7,1,0,0,0,0,0,0,0,0,1,6,6,2,30,6,-1,-1,-1,-1,-1,-1,0,-1
2020320359912,2020,320359912,1,9,0,18,19,2,6,9,9,0,0,0,0,0,0,1,6,6,3,-1,-1,-1,-1,-1,-1,-1,-1,0,-1
2020450950594,2020,450950594,2,1,0,18,19,2,6,0,0,1,5,0,0,0,1,1,5,6,1,41,7,-1,-1,-1,-1,10,E01030417,0,-1
2020010248624,2020,010248624,2,9,0,13,13,4,8,0,0,2,9,0,0,99,4,9,6,6,3,-1,-1,-1,-1,-1,-1,-1,-1,0,-1
2020070673753,2020,070673753,2,1,0,18,19,4,1,9,9,2,0,0,0,0,2,1,2,2,2,53,8,-1,-1,-1,-1,8,E01018593,0,-1
2020010245350,2020,010245350,1,1,9,99,99,9,9,99,99,9,9,99,9,99,2,1,6,6,1,57,9,-1,-1,-1,-1,8,E01004707,0,-1
2020501005332,2020,501005332,2,1,0,18,19,3,7,0,0,0,0,0,0,0,4,1,6,6,1,53,8,-1,-1,-1,-1,5,E01019048,0,-1
2020010249767,2020,010249767,1,1,0,4,4,1,5,0,0,2,2,11,0,0,1,1,2,2,1,23,5,-1,-1,-1,-1,5,E01003018,0,-1
2020010270539,2020,010270539,1,1,9,99,99,9,9,99,99,9,9,99,9,99,1,1,6,6,1,24,5,-1,-1,-1,-1,3,E01000579,0,-1
2020201014416,2020,201014416,1,9,0,4,4,2,6,0,0,0,0,0,0,0,2,1,6,6,1,37,7,-1,-1,-1,-1,1,E01009881,0,-1
2020332001105,2020,332001105,2,98,0,18,19,6,2,0,0,0,0,0,0,0,0,1,6,6,1,52,8,-1,-1,-1,-1,-1,-1,0,-1
2020440191582,2020,440191582,2,9,0,18,19,7,3,0,0,0,0,0,0,0,3,1,6,6,1,-1,-1,-1,-1,-1,-1,-1,-1,0,-1
2020141001954,2020,141001954,1,19,0,9,9,5,2,0,0,1,0,0,0,0,4,1,1,1,1,36,7,-1,-1,-1,-1,6,E01007771,0,-1
20201375I1242,2020,1375I1242,2,1,0,18,19,7,3,0,0,0,0,10,1,0,0,1,6,6,2,57,9,-1,-1,-1,-1,2,E01011255,0,-1
2020530970572,2020,530970572,1,9,0,18,19,3,7,0,0,1,0,0,0,0,1,1,5,6,1,33,6,-1,-1,-1,-1,1,E01000798,0,-1
202060Y026453,2020,60Y026453,2,9,0,4,4,7,3,0,0,0,0,0,0,0,2,1,6,6,2,80,11,-1,-1,-1,-1,-1,-1,0,-1
2020230971469,2020,230971469,1,19,0,17,19,3,8,0,0,0,5,0,7,4,1,1,5,6,1,27,6,-1,-1,-1,-1,5,E01032312,0,-1
2020332000764,2020,332000764,1,9,0,12,12,6,2,0,0,0,0,0,0,0,3,1,6,6,1,72,10,-1,-1,-1,-1,7,E01025652,0,-1
2020411011618,2020,411011618,2,23,0,18,19,1,5,0,0,8,0,0,0,0,2,1,6,6,1,36,7,-1,-1,-1,-1,5,E01023303,0,-1
2020070508631,2020,070508631,2,21,1,18,19,4,1,0,0,3,0,0,0,0,3,2,1,1,1,35,6,-1,-1,-1,-1,-1,-1,0,-1
2020201027581,2020,201027581,1,1,0,18,19,5,1,0,0,8,0,0,0,0,1,1,6,6,1,36,7,-1,-1,-1,-1,1,E01033636,0,-1
2020990985140,2020,990985140,1,1,0,18,19,7,3,9,9,6,0,0,0,0,1,1,1,1,1,26,6,-1,-1,-1,-1,-1,-1,0,-1
2020990980078,2020,990980078,1,9,0,12,12,3,7,0,0,0,0,0,0,0,3,1,6,6,3,-1,-1,-1,-1,-1,-1,-1,-1,0,-1
2020450962001,2020,450962001,1,1,0,13,13,1,5,0,0,2,0,0,0,0,1,1,5,6,1,53,8,-1,-1,-1,-1,6,E01030755,0,-1
2020122000168,2020,122000168,2,1,0,18,19,3,7,0,0,0,0,0,0,0,2,1,2,2,1,57,9,-1,-1,-1,-1,7,E01027808,0,-1
2020010269422,2020,010269422,1,19,9,99,99,9,9,99,99,0,9,99,9,99,9,9,6,6,3,-1,-1,-1,-1,-1,-1,-1,-1,0,-1
2020522002266,2020,522002266,1,9,0,18,19,5,1,0,0,8,0,0,1,10,1,1,6,6,1,28,6,-1,-1,-1,-1,2,E01014568,0,-1
2020010261039,2020,010261039,2,9,0,99,99,9,9,99,99,0,9,99,9,99,1,9,6,6,3,-1,-1,-1,-1,-1,-1,-1,-1,0,-1
2020420996647,2020,420996647,2,9,0,2,2,0,0,0,0,0,0,0,0,0,3,1,6,6,3,-1,-1,-1,-1,-1,-1,-1,-1,0,-1
2020371007992,2020,371007992,2,9,0,2,2,0,0,0,0,1,0,0,0,0,2,1,6,6,3,-1,-1,-1,-1,-1,-1,-1,-1,0,-1
2020010268951,2020,010268951,2,9,0,99,99,9,9,99,99,9,9,99,9,99,0,9,6,6,3,-1,-1,-1,-1,-1,-1,-1,-1,0,-1
2020302001517,2020,302001517,2,20,0,18,19,3,7,0,0,0,0,0,0,0,1,1,6,6,3,-1,-1,-1,-1,-1,-1,5,E01019456,0,-1
2020100916963,2020,100916963,1,9,0,18,19,7,3,0,0,8,0,0,0,0,1,1,1,1,1,62,9,-1,-1,-1,-1,5,E01010651,0,-1
202006F169728,2020,06F169728,1,9,0,10,10,4,2,0,0,8,0,0,0,0,1,1,6,6,1,86,11,-1,-1,-1,-1,8,E01005676,0,-1
202063A029320,2020,63A029320,2,1,0,18,19,5,2,0,0,8,0,0,0,0,4,1,6,6,1,23,5,-1,-1,-1,-1,8,W01000663,0,-1
202031C024720,2020,31C024720,2,1,0,18,19,6,2,9,9,0,0,4,0,0,1,1,6,6,1,34,6,-1,-1,-1,-1,1,E01013817,0,-1
2020370966075,2020,370966075,1,-1,0,18,19,-1,-1,0,0,0,0,0,0,0,-1,1,2,2,1,22,5,-1,-1,-1,-1,4,E01033123,1,-1
2020070679383,2020,070679383,1,1,0,18,19,3,7,0,0,0,0,0,0,0,3,1,6,6,1,17,4,-1,-1,-1,-1,-1,-1,0,-1
20201373P0209,2020,1373P0209,2,9,0,17,19,8,4,0,0,2,0,0,0,0,1,1,2,2,2,63,9,-1,-1,-1,-1,3,E01011477,0,-1
2020420953029,2020,420953029,2,1,0,18,19,6,2,0,0,4,0,0,0,0,4,1,6,6,2,58,9,-1,-1,-1,-1,9,E01016002,0,-1
2020052001530,2020,052001530,1,9,0,18,19,1,5,0,0,8,0,0,0,0,1,1,6,6,3,-1,-1,-1,-1,-1,-1,-1,-1,0,-1
2020140985488,2020,140985488,2,19,0,18,19,7,3,0,0,8,0,0,0,0,1,1,1,1,1,30,6,-1,-1,-1,-1,9,E01008156,0,-1
2020052002162,2020,052002162,1,98,4,18,19,3,7,0,0,1,0,0,0,0,1,1,1,1,1,-1,-1,-1,-1,-1,-1,-1,-1,0,-1
2020430293404,2020,430293404,1,9,0,13,13,7,5,0,0,2,0,0,0,0,1,1,6,6,3,-1,-1,-1,-1,-1,-1,-1,-1,0,-1
2020010270820,2020,010270820,1,9,0,18,19,1,5,0,0,0,0,0,0,0,1,1,6,6,3,-1,-1,-1,-1,-1,-1,-1,-1,0,-1
2020010273611,2020,010273611,1,1,9,99,99,9,9,99,99,0,9,99,9,99,1,1,2,2,3,27,6,-1,-1,-1,-1,3,E01003177,0,-1
2020522100663,2020,522100663,1,1,0,5,5,1,5,0,0,6,0,0,0,0,1,1,6,6,1,9,2,-1,-1,-1,-1,1,E01014585,0,-1
2020040952941,2020,040952941,3,9,0,2,2,0,0,9,9,0,0,4,0,0,4,1,6,6,3,-1,-1,-1,-1,-1,-1,-1,-1,0,-1
2020522100064,2020,522100064,3,9,0,18,19,1,5,0,0,8,0,1,0,0,1,1,6,6,1,61,9,-1,-1,-1,-1,3,E01014499,0,-1
2020100989124,2020,100989124,1,9,0,18,19,1,5,0,0,8,0,0,0,0,0,1,6,6,1,30,6,-1,-1,-1,-1,-1,-1,0,-1
2020990991708,2020,990991708,2,1,0,18,19,8,5,0,0,1,0,0,0,0,1,1,6,6,1,21,5,-1,-1,-1,-1,5,-1,0,-1
2020160989192,2020,160989192,1,9,0,1,1,3,7,0,0,0,0,0,0,0,2,1,5,6,2,-1,-1,-1,-1,-1,-1,-1,-1,0,-1
2020137750187,2020,137750187,1,19,0,1,1,8,4,0,0,0,0,0,0,0,2,1,6,6,1,-1,-1,-1,-1,-1,-1,-1,-1,0,-1
2020010288063,2020,010288063,1,98,0,18,19,1,5,0,0,0,0,0,0,0,1,1,6,6,3,-1,-1,-1,-1,-1,-1,-1,-1,0,-1
2020332001188,2020,332001188,2,9,0,2,2,0,0,0,0,0,0,0,0,0,0,1,6,6,3,-1,-1,-1,-1,-1,-1,-1,-1,0,-1
2020440078621,2020,440078621,1,9,0,18,19,6,2,0,0,0,0,0,0,0,4,1,6,6,2,-1,-1,-1,-1,-1,-1,-1,-1,0,-1
2020010267693,2020,010267693,1,19,0,18,19,3,7,0,0,8,0,0,0,0,0,1,6,6,3,-1,-1,-1,-1,-1,-1,-1,-1,0,-1
202060Y147643,2020,60Y147643,1,9,0,15,15,6,3,0,0,1,0,0,0,0,3,1,6,6,1,-1,-1,-1,-1,-1,-1,-1,-1,0,-1
2020430317260,2020,430317260,2,1,0,18,19,1,5,0,0,8,0,0,0,0,1,1,6,6,1,19,4,-1,-1,-1,-1,8,E01017804,0,-1
2020440219317,2020,440219317,1,1,0,18,19,6,2,0,0,0,0,0,0,0,1,1,6,6,2,53,8,-1,-1,-1,-1,8,E01017056,0,-1
2020440047723,2020,440047723,2,19,0,14,14,3,7,0,0,0,0,0,0,0,3,1,6,6,1,-1,-1,-1,-1,-1,-1,5,E01015423,0,-1
2020052001942,2020,052001942,2,1,0,-1,-1,0,0,0,0,0,0,0,0,0,0,1,-1,-1,1,56,9,-1,-1,-1,-1,6,E01007044,0,-1
2020110950433,2020,110950433,1,90,-1,18,19,5,1,0,0,1,0,0,0,0,1,1,6,6,3,30,6,-1,-1,-1,-1,-1,-1,0,-1
2020010255646,2020,010255646,2,19,0,99,99,9,9,99,99,9,9,99,9,99,1,9,6,6,3,-1,-1,-1,-1,-1,-1,-1,-1,0,-1
2020010245909,2020,010245909,2,9,0,99,99,9,9,99,99,9,9,99,9,99,9,9,6,6,2,20,4,-1,-1,-1,-1,4,E01002876,0,-1
2020340W04082,2020,340W04082,3,19,0,18,19,2,6,0,0,0,0,0,0,0,0,1,1,1,1,67,10,-1,-1,-1,-1,3,E01027173,0,-1
2020052000894,2020,052000894,1,20,0,13,13,5,1,0,0,0,0,0,0,0,0,1,6,6,3,-1,-1,-1,-1,-1,-1,-1,-1,0,-1
2020430063349,2020,430063349,2,16,0,18,19,1,5,0,0,0,0,0,0,0,0,1,6,6,2,42,7,-1,-1,-1,-1,9,E01028794,0,-1
2020410928646,2020,410928646,1,9,0,18,19,7,8,0,0,0,0,0,0,0,1,1,6,6,3,-1,-1,-1,-1,-1,-1,-1,-1,0,-1
2020010265597,2020,010265597,2,9,0,99,99,9,9,99,99,0,9,99,9,99,9,9,6,6,1,-1,-1,-1,-1,-1,-1,1,E01004722,0,-1
2020010234190,2020,010234190,2,9,0,2,2,0,0,0,0,0,0,0,0,0,4,1,6,6,3,-1,-1,-1,-1,-1,-1,-1,-1,0,-1
2020052000333,2020,052000333,2,1,0,18,19,8,4,0,0,8,0,0,0,0,1,1,6,6,1,49,8,-1,-1,-1,-1,8,E01007260,0,-1
2020440241191,2020,440241191,2,9,0,18,19,1,5,0,0,1,1,0,0,0,1,1,6,6,1,44,7,-1,-1,-1,-1,6,E01017271,0,-1
2020430201851,2020,430201851,1,9,0,18,19,6,4,0,0,4,0,0,0,0,1,1,6,6,1,19,4,-1,-1,-1,-1,5,E01017710,0,-1
2020160944542,2020,160944542,2,1,0,9,9,2,8,0,0,8,0,0,0,0,1,1,6,6,1,40,7,-1,-1,-1,-1,4,E01012762,0,-1
2020140994660,2020,140994660,3,98,0,18,19,0,0,0,0,0,1,0,0,0,0,1,6,6,3,-1,-1,-1,-1,-1,-1,-1,-1,0,-1
2020530945843,2020,530945843,2,90,0,18,19,3,7,0,0,8,0,0,0,0,1,1,6,6,3,-1,-1,-1,-1,-1,-1,-1,-1,0,-1
2020470953484,2020,470953484,1,9,0,5,5,6,4,0,0,4,0,0,0,0,1,1,6,6,1,-1,-1,-1,-1,-1,-1,-1,-1,0,-1
2020520000309,2020,520000309,1,20,0,1,1,6,2,0,0,0,0,0,0,0,2,1,6,6,1,48,8,-1,-1,-1,-1,6,E01029218,0,-1
202006G168397,2020,06G168397,1,9,0,18,19,3,7,0,0,1,0,0,0,0,2,1,1,1,2,30,6,-1,-1,-1,-1,-1,-1,0,-1
2020552000302,2020,552000302,2,1,0,18,19,8,4,0,0,5,0,0,0,0,1,1,6,6,1,16,4,-1,-1,-1,-1,7,E01020360,0,-1
2020421009118,2020,421009118,1,98,1,9,9,4,2,0,0,3,0,0,0,0,3,1,6,6,3,-1,-1,-1,-1,-1,-1,-1,-1,0,-1
2020420978929,2020,420978929,1,98,0,18,19,7,3,0,0,0,0,0,0,0,1,1,6,6,3,-1,-1,-1,-1,-1,-1,-1,-1,0,-1
2020210983917,2020,210983917,1,9,0,18,19,3,7,0,0,0,0,7,7,4,1,1,6,6,1,68,10,-1,-1,-1,-1,2,E01014226,0,-1