collision_index,collision_year,collision_ref_no,vehicle_reference,vehicle_type,towing_and_articulation,vehicle_manoeuvre_historic,vehicle_manoeuvre,vehicle_direction_from,vehicle_direction_to,vehicle_location_restricted_lane_historic,vehicle_location_restricted_lane,junction_location,skidding_and_overturning,hit_object_in_carriageway,vehicle_leaving_carriageway,hit_object_off_carriageway,first_point_of_impact,vehicle_left_hand_drive,journey_purpose_of_driver_historic,journey_purpose_of_driver,sex_of_driver,age_of_driver,age_band_of_driver,engine_capacity_cc,propulsion_code,age_of_vehicle,generic_make_model,driver_imd_decile,lsoa_of_driver,escooter_flag,driver_distance_banding
2020052001846,2020,052001846,2,1,0,18,19,9,9,0,0,0,0,0,0,0,3,1,4,7,1,17,4,-1,-1,-1,-1,2,E01006819,0,-1
2020010245390,2020,010245390,1,1,9,99,99,9,9,99,99,0,9,99,9,99,9,1,6,6,1,52,8,-1,-1,-1,-1,9,E01001375,0,-1
2020460962833,2020,460962833,2,1,0,16,19,1,5,0,0,0,2,0,0,0,0,1,6,6,1,-1,-1,-1,-1,-1,-1,7,E01000459,0,-1
2020351001892,2020,351001892,1,20,0,18,19,8,4,0,0,0,0,0,0,0,1,1,6,6,2,-1,-1,-1,-1,-1,-1,8,E01017950,0,-1
2020320341234,2020,320341234,2,1,0,18,19,7,3,0,0,6,0,0,0,0,1,1,6,6,1,11,3,-1,-1,-1,-1,9,E01026320,0,-1
2020100965480,2020,100965480,2,9,0,2,2,0,0,0,0,0,0,0,0,0,2,1,6,6,3,-1,-1,-1,-1,-1,-1,-1,-1,0,-1
2020350966131,2020,350966131,2,1,0,18,19,5,1,0,0,1,0,0,0,0,0,1,6,6,2,-1,-1,-1,-1,-1,-1,-1,-1,0,-1
2020070673872,2020,070673872,1,1,0,18,19,4,8,9,9,0,0,0,0,0,2,1,4,7,1,13,3,-1,-1,-1,-1,9,E01018383,0,-1
2020010254760,2020,010254760,1,19,0,7,7,8,2,0,0,1,0,0,0,0,2,1,2,2,1,36,7,-1,-1,-1,-1,2,E01003967,0,-1
2020430081205,2020,430081205,1,9,0,4,4,6,2,0,0,0,0,0,0,0,0,1,6,6,3,-1,-1,-1,-1,-1,-1,-1,-1,0,-1
2020137CH0775,2020,137CH0775,2,9,0,4,4,4,8,0,0,0,0,0,0,0,2,1,6,6,1,36,7,-1,-1,-1,-1,7,E01011161,0,-1
2020010262898,2020,010262898,1,9,0,99,99,9,9,99,99,9,9,99,9,99,1,9,6,6,3,41,7,-1,-1,-1,-1,3,E01003193,0,-1
2020470925842,2020,470925842,1,9,0,16,19,1,6,0,0,0,0,0,0,0,0,1,6,6,3,-1,-1,-1,-1,-1,-1,-1,-1,0,-1
2020990999604,2020,990999604,1,1,0,9,9,4,2,0,0,6,5,0,0,0,1,1,6,6,1,24,5,-1,-1,-1,-1,2,-1,0,-1
2020010265506,2020,010265506,1,1,0,3,3,7,3,0,0,1,0,0,0,0,1,1,1,1,2,22,5,-1,-1,-1,-1,3,E01033583,0,-1
2020320030270,2020,320030270,2,9,0,5,5,7,3,0,0,6,0,0,0,0,1,1,6,6,1,40,7,-1,-1,-1,-1,-1,-1,0,-1
2020610003620,2020,610003620,1,9,0,4,4,3,7,0,0,0,0,0,0,0,1,1,1,1,1,61,9,-1,-1,-1,-1,-1,-1,0,-1
2020332000287,2020,332000287,1,9,0,18,19,8,4,0,0,0,5,0,0,0,1,1,6,6,1,22,5,-1,-1,-1,-1,1,E01013632,0,-1
2020170S30750,2020,170S30750,2,9,0,18,19,1,5,0,0,8,0,0,0,0,1,1,6,6,3,-1,-1,-1,-1,-1,-1,-1,-1,0,-1
2020450915715,2020,450915715,1,9,0,4,4,1,5,0,0,0,0,0,0,0,2,1,5,6,2,35,6,-1,-1,-1,-1,9,E01030687,0,-1
2020010259497,2020,010259497,1,1,9,99,99,9,9,99,99,9,9,99,9,99,9,1,6,6,1,54,8,-1,-1,-1,-1,9,E01000897,0,-1
2020122000475,2020,122000475,2,90,0,18,19,7,3,0,0,1,0,0,0,0,3,1,6,6,1,32,6,-1,-1,-1,-1,6,E01027784,0,-1
2020010278956,2020,010278956,1,9,0,1,1,1,5,0,0,6,0,0,0,0,4,1,1,1,1,54,8,-1,-1,-1,-1,6,E01002240,0,-1
202006P170097,2020,06P170097,2,1,0,18,19,7,3,0,0,8,0,0,0,0,1,1,6,6,1,50,8,-1,-1,-1,-1,9,E01005508,0,-1
2020201002053,2020,201002053,1,9,0,18,19,-1,-1,0,0,0,0,0,0,0,4,1,6,6,3,-1,-1,-1,-1,-1,-1,-1,-1,0,-1
2020010286363,2020,010286363,1,19,0,18,19,3,7,0,0,8,0,0,0,0,1,1,6,6,3,-1,-1,-1,-1,-1,-1,-1,-1,0,-1
2020350977165,2020,350977165,1,19,-1,18,19,2,5,0,0,0,0,0,0,0,3,1,6,6,3,-1,-1,-1,-1,-1,-1,-1,-1,0,-1
2020371012012,2020,371012012,2,98,0,2,2,0,0,0,0,1,0,0,0,0,1,1,6,6,3,-1,-1,-1,-1,-1,-1,-1,-1,0,-1
2020522002396,2020,522002396,1,1,0,18,19,7,3,0,0,8,0,0,0,0,4,1,6,6,1,41,7,-1,-1,-1,-1,3,E01014730,0,-1
2020332001238,2020,332001238,1,3,0,18,19,5,1,0,0,0,0,0,0,0,0,1,6,6,2,40,7,-1,-1,-1,-1,-1,-1,0,-1
20201371G0692,2020,1371G0692,2,9,0,18,19,5,1,0,0,0,0,0,0,0,3,1,6,6,1,35,6,-1,-1,-1,-1,1,E01010655,0,-1
2020350934104,2020,350934104,1,9,0,14,14,7,3,0,0,0,0,0,0,0,1,1,6,6,3,-1,-1,-1,-1,-1,-1,-1,-1,0,-1
2020052002311,2020,052002311,2,1,0,18,19,6,2,0,0,2,0,0,0,0,4,1,6,6,1,41,7,-1,-1,-1,-1,-1,-1,0,-1
2020430077979,2020,430077979,1,9,0,7,7,6,8,0,0,6,0,0,0,0,1,1,6,6,1,-1,-1,-1,-1,-1,-1,-1,-1,0,-1
2020010231620,2020,010231620,1,9,0,99,99,9,9,99,99,0,9,99,9,99,1,1,6,6,3,-1,-1,-1,-1,-1,-1,-1,-1,0,-1
2020010265317,2020,010265317,2,1,0,18,19,7,3,0,0,1,0,0,0,0,3,1,1,1,1,42,7,-1,-1,-1,-1,-1,-1,0,-1
2020350984345,2020,350984345,2,90,-1,-1,-1,-1,-1,-1,-1,-1,-1,-1,-1,0,-1,1,6,6,1,-1,-1,-1,-1,-1,-1,-1,-1,0,-1
2020100959855,2020,100959855,2,1,0,18,19,4,7,0,0,8,0,0,0,0,3,1,6,6,1,45,7,-1,-1,-1,-1,-1,-1,0,-1
2020430033313,2020,430033313,2,1,0,18,19,8,4,0,0,8,0,0,0,0,1,1,6,6,1,57,9,-1,-1,-1,-1,9,E01028151,0,-1
20201371L1224,2020,1371L1224,1,9,0,18,19,4,8,0,0,8,0,0,0,0,1,1,6,6,3,-1,-1,-1,-1,-1,-1,-1,-1,0,-1
2020070400032,2020,070400032,1,1,0,15,15,5,1,0,0,0,0,0,0,0,3,1,6,6,1,51,8,-1,-1,-1,-1,4,E01018638,0,-1
2020010285585,2020,010285585,1,9,0,18,19,1,5,0,0,6,0,0,0,0,1,1,6,6,3,-1,-1,-1,-1,-1,-1,-1,-1,0,-1
2020110929849,2020,110929849,1,9,0,9,9,5,3,0,0,1,0,0,0,0,1,1,6,6,3,30,6,-1,-1,-1,-1,-1,-1,0,-1
2020010281235,2020,010281235,2,-1,0,5,5,5,1,0,0,8,0,0,0,0,1,1,2,2,2,32,6,-1,-1,-1,-1,5,E01033322,1,-1
2020470970896,2020,470970896,2,1,0,18,19,2,6,0,0,8,0,0,0,0,3,1,1,1,1,22,5,-1,-1,-1,-1,10,E01031681,0,-1
2020332000500,2020,332000500,1,9,0,18,19,5,1,0,0,8,0,0,0,0,1,1,6,6,2,55,8,-1,-1,-1,-1,4,E01009711,0,-1
2020140958860,2020,140958860,2,98,0,2,2,0,0,9,9,0,0,0,0,0,3,1,6,6,3,-1,-1,-1,-1,-1,-1,-1,-1,0,-1
2020137240601,2020,137240601,2,5,0,18,19,1,5,0,0,8,0,0,0,0,4,1,6,6,2,24,5,-1,-1,-1,-1,1,E01011431,0,-1
2020210973026,2020,210973026,2,1,-1,-1,-1,-1,-1,-1,-1,-1,-1,-1,-1,0,-1,1,6,6,1,43,7,-1,-1,-1,-1,9,E01009420,0,-1
2020332000564,2020,332000564,2,21,4,14,14,5,1,0,0,0,0,0,0,0,1,1,1,1,1,52,8,-1,-1,-1,-1,2,E01010010,0,-1
2020990965421,2020,990965421,2,1,0,18,19,8,4,0,0,0,0,0,0,0,0,1,5,6,1,47,8,-1,-1,-1,-1,10,-1,0,-1
2020500979709,2020,500979709,1,1,0,18,19,2,6,0,0,8,0,0,0,0,1,1,5,6,1,46,8,-1,-1,-1,-1,3,E01015240,0,-1
2020201021029,2020,201021029,1,1,0,18,19,-1,-1,0,0,0,0,0,0,0,1,1,6,6,1,-1,-1,-1,-1,-1,-1,-1,-1,0,-1
2020160922679,2020,160922679,2,1,0,18,19,3,7,0,0,8,0,0,0,0,1,1,2,2,1,33,6,-1,-1,-1,-1,7,E01013011,0,-1
2020440394760,2020,440394760,2,1,0,18,19,8,4,0,0,0,0,0,0,0,1,1,6,6,1,59,9,-1,-1,-1,-1,4,E01017074,0,-1
2020140970965,2020,140970965,2,1,-1,18,19,5,1,0,0,0,0,0,0,0,0,1,5,6,1,55,8,-1,-1,-1,-1,10,E01011948,0,-1
2020420985148,2020,420985148,3,8,0,2,2,0,0,0,0,0,0,0,0,0,1,1,6,6,3,-1,-1,-1,-1,-1,-1,-1,-1,0,-1
2020070684972,2020,070684972,2,1,0,18,19,8,4,0,0,8,0,0,0,0,1,1,6,6,1,54,8,-1,-1,-1,-1,10,E01005923,0,-1
2020160918268,2020,160918268,2,1,0,18,19,4,8,0,0,8,0,0,0,0,1,1,6,6,1,23,5,-1,-1,-1,-1,-1,-1,0,-1
2020990953040,2020,990953040,2,1,0,18,19,6,1,0,0,1,0,0,0,0,1,1,2,2,2,24,5,-1,-1,-1,-1,5,-1,0,-1
2020010248903,2020,010248903,1,1,9,18,19,1,5,0,0,8,5,0,0,99,3,1,6,6,1,27,6,-1,-1,-1,-1,3,E01003617,0,-1
2020137751543,2020,137751543,2,1,0,18,19,1,5,0,0,0,0,0,0,0,1,1,6,6,1,27,6,-1,-1,-1,-1,5,E01033015,0,-1
2020010243178,2020,010243178,2,1,0,18,19,1,5,0,0,0,0,0,0,0,3,1,6,6,2,32,6,-1,-1,-1,-1,3,E01001844,0,-1
2020010252049,2020,010252049,1,1,9,99,99,9,9,99,99,9,9,99,9,99,9,1,6,6,1,29,6,-1,-1,-1,-1,4,E01000921,0,-1
2020140920692,2020,140920692,2,1,0,18,19,1,5,0,0,8,0,0,0,0,4,1,2,2,1,59,9,-1,-1,-1,-1,8,E01007712,0,-1
2020460919880,2020,460919880,1,9,0,16,19,7,3,0,0,1,0,0,1,0,1,1,5,6,1,85,11,-1,-1,-1,-1,7,E01024141,0,-1
2020530976436,2020,530976436,2,9,0,10,10,8,6,0,0,6,0,0,0,0,1,1,6,6,1,58,9,-1,-1,-1,-1,6,E01022454,0,-1
2020210977696,2020,210977696,2,1,0,18,19,7,3,0,0,0,0,0,0,0,3,1,6,6,1,29,6,-1,-1,-1,-1,2,E01029426,0,-1
2020010253314,2020,010253314,2,4,0,8,8,1,2,0,0,1,0,0,0,0,2,1,6,6,2,34,6,-1,-1,-1,-1,1,E01001979,0,-1
202006A173670,2020,06A173670,1,9,0,9,9,4,3,0,0,8,0,0,0,0,1,1,1,1,2,31,6,-1,-1,-1,-1,1,E01005141,0,-1
2020522100760,2020,522100760,2,9,0,18,19,4,8,0,0,4,0,0,0,0,3,1,6,6,1,24,5,-1,-1,-1,-1,-1,-1,0,-1
2020410980623,2020,410980623,1,90,0,18,19,4,8,0,0,5,0,0,0,0,1,1,6,6,3,-1,-1,-1,-1,-1,-1,-1,-1,0,-1
2020320270840,2020,320270840,1,1,0,18,19,1,5,0,0,2,0,0,0,10,1,1,6,6,1,29,6,-1,-1,-1,-1,8,E01026394,0,-1
2020140929522,2020,140929522,2,9,0,7,7,1,4,0,0,6,0,0,0,0,1,1,6,6,3,-1,-1,-1,-1,-1,-1,-1,-1,0,-1
2020010283985,2020,010283985,2,9,0,99,99,9,9,99,99,0,9,99,9,99,1,9,6,6,3,-1,-1,-1,-1,-1,-1,1,E01004035,0,-1
2020471006111,2020,471006111,1,9,0,18,19,5,1,0,0,8,0,0,0,0,4,1,6,6,1,78,11,-1,-1,-1,-1,-1,-1,0,-1
2020010266217,2020,010266217,1,1,0,99,99,9,9,0,0,2,0,0,0,0,1,1,6,6,1,32,6,-1,-1,-1,-1,6,E01003100,0,-1
2020500921847,2020,500921847,3,9,0,18,19,4,6,0,0,0,0,0,0,0,1,1,6,6,1,56,9,-1,-1,-1,-1,5,E01019048,0,-1
2020140931005,2020,140931005,2,9,0,1,1,7,3,9,9,0,0,0,0,0,2,1,6,6,3,-1,-1,-1,-1,-1,-1,-1,-1,0,-1
2020400940660,2020,400940660,2,9,0,13,13,1,5,0,0,0,2,0,1,2,1,1,5,6,1,17,4,-1,-1,-1,-1,2,E01015741,0,-1
2020440230397,2020,440230397,1,1,0,18,19,3,8,0,0,8,0,0,0,0,1,1,6,6,1,16,4,-1,-1,-1,-1,6,E01022690,0,-1
2020010228437,2020,010228437,3,97,0,18,19,-1,-1,0,0,8,0,0,0,0,1,-1,6,6,3,-1,-1,-1,-1,-1,-1,-1,-1,0,-1
2020201020351,2020,201020351,1,9,0,18,19,7,3,0,0,1,0,0,0,0,4,1,6,6,3,-1,-1,-1,-1,-1,-1,-1,-1,0,-1
2020010265911,2020,010265911,1,1,9,99,99,9,9,99,99,0,9,99,9,99,1,1,6,6,1,17,4,-1,-1,-1,-1,10,E01002958,0,-1
2020220955134,2020,220955134,1,2,0,16,19,6,7,0,0,0,0,4,0,0,3,1,5,6,1,18,4,-1,-1,-1,-1,4,E01014106,0,-1
2020332000391,2020,332000391,1,9,0,16,19,2,5,0,0,0,1,0,2,0,4,1,6,6,2,49,8,-1,-1,-1,-1,-1,-1,0,-1
2020010284056,2020,010284056,2,1,0,9,9,4,1,5,5,6,0,0,0,0,2,1,6,6,1,18,4,-1,-1,-1,-1,1,E01001958,0,-1
2020010266648,2020,010266648,2,1,0,5,5,1,5,0,0,8,0,0,0,0,0,1,6,6,2,60,9,-1,-1,-1,-1,10,E01003468,0,-1
2020010252351,2020,010252351,1,1,9,99,99,9,9,99,99,1,9,99,9,99,1,1,2,2,1,38,7,-1,-1,-1,-1,5,E01004527,0,-1
2020410957813,2020,410957813,1,4,0,18,19,2,6,0,0,1,0,0,0,0,1,1,5,6,1,70,10,-1,-1,-1,-1,10,E01023642,0,-1
2020200944112,2020,200944112,1,9,0,7,7,8,2,0,0,5,0,0,0,0,1,1,6,6,3,-1,-1,-1,-1,-1,-1,-1,-1,0,-1
2020622000755,2020,622000755,2,8,0,4,4,4,8,0,0,1,0,0,0,0,2,1,6,6,1,26,6,-1,-1,-1,-1,9,W01001029,0,-1
2020552000906,2020,552000906,2,1,0,18,19,7,3,0,0,8,0,0,0,0,3,1,6,6,1,38,7,-1,-1,-1,-1,3,E01015289,0,-1
2020200995038,2020,200995038,2,9,0,2,2,0,0,9,9,2,0,0,0,0,1,1,6,6,1,-1,-1,-1,-1,-1,-1,-1,-1,0,-1
20201379C1066,2020,1379C1066,1,9,0,12,12,5,1,0,0,0,0,0,0,0,0,1,6,6,3,-1,-1,-1,-1,-1,-1,-1,-1,0,-1
2020010276614,2020,010276614,1,1,9,99,99,9,9,99,99,0,9,99,9,99,9,1,2,2,1,29,6,-1,-1,-1,-1,4,E01002873,0,-1
2020522100599,2020,522100599,1,1,0,7,7,6,8,0,0,6,0,10,0,0,3,1,6,6,1,38,7,-1,-1,-1,-1,4,E01014958,0,-1
2020470918777,2020,470918777,1,1,0,18,19,5,1,4,4,1,0,0,0,0,1,1,6,6,1,74,10,-1,-1,-1,-1,4,E01020966,0,-1
2020990962655,2020,990962655,2,1,0,5,5,7,3,0,0,1,0,0,0,0,1,1,6,6,2,25,5,-1,-1,-1,-1,7,-1,0,-1
2020010250405,2020,010250405,1,9,0,18,19,5,1,0,0,0,0,0,0,0,1,1,6,6,3,-1,-1,-1,-1,-1,-1,-1,-1,0,-1
2020140963370,2020,140963370,1,3,0,18,19,2,6,0,0,0,0,0,0,0,4,1,6,6,1,39,7,-1,-1,-1,-1,1,E01007901,0,-1
202060Y187240,2020,60Y187240,1,9,0,13,13,2,6,0,0,0,1,0,1,4,1,1,6,6,3,-1,-1,-1,-1,-1,-1,-1,-1,0,-1
2020340W05552,2020,340W05552,2,21,0,18,19,7,3,0,0,2,0,0,0,0,4,1,1,1,1,41,7,-1,-1,-1,-1,2,E01027170,0,-1
2020010267338,2020,010267338,1,9,0,18,19,5,1,0,0,1,0,0,0,0,4,1,6,6,3,-1,-1,-1,-1,-1,-1,-1,-1,0,-1
2020430059903,2020,430059903,2,9,0,13,13,8,4,0,0,0,0,0,0,0,4,1,6,6,1,-1,-1,-1,-1,-1,-1,-1,-1,0,-1
2020200962191,2020,200962191,2,1,0,18,19,7,3,0,0,6,0,0,0,0,2,1,6,6,2,13,3,-1,-1,-1,-1,5,E01009863,0,-1
202054B478420,2020,54B478420,2,1,0,18,19,5,1,0,0,1,0,0,0,0,1,1,6,6,1,23,5,-1,-1,-1,-1,4,E01015494,0,-1
2020230960785,2020,230960785,2,9,0,10,10,2,7,0,0,8,0,0,0,0,2,1,5,6,1,20,4,-1,-1,-1,-1,9,E01031268,0,-1
2020530962898,2020,530962898,2,19,0,18,19,7,3,0,0,0,0,0,0,0,1,1,6,6,3,-1,-1,-1,-1,-1,-1,-1,-1,0,-1
2020990959094,2020,990959094,3,1,0,8,8,7,8,0,0,1,0,0,0,0,1,1,5,6,2,18,4,-1,-1,-1,-1,3,-1,0,-1
2020010235256,2020,010235256,2,9,0,18,19,-1,-1,0,0,8,0,0,0,0,1,1,6,6,3,-1,-1,-1,-1,-1,-1,-1,-1,0,-1
2020070541328,2020,070541328,1,21,1,5,5,4,8,0,0,4,0,9,0,0,3,1,1,1,1,-1,-1,-1,-1,-1,-1,-1,-1,0,-1
202060Y107658,2020,60Y107658,2,5,0,13,13,4,8,0,0,0,1,0,0,0,0,1,2,2,1,50,8,-1,-1,-1,-1,-1,-1,0,-1
2020010263707,2020,010263707,2,1,0,18,19,7,3,2,2,1,0,0,0,0,9,1,6,6,1,48,8,-1,-1,-1,-1,2,E01003591,0,-1
202060Y182781,2020,60Y182781,1,9,0,5,5,6,4,0,0,8,0,0,0,0,3,1,6,6,2,31,6,-1,-1,-1,-1,-1,-1,0,-1
2020010248966,2020,010248966,2,-1,0,18,19,7,3,0,0,6,0,0,0,0,1,1,6,6,1,31,6,-1,-1,-1,-1,2,E01033713,1,-1
2020461002273,2020,461002273,2,9,0,18,19,1,3,0,0,0,0,0,0,0,1,1,6,6,3,-1,-1,-1,-1,-1,-1,-1,-1,0,-1
202063D046020,2020,63D046020,2,1,0,18,19,7,2,0,0,4,0,0,1,10,3,1,2,2,1,49,8,-1,-1,-1,-1,8,W01000465,0,-1
2020040982439,2020,040982439,2,1,0,18,19,5,1,4,4,1,0,0,0,0,1,1,6,6,1,55,8,-1,-1,-1,-1,2,E01012600,0,-1
2020430216925,2020,430216925,2,97,0,18,19,6,2,0,0,4,0,0,1,0,3,1,2,2,1,62,9,-1,-1,-1,-1,7,E01016221,0,-1
2020010283873,2020,010283873,1,1,9,99,99,9,9,99,99,9,9,99,9,99,2,1,2,2,1,26,6,-1,-1,-1,-1,8,E01001400,0,-1
2020010248699,2020,010248699,1,1,9,99,99,9,9,99,99,9,9,99,9,99,1,1,6,6,1,49,8,-1,-1,-1,-1,3,E01004678,0,-1
2020420944661,2020,420944661,3,1,0,14,14,6,2,0,0,0,0,0,0,0,4,1,2,2,1,37,7,-1,-1,-1,-1,1,E01022031,0,-1
2020160982819,2020,160982819,2,1,0,18,19,6,2,0,0,8,0,0,0,0,1,1,6,6,2,21,5,-1,-1,-1,-1,9,E01012996,0,-1
2020040960595,2020,040960595,2,9,0,8,8,1,5,0,0,7,0,0,0,0,2,1,2,2,1,31,6,-1,-1,-1,-1,4,E01025276,0,-1
2020100916775,2020,100916775,1,9,0,18,19,1,5,0,0,0,0,0,0,0,1,1,2,2,1,29,6,-1,-1,-1,-1,6,E01027476,0,-1
2020100935380,2020,100935380,2,9,0,9,9,6,8,0,0,2,0,0,0,0,1,1,2,2,2,43,7,-1,-1,-1,-1,7,E01008650,0,-1
2020470937682,2020,470937682,2,9,0,2,2,0,0,9,9,0,0,0,0,0,3,1,6,6,3,-1,-1,-1,-1,-1,-1,-1,-1,0,-1
2020500954957,2020,500954957,2,16,0,18,19,3,7,0,0,0,0,0,0,0,3,1,5,6,2,51,8,-1,-1,-1,-1,5,E01020050,0,-1
202060Y013654,2020,60Y013654,1,9,0,9,9,3,8,0,0,2,0,0,0,0,1,1,6,6,2,28,6,-1,-1,-1,-1,-1,-1,0,-1
2020440430542,2020,440430542,2,9,0,13,13,2,6,0,0,4,0,0,0,0,4,1,6,6,3,-1,-1,-1,-1,-1,-1,-1,-1,0,-1
2020440339073,2020,440339073,1,9,0,18,19,8,4,0,0,2,0,0,0,0,1,1,6,6,3,-1,-1,-1,-1,-1,-1,-1,-1,0,-1
2020440291751,2020,440291751,2,9,0,18,19,8,4,0,0,2,0,0,0,0,1,1,6,6,1,31,6,-1,-1,-1,-1,9,E01033384,0,-1
2020010236006,2020,010236006,2,9,0,99,99,9,9,0,0,8,0,0,0,0,9,9,-1,-1,3,-1,-1,-1,-1,-1,-1,-1,-1,0,-1
2020010253277,2020,010253277,1,1,9,99,99,9,9,99,99,9,9,99,9,99,1,1,2,2,1,32,6,-1,-1,-1,-1,6,E01001590,0,-1
2020010254564,2020,010254564,2,1,0,18,19,3,7,0,0,1,0,0,0,0,2,1,6,6,2,51,8,-1,-1,-1,-1,5,E01003198,0,-1
2020332000535,2020,332000535,1,5,0,17,19,8,5,0,0,0,1,0,1,4,1,1,6,6,1,31,6,-1,-1,-1,-1,3,E01025905,0,-1
2020010250047,2020,010250047,1,1,9,99,99,9,9,99,99,8,9,99,9,99,9,1,6,6,1,18,4,-1,-1,-1,-1,5,E01003131,0,-1
2020010283365,2020,010283365,2,19,0,7,7,7,1,0,0,3,0,0,0,0,4,9,6,6,1,-1,-1,-1,-1,-1,-1,-1,-1,0,-1
2020547202620,2020,547202620,1,97,0,18,19,5,1,0,0,1,0,0,0,0,1,1,6,6,1,30,6,-1,-1,-1,-1,10,E01023230,0,-1
202060Y156633,2020,60Y156633,2,9,0,2,2,0,0,0,0,2,0,0,0,0,2,1,6,6,1,61,9,-1,-1,-1,-1,-1,-1,0,-1
2020010231115,2020,010231115,2,1,0,5,5,8,4,0,0,8,0,0,0,0,1,-1,6,6,2,57,9,-1,-1,-1,-1,5,E01003072,0,-1
2020070486236,2020,070486236,1,1,0,16,19,2,6,0,0,6,1,0,0,0,1,1,6,6,2,19,4,-1,-1,-1,-1,9,E01005848,0,-1
202031D102320,2020,31D102320,1,4,0,18,19,7,3,0,0,2,0,0,0,0,1,1,6,6,1,21,5,-1,-1,-1,-1,5,E01028129,0,-1
2020461007338,2020,461007338,1,9,0,14,14,2,8,0,0,0,0,0,0,0,1,1,6,6,1,34,6,-1,-1,-1,-1,-1,-1,0,-1
2020040957445,2020,040957445,2,1,0,18,19,7,3,0,0,2,0,0,0,0,1,1,6,6,2,13,3,-1,-1,-1,-1,3,E01012732,0,-1
2020010246743,2020,010246743,1,9,0,4,4,1,5,0,0,1,0,0,0,0,3,1,6,6,1,33,6,-1,-1,-1,-1,-1,-1,0,-1
2020332000571,2020,332000571,1,9,0,13,13,4,2,0,0,8,0,0,0,0,1,1,6,6,1,75,10,-1,-1,-1,-1,-1,-1,0,-1
202006M271941,2020,06M271941,2,1,0,18,19,4,8,4,4,8,0,0,0,0,4,1,2,2,1,29,6,-1,-1,-1,-1,2,E01005674,0,-1
2020470949914,2020,470949914,2,1,0,18,19,1,4,0,0,8,0,0,0,0,3,1,6,6,1,19,4,-1,-1,-1,-1,10,E01031646,0,-1
2020160986334,2020,160986334,2,9,0,18,19,5,1,0,0,8,0,0,0,0,1,1,6,6,3,-1,-1,-1,-1,-1,-1,-1,-1,0,-1
2020470915488,2020,470915488,1,9,0,17,19,8,5,0,0,0,2,0,1,10,1,1,5,6,2,29,6,-1,-1,-1,-1,2,E01021179,0,-1
2020430050346,2020,430050346,1,1,0,17,19,2,7,0,0,0,0,0,0,0,0,1,6,6,1,69,10,-1,-1,-1,-1,10,E01017771,0,-1
2020370918414,2020,370918414,1,1,0,18,19,4,8,0,0,8,5,0,0,0,3,1,4,7,2,13,3,-1,-1,-1,-1,4,E01030251,0,-1
2020010267460,2020,010267460,2,1,0,13,13,5,1,0,0,0,0,0,0,0,1,1,6,6,1,59,9,-1,-1,-1,-1,3,E01003481,0,-1
2020991009084,2020,991009084,3,9,0,3,3,8,4,0,0,0,0,0,0,0,2,1,1,1,1,28,6,-1,-1,-1,-1,2,-1,0,-1
2020010228691,2020,010228691,3,3,0,13,13,4,8,0,0,1,0,0,0,0,0,-1,6,6,3,-1,-1,-1,-1,-1,-1,-1,-1,0,-1
2020990986818,2020,990986818,2,1,0,18,19,5,1,0,0,8,0,0,0,0,1,1,5,6,1,54,8,-1,-1,-1,-1,7,-1,0,-1
202031D029120,2020,31D029120,2,1,0,18,19,8,4,0,0,0,0,0,0,0,3,1,2,2,2,42,7,-1,-1,-1,-1,7,E01028378,0,-1
2020990983450,2020,990983450,2,1,0,18,19,7,3,0,0,0,0,0,0,0,2,1,5,6,1,14,3,-1,-1,-1,-1,9,-1,0,-1
2020100935407,2020,100935407,1,9,-1,13,13,3,7,0,0,0,0,0,0,0,4,1,6,6,3,40,7,-1,-1,-1,-1,-1,-1,0,-1
2020122001303,2020,122001303,2,9,0,18,19,7,3,0,0,0,0,0,0,0,3,1,2,2,1,23,5,-1,-1,-1,-1,9,E01013438,0,-1
2020440278056,2020,440278056,1,1,0,18,19,8,4,0,0,0,0,0,0,0,0,1,6,6,1,17,4,-1,-1,-1,-1,5,E01023015,0,-1
2020990963860,2020,990963860,1,9,0,18,19,5,1,0,0,0,0,4,0,0,1,1,5,6,1,32,6,-1,-1,-1,-1,6,-1,0,-1
2020520100801,2020,520100801,1,1,0,18,19,5,1,0,0,0,0,0,0,0,1,1,6,6,1,70,10,-1,-1,-1,-1,7,E01029086,0,-1
202060Y086927,2020,60Y086927,2,1,0,18,19,2,6,0,0,0,0,0,1,11,4,1,6,6,1,16,4,-1,-1,-1,-1,-1,-1,0,-1
2020010254614,2020,010254614,2,9,0,99,99,1,5,99,99,0,9,99,9,99,9,9,6,6,2,-1,-1,-1,-1,-1,-1,-1,-1,0,-1
2020470930553,2020,470930553,1,9,0,9,9,8,5,0,0,2,0,0,0,0,1,1,6,6,3,-1,-1,-1,-1,-1,-1,-1,-1,0,-1
2020420968916,2020,420968916,1,3,0,18,19,3,7,0,0,0,5,10,7,2,1,1,6,6,1,17,4,-1,-1,-1,-1,4,E01022011,0,-1
2020220965807,2020,220965807,1,9,0,18,19,6,2,0,0,0,0,0,0,0,0,1,6,6,3,28,6,-1,-1,-1,-1,-1,-1,0,-1
2020461004994,2020,461004994,3,98,1,18,19,1,5,0,0,0,0,0,0,0,2,1,1,1,1,30,6,-1,-1,-1,-1,-1,-1,0,-1
2020430059911,2020,430059911,1,9,0,18,19,6,2,0,0,4,0,0,0,0,3,1,6,6,3,-1,-1,-1,-1,-1,-1,-1,-1,0,-1
2020010240657,2020,010240657,1,1,0,10,10,1,6,0,0,1,0,0,0,0,3,1,6,6,1,46,8,-1,-1,-1,-1,3,E01004030,0,-1
2020200952855,2020,200952855,1,9,0,13,13,2,6,0,0,8,0,0,0,0,1,1,6,6,1,-1,-1,-1,-1,-1,-1,-1,-1,0,-1
2020010267176,2020,010267176,2,9,9,18,19,3,7,0,0,9,0,0,0,0,9,9,-1,-1,3,-1,-1,-1,-1,-1,-1,-1,-1,0,-1
2020010285815,2020,010285815,1,1,9,99,99,9,9,99,99,9,9,99,9,99,9,1,6,6,1,36,7,-1,-1,-1,-1,1,E01001425,0,-1
2020070532582,2020,070532582,2,1,0,18,19,8,3,0,0,8,0,0,0,0,4,1,2,2,1,37,7,-1,-1,-1,-1,-1,-1,0,-1
202006E176721,2020,06E176721,2,1,0,18,19,8,4,0,0,1,0,0,0,0,2,1,6,6,1,33,6,-1,-1,-1,-1,3,E01033662,0,-1