collision_index,collision_year,collision_ref_no,vehicle_reference,vehicle_type,towing_and_articulation,vehicle_manoeuvre_historic,vehicle_manoeuvre,vehicle_direction_from,vehicle_direction_to,vehicle_location_restricted_lane_historic,vehicle_location_restricted_lane,junction_location,skidding_and_overturning,hit_object_in_carriageway,vehicle_leaving_carriageway,hit_object_off_carriageway,first_point_of_impact,vehicle_left_hand_drive,journey_purpose_of_driver_historic,journey_purpose_of_driver,sex_of_driver,age_of_driver,age_band_of_driver,engine_capacity_cc,propulsion_code,age_of_vehicle,generic_make_model,driver_imd_decile,lsoa_of_driver,escooter_flag,driver_distance_banding
2020410936454,2020,410936454,1,9,0,9,9,7,5,0,0,8,0,0,0,0,1,1,5,6,2,33,6,-1,-1,-1,-1,5,E01023384,0,-1
2020332001251,2020,332001251,1,9,0,18,19,5,1,0,0,0,0,0,0,0,0,1,6,6,1,30,6,-1,-1,-1,-1,-1,-1,0,-1
2020201019425,2020,201019425,1,9,0,18,19,6,2,0,0,8,0,0,0,0,1,1,6,6,1,40,7,-1,-1,-1,-1,1,E01033649,0,-1
2020010286722,2020,010286722,2,9,0,99,99,9,9,99,99,9,9,99,9,99,9,9,6,6,2,70,10,-1,-1,-1,-1,2,E01001462,0,-1
202060Y022055,2020,60Y022055,1,9,0,15,15,6,5,0,0,1,0,0,0,0,4,1,6,6,1,41,7,-1,-1,-1,-1,-1,-1,0,-1
2020200935711,2020,200935711,2,9,0,9,9,3,1,0,0,6,0,0,0,0,0,1,6,6,3,-1,-1,-1,-1,-1,-1,-1,-1,0,-1
2020100933984,2020,100933984,2,1,0,18,19,2,6,4,4,1,0,0,0,0,1,1,5,6,1,40,7,-1,-1,-1,-1,10,E01020721,0,-1
2020360978556,2020,360978556,2,9,0,3,3,-1,-1,0,0,0,0,0,0,0,3,1,1,1,2,34,6,-1,-1,-1,-1,8,E01026578,0,-1
2020440454581,2020,440454581,2,1,0,18,19,1,5,0,0,8,0,0,0,0,2,1,6,6,1,52,8,-1,-1,-1,-1,3,E01017129,0,-1
2020440402072,2020,440402072,1,9,0,1,1,5,1,0,0,0,0,0,0,0,2,1,6,6,3,-1,-1,-1,-1,-1,-1,-1,-1,0,-1
2020052002614,2020,052002614,2,1,0,7,7,8,4,0,0,3,0,0,0,0,1,1,6,6,1,45,7,-1,-1,-1,-1,1,E01006552,0,-1
2020010245168,2020,010245168,1,1,9,99,99,9,9,99,99,9,9,99,9,99,9,-1,6,6,1,59,9,-1,-1,-1,-1,8,E01021141,0,-1
2020332000051,2020,332000051,3,9,0,18,19,6,2,0,0,8,0,0,0,0,1,1,6,6,1,20,4,-1,-1,-1,-1,9,E01025736,0,-1
2020552000667,2020,552000667,1,9,0,18,19,2,6,0,0,0,0,0,0,0,1,1,6,6,3,-1,-1,-1,-1,-1,-1,-1,-1,0,-1
2020010236046,2020,010236046,2,1,0,18,19,1,5,5,5,1,2,0,0,0,1,1,6,6,1,33,6,-1,-1,-1,-1,2,E01000938,0,-1
2020010242224,2020,010242224,2,1,0,18,19,1,5,0,0,3,5,0,0,0,4,-1,6,6,1,25,5,-1,-1,-1,-1,3,E01001076,0,-1
2020010285408,2020,010285408,2,9,0,99,99,9,9,99,99,9,9,99,9,99,9,9,6,6,3,-1,-1,-1,-1,-1,-1,-1,-1,0,-1
2020500938797,2020,500938797,1,9,0,17,19,5,1,0,0,0,0,0,7,10,1,1,6,6,1,21,5,-1,-1,-1,-1,6,E01020326,0,-1
2020040921307,2020,040921307,2,9,0,9,9,6,2,0,0,6,0,0,0,0,3,1,6,6,3,-1,-1,-1,-1,-1,-1,-1,-1,0,-1
2020332000055,2020,332000055,2,1,0,18,19,1,5,4,4,8,0,0,0,0,4,1,6,6,1,57,9,-1,-1,-1,-1,2,E01032873,0,-1
2020990950763,2020,990950763,1,1,0,18,19,2,6,2,2,8,0,0,0,0,3,1,5,6,1,32,6,-1,-1,-1,-1,3,-1,0,-1
2020470982174,2020,470982174,2,1,0,18,19,1,6,0,0,1,2,0,0,0,0,1,6,6,1,17,4,-1,-1,-1,-1,2,E01031819,0,-1
202060Y079555,2020,60Y079555,2,9,0,10,10,3,7,0,0,5,0,0,0,0,2,1,6,6,2,25,5,-1,-1,-1,-1,-1,-1,0,-1
2020350971047,2020,350971047,2,1,0,14,14,1,8,0,0,0,0,0,0,0,0,1,5,6,1,16,4,-1,-1,-1,-1,6,E01017973,0,-1
2020990971669,2020,990971669,2,1,0,18,19,7,3,0,0,8,0,0,0,0,1,1,2,2,2,32,6,-1,-1,-1,-1,6,-1,0,-1
2020010267383,2020,010267383,1,9,0,18,19,5,1,0,0,0,0,0,0,0,1,1,6,6,3,-1,-1,-1,-1,-1,-1,-1,-1,0,-1
2020010277916,2020,010277916,3,1,0,4,4,3,7,0,0,1,0,0,0,0,1,1,6,6,1,26,6,-1,-1,-1,-1,7,E01001888,0,-1
2020522001552,2020,522001552,2,9,0,12,12,1,5,0,0,0,0,0,0,0,3,1,6,6,1,20,4,-1,-1,-1,-1,-1,-1,0,-1
2020400972391,2020,400972391,1,9,0,18,19,-1,-1,0,0,1,0,0,0,0,0,1,5,6,3,-1,-1,-1,-1,-1,-1,-1,-1,0,-1
2020440463425,2020,440463425,2,1,0,18,19,7,3,0,0,8,0,0,0,0,1,1,6,6,1,75,10,-1,-1,-1,-1,4,E01017135,0,-1
2020421000857,2020,421000857,2,1,0,18,19,3,5,0,0,1,0,0,0,0,1,1,5,6,1,53,8,-1,-1,-1,-1,5,E01021768,0,-1
2020010234164,2020,010234164,1,9,0,18,19,1,5,0,0,8,0,0,0,0,1,1,6,6,3,-1,-1,-1,-1,-1,-1,-1,-1,0,-1
2020430062480,2020,430062480,1,1,0,9,9,7,3,0,0,8,0,0,0,0,1,1,6,6,1,47,8,-1,-1,-1,-1,-1,-1,0,-1
2020160982288,2020,160982288,2,1,0,16,19,2,6,0,0,0,0,0,0,0,2,1,6,6,1,18,4,-1,-1,-1,-1,7,E01013024,0,-1
2020010276709,2020,010276709,2,9,0,99,99,9,9,99,99,9,9,99,9,99,9,9,6,6,3,-1,-1,-1,-1,-1,-1,-1,-1,0,-1
2020990954296,2020,990954296,2,1,4,13,13,3,7,0,0,1,5,0,0,0,3,1,5,6,1,52,8,-1,-1,-1,-1,6,-1,0,-1
2020610043220,2020,610043220,2,9,0,18,19,5,1,0,0,1,0,0,0,0,1,1,6,6,3,-1,-1,-1,-1,-1,-1,-1,-1,0,-1
2020010241283,2020,010241283,2,1,0,18,19,3,7,0,0,1,0,0,0,0,1,1,2,2,1,33,6,-1,-1,-1,-1,2,E01033085,0,-1
2020010246127,2020,010246127,2,9,0,99,99,9,9,99,99,9,9,99,9,99,1,1,6,6,3,22,5,-1,-1,-1,-1,6,E01000252,0,-1
2020610027120,2020,610027120,1,9,0,18,19,7,3,0,0,2,5,11,0,0,1,1,6,6,1,59,9,-1,-1,-1,-1,8,E01017249,0,-1
2020110950368,2020,110950368,2,9,0,18,19,4,6,0,0,1,0,0,0,0,3,1,1,1,2,30,6,-1,-1,-1,-1,1,E01020592,0,-1
2020010280085,2020,010280085,1,9,9,99,99,9,9,99,99,0,9,99,9,99,9,1,6,6,3,-1,-1,-1,-1,-1,-1,-1,-1,0,-1
2020500929156,2020,500929156,3,9,0,18,19,5,1,0,0,1,0,0,0,0,1,1,6,6,3,-1,-1,-1,-1,-1,-1,-1,-1,0,-1
2020420975534,2020,420975534,1,21,0,4,4,3,7,0,0,0,0,0,0,0,1,1,1,1,1,31,6,-1,-1,-1,-1,-1,-1,0,-1
2020010242174,2020,010242174,2,9,9,99,99,9,9,99,99,2,9,99,9,99,9,1,6,6,3,-1,-1,-1,-1,-1,-1,-1,-1,0,-1
202006K173253,2020,06K173253,2,1,0,9,9,4,2,0,0,1,0,0,0,0,1,1,2,2,1,26,6,-1,-1,-1,-1,4,E01004776,0,-1
2020010250023,2020,010250023,2,1,0,11,11,5,1,0,0,1,0,0,0,0,1,1,6,6,1,38,7,-1,-1,-1,-1,2,E01003191,0,-1
2020420992668,2020,420992668,1,1,0,18,19,6,2,0,0,0,0,0,0,0,2,1,6,6,1,40,7,-1,-1,-1,-1,-1,-1,0,-1
2020320407753,2020,320407753,2,1,0,18,19,7,3,0,0,2,0,0,0,0,1,1,6,6,1,23,5,-1,-1,-1,-1,9,E01026402,0,-1
2020010276497,2020,010276497,1,1,9,99,99,9,9,99,99,0,9,99,9,99,1,1,2,2,1,32,6,-1,-1,-1,-1,3,E01004317,0,-1
2020332000783,2020,332000783,1,3,0,9,9,4,2,0,0,8,0,9,7,0,2,1,2,2,1,48,8,-1,-1,-1,-1,3,E01013698,0,-1
2020122000344,2020,122000344,2,1,0,18,19,3,7,0,0,8,0,0,0,0,1,1,2,2,2,51,8,-1,-1,-1,-1,6,E01013369,0,-1
2020610034220,2020,610034220,3,9,0,4,4,6,2,0,0,1,0,0,0,0,1,1,6,6,1,19,4,-1,-1,-1,-1,2,W01001451,0,-1
2020010262962,2020,010262962,1,1,9,99,99,9,9,99,99,9,9,99,9,99,2,1,2,2,1,49,8,-1,-1,-1,-1,5,E01001664,0,-1
2020430151750,2020,430151750,1,19,0,18,19,1,5,0,0,0,0,0,0,0,1,1,1,1,1,52,8,-1,-1,-1,-1,8,E01016508,0,-1
2020010267885,2020,010267885,1,1,0,18,19,1,5,0,0,8,0,0,1,0,4,1,6,6,2,55,8,-1,-1,-1,-1,10,E01003464,0,-1
2020052000105,2020,052000105,1,9,0,18,19,5,1,0,0,0,0,0,0,0,1,1,6,6,1,47,8,-1,-1,-1,-1,1,E01006913,0,-1
2020010251335,2020,010251335,2,9,0,99,99,9,9,99,99,9,9,99,9,99,9,9,6,6,3,-1,-1,-1,-1,-1,-1,-1,-1,0,-1
2020430230692,2020,430230692,1,9,0,18,19,5,1,0,0,1,0,0,0,0,1,1,6,6,1,51,8,-1,-1,-1,-1,7,E01016216,0,-1
2020470991412,2020,470991412,1,1,0,18,19,3,7,0,0,0,0,0,0,0,1,1,4,7,1,5,1,-1,-1,-1,-1,6,E01031343,0,-1
202060Y136468,2020,60Y136468,1,9,0,18,19,1,5,0,0,1,0,0,0,0,1,1,6,6,1,25,5,-1,-1,-1,-1,-1,-1,0,-1
2020420977057,2020,420977057,1,9,0,18,19,2,6,0,0,2,0,0,0,0,1,1,6,6,3,-1,-1,-1,-1,-1,-1,-1,-1,0,-1
2020421003982,2020,421003982,1,9,0,2,2,3,3,0,0,2,0,0,0,0,3,1,6,6,3,-1,-1,-1,-1,-1,-1,-1,-1,0,-1
2020332001230,2020,332001230,2,1,0,18,19,4,8,0,0,0,0,0,0,0,0,1,6,6,1,18,4,-1,-1,-1,-1,-1,-1,0,-1
2020430048596,2020,430048596,4,9,0,18,19,3,7,0,0,2,0,0,0,0,3,1,6,6,3,-1,-1,-1,-1,-1,-1,-1,-1,0,-1
2020420958684,2020,420958684,1,4,0,18,19,7,3,0,0,1,0,10,0,0,4,1,6,6,1,29,6,-1,-1,-1,-1,6,E01003705,0,-1
202006M267334,2020,06M267334,2,1,0,18,19,4,8,0,0,8,0,0,0,0,1,1,1,1,1,37,7,-1,-1,-1,-1,3,E01005115,0,-1
202063A063920,2020,63A063920,2,1,0,18,19,6,2,0,0,1,1,0,0,0,1,1,6,6,1,22,5,-1,-1,-1,-1,8,W01000577,0,-1
202063B036720,2020,63B036720,1,9,0,18,19,2,6,0,0,0,5,0,2,10,1,1,6,6,2,73,10,-1,-1,-1,-1,7,W01001937,0,-1
2020010249068,2020,010249068,2,1,0,18,19,7,3,0,0,8,0,0,0,0,1,1,6,6,1,47,8,-1,-1,-1,-1,9,E01004111,0,-1
2020440424040,2020,440424040,2,16,0,18,19,7,3,0,0,8,0,0,0,0,0,1,6,6,2,52,8,-1,-1,-1,-1,6,E01023284,0,-1
2020040973922,2020,040973922,1,9,0,18,19,6,2,0,0,0,0,0,1,2,4,1,5,6,1,34,6,-1,-1,-1,-1,8,E01032349,0,-1
2020010284056,2020,010284056,1,19,0,4,4,2,6,0,0,1,0,0,0,0,2,1,1,1,1,31,6,-1,-1,-1,-1,5,E01030812,0,-1
2020990989677,2020,990989677,2,1,0,18,19,4,8,0,0,0,0,0,0,0,2,1,5,6,1,67,10,-1,-1,-1,-1,-1,-1,0,-1
2020010256989,2020,010256989,1,1,9,99,99,9,9,99,99,9,9,99,9,99,9,1,6,6,1,23,5,-1,-1,-1,-1,9,E01001299,0,-1
2020302001070,2020,302001070,2,1,0,18,19,6,2,0,0,0,0,0,0,0,1,1,6,6,1,56,9,-1,-1,-1,-1,5,E01013542,0,-1
2020010243488,2020,010243488,1,1,9,99,99,9,9,99,99,1,9,99,9,99,9,1,6,6,1,44,7,-1,-1,-1,-1,2,E01000074,0,-1
2020101008419,2020,101008419,1,98,-1,18,19,4,8,0,0,0,0,0,0,0,0,1,6,6,3,30,6,-1,-1,-1,-1,-1,-1,0,-1
2020460968622,2020,460968622,1,9,0,18,19,5,1,0,0,0,0,0,0,0,1,1,6,6,3,-1,-1,-1,-1,-1,-1,-1,-1,0,-1
202060Y014225,2020,60Y014225,1,9,0,18,19,4,8,0,0,0,0,0,0,0,1,1,6,6,1,68,10,-1,-1,-1,-1,-1,-1,0,-1
2020420938820,2020,420938820,2,1,0,12,12,1,5,0,0,0,0,0,0,0,1,1,6,6,1,40,7,-1,-1,-1,-1,7,E01021887,0,-1
2020052000225,2020,052000225,1,9,0,18,19,6,2,0,0,0,0,0,0,0,1,1,6,6,3,-1,-1,-1,-1,-1,-1,-1,-1,0,-1
2020410970909,2020,410970909,2,9,0,18,19,3,7,0,0,0,0,0,0,0,1,1,6,6,1,27,6,-1,-1,-1,-1,-1,-1,0,-1
2020350926153,2020,350926153,2,9,0,5,5,8,4,0,0,4,0,0,0,0,2,1,6,6,1,52,8,-1,-1,-1,-1,9,E01015681,0,-1
2020990975225,2020,990975225,1,19,0,2,2,0,0,0,0,0,0,0,0,0,1,1,6,6,3,-1,-1,-1,-1,-1,-1,-1,-1,0,-1
2020361017639,2020,361017639,1,9,0,2,2,0,0,0,0,1,0,0,0,0,3,1,6,6,3,-1,-1,-1,-1,-1,-1,-1,-1,0,-1
2020351007465,2020,351007465,2,1,0,7,7,5,7,0,0,0,0,0,0,0,1,1,6,6,1,33,6,-1,-1,-1,-1,4,E01015621,0,-1
2020340D07562,2020,340D07562,1,19,0,12,12,1,5,0,0,0,0,0,0,0,3,1,1,1,1,49,8,-1,-1,-1,-1,-1,-1,0,-1
2020100951927,2020,100951927,2,1,0,15,15,8,5,9,9,1,0,8,1,0,1,1,5,6,1,37,7,-1,-1,-1,-1,3,E01008739,0,-1
2020041010226,2020,041010226,2,1,0,9,9,3,1,0,0,1,0,0,0,0,2,1,5,6,2,38,7,-1,-1,-1,-1,4,E01033071,0,-1
2020052001616,2020,052001616,1,1,0,18,19,6,2,0,0,0,0,0,0,0,1,1,6,6,1,13,3,-1,-1,-1,-1,8,E01006622,0,-1
202006L267985,2020,06L267985,2,9,0,18,19,8,4,0,0,1,0,0,0,0,1,1,6,6,3,-1,-1,-1,-1,-1,-1,-1,-1,0,-1
2020070299977,2020,070299977,2,1,0,18,19,8,4,0,0,1,0,0,0,0,1,1,2,2,1,34,6,-1,-1,-1,-1,10,E01018370,0,-1
2020201023176,2020,201023176,1,9,0,18,19,2,6,0,0,2,0,0,0,0,3,1,6,6,3,-1,-1,-1,-1,-1,-1,-1,-1,0,-1
2020110942329,2020,110942329,2,9,0,3,3,5,1,0,0,8,0,0,0,0,2,1,5,6,1,69,10,-1,-1,-1,-1,2,E01020700,0,-1
2020370941556,2020,370941556,1,9,0,18,19,1,5,0,0,0,0,0,0,0,4,1,6,6,3,-1,-1,-1,-1,-1,-1,-1,-1,0,-1
202006J172405,2020,06J172405,1,9,0,18,19,5,1,0,0,1,0,0,3,0,1,1,6,6,1,88,11,-1,-1,-1,-1,9,E01005867,0,-1
2020010266700,2020,010266700,1,3,0,99,99,9,9,99,99,9,9,99,9,99,2,9,6,6,1,29,6,-1,-1,-1,-1,3,E01001972,0,-1
2020430259368,2020,430259368,2,1,0,18,19,1,5,0,0,8,0,0,0,0,3,1,2,2,2,22,5,-1,-1,-1,-1,4,E01028554,0,-1
2020140976205,2020,140976205,1,9,0,12,12,2,6,0,0,0,0,0,0,0,2,1,1,1,1,68,10,-1,-1,-1,-1,8,E01008141,0,-1
2020400958470,2020,400958470,1,1,0,12,12,7,3,0,0,0,0,0,0,0,1,1,5,6,1,18,4,-1,-1,-1,-1,8,E01017583,0,-1
2020350981966,2020,350981966,1,1,-1,9,9,5,3,0,0,8,0,0,0,0,3,1,4,7,1,11,3,-1,-1,-1,-1,1,E01015664,0,-1
2020430349002,2020,430349002,2,19,0,18,19,4,8,0,0,2,0,0,0,0,0,1,6,6,1,-1,-1,-1,-1,-1,-1,-1,-1,0,-1
2020460971778,2020,460971778,2,9,0,18,19,8,4,0,0,1,0,0,0,0,1,1,5,6,1,67,10,-1,-1,-1,-1,6,E01023988,0,-1
2020160944573,2020,160944573,2,1,0,13,13,1,5,0,0,5,0,0,0,0,3,1,6,6,1,-1,-1,-1,-1,-1,-1,-1,-1,0,-1
2020010237650,2020,010237650,1,1,9,99,99,9,9,99,99,9,9,99,9,99,9,1,2,2,1,36,7,-1,-1,-1,-1,5,E01003142,0,-1
2020010280346,2020,010280346,2,9,0,7,7,6,8,0,0,2,0,0,1,0,1,1,6,6,3,-1,-1,-1,-1,-1,-1,-1,-1,0,-1
2020010267080,2020,010267080,1,9,0,17,19,5,1,0,0,8,0,0,0,0,4,1,6,6,3,-1,-1,-1,-1,-1,-1,-1,-1,0,-1
2020140934977,2020,140934977,2,21,0,18,19,1,5,0,0,0,1,0,0,0,3,1,1,1,1,50,8,-1,-1,-1,-1,-1,-1,0,-1
2020160975936,2020,160975936,2,1,0,18,19,8,4,0,0,4,0,0,0,0,1,1,2,2,2,60,9,-1,-1,-1,-1,-1,-1,0,-1
2020200988472,2020,200988472,1,9,0,18,19,-1,-1,0,0,0,0,0,0,0,3,1,6,6,3,-1,-1,-1,-1,-1,-1,-1,-1,0,-1
2020010272202,2020,010272202,2,9,0,18,19,1,5,0,0,1,0,0,0,0,1,1,6,6,3,-1,-1,-1,-1,-1,-1,-1,-1,0,-1
2020200923622,2020,200923622,1,9,0,7,7,4,2,0,0,5,0,0,0,0,1,1,1,1,1,-1,-1,-1,-1,-1,-1,-1,-1,0,-1
2020500946854,2020,500946854,2,1,0,18,19,2,6,0,0,1,0,0,0,0,3,1,1,1,1,-1,-1,-1,-1,-1,-1,4,E01018820,0,-1
2020140982589,2020,140982589,2,1,0,18,19,8,4,0,0,1,0,0,0,0,1,1,5,6,2,61,9,-1,-1,-1,-1,4,E01008155,0,-1
2020010251614,2020,010251614,1,1,9,99,99,9,9,99,99,9,9,99,9,99,9,-1,2,2,1,25,5,-1,-1,-1,-1,1,E01004722,0,-1
2020010257544,2020,010257544,1,1,9,99,99,9,9,99,99,9,9,99,9,99,1,1,6,6,1,29,6,-1,-1,-1,-1,4,E01001739,0,-1
2020320190531,2020,320190531,1,9,0,18,19,1,5,0,0,0,0,0,0,0,1,1,6,6,3,-1,-1,-1,-1,-1,-1,-1,-1,0,-1
2020471002766,2020,471002766,2,1,0,18,19,3,7,0,0,8,0,0,0,0,4,1,2,2,1,38,7,-1,-1,-1,-1,2,E01016854,0,-1
2020350918411,2020,350918411,2,19,0,3,3,3,7,0,0,1,0,0,0,0,1,1,6,6,1,33,6,-1,-1,-1,-1,-1,-1,0,-1
2020350929048,2020,350929048,2,9,0,18,19,4,8,0,0,8,0,0,0,0,1,1,6,6,3,-1,-1,-1,-1,-1,-1,-1,-1,0,-1
2020332000510,2020,332000510,2,9,0,18,19,3,7,0,0,0,0,0,7,4,2,1,1,1,1,23,5,-1,-1,-1,-1,8,E01025743,0,-1
2020400945886,2020,400945886,1,90,0,18,19,3,7,0,0,0,1,4,0,0,1,1,6,6,1,13,3,-1,-1,-1,-1,7,E01015764,0,-1
2020332000789,2020,332000789,1,9,0,17,19,4,1,0,0,2,0,0,1,1,1,1,6,6,1,27,6,-1,-1,-1,-1,-1,-1,0,-1
2020410982954,2020,410982954,2,1,0,16,19,3,7,0,0,1,0,0,0,0,3,1,5,6,1,-1,-1,-1,-1,-1,-1,8,E01022089,0,-1
2020440142005,2020,440142005,3,21,0,16,19,1,5,0,0,0,0,0,0,0,0,1,1,1,1,54,8,-1,-1,-1,-1,5,E01022678,0,-1
2020470925665,2020,470925665,2,9,0,4,4,2,6,0,0,2,0,0,0,0,2,1,2,2,1,52,8,-1,-1,-1,-1,9,E01020954,0,-1
2020070785404,2020,070785404,2,22,0,18,19,7,1,0,0,1,0,0,0,0,1,1,6,6,1,76,11,-1,-1,-1,-1,2,E01018467,0,-1
2020610038820,2020,610038820,2,9,0,18,19,7,3,0,0,0,0,0,0,0,1,1,2,2,1,40,7,-1,-1,-1,-1,-1,-1,0,-1
2020440494177,2020,440494177,1,19,0,18,19,7,3,0,0,8,0,0,0,0,1,1,1,1,1,44,7,-1,-1,-1,-1,9,E01023087,0,-1
2020420938970,2020,420938970,1,9,0,18,19,3,7,0,0,2,0,0,0,0,0,1,6,6,1,50,8,-1,-1,-1,-1,-1,-1,0,-1
2020470952709,2020,470952709,1,1,0,17,19,7,4,0,0,0,0,0,0,0,3,1,5,6,1,36,7,-1,-1,-1,-1,8,E01020988,0,-1
202060Y111094,2020,60Y111094,1,9,0,2,2,0,0,0,0,0,0,0,0,0,1,1,6,6,2,26,6,-1,-1,-1,-1,-1,-1,0,-1
2020990920728,2020,990920728,2,17,0,18,19,2,6,0,0,0,0,0,0,0,1,1,5,6,1,36,7,-1,-1,-1,-1,3,-1,0,-1
202054A965420,2020,54A965420,1,9,0,17,19,2,6,0,0,1,5,0,1,9,1,1,1,1,1,40,7,-1,-1,-1,-1,3,E01031963,0,-1
2020010282656,2020,010282656,1,9,0,18,19,3,7,0,0,0,0,0,0,0,1,2,6,6,3,20,4,-1,-1,-1,-1,-1,-1,0,-1
2020052000604,2020,052000604,1,8,0,4,4,7,3,0,0,1,0,0,0,0,1,1,1,1,3,-1,-1,-1,-1,-1,-1,-1,-1,0,-1
2020420964478,2020,420964478,2,1,0,18,19,5,2,0,0,0,2,0,0,0,2,1,2,2,1,23,5,-1,-1,-1,-1,8,E01021544,0,-1
2020010231990,2020,010231990,2,19,9,99,99,9,9,99,99,1,9,99,9,99,9,1,6,6,3,-1,-1,-1,-1,-1,-1,-1,-1,0,-1
2020010263154,2020,010263154,1,1,0,18,19,5,1,0,0,1,9,0,0,0,1,1,6,6,1,30,6,-1,-1,-1,-1,-1,-1,0,-1
2020010265978,2020,010265978,1,9,0,18,19,4,8,0,0,1,0,0,0,0,1,1,6,6,1,21,5,-1,-1,-1,-1,2,E01033488,0,-1
2020332000775,2020,332000775,1,9,0,18,19,7,3,0,0,8,0,0,2,11,1,1,6,6,2,32,6,-1,-1,-1,-1,4,E01013663,0,-1
2020350990590,2020,350990590,2,1,0,18,19,5,1,9,9,0,0,0,0,0,3,1,6,6,1,10,2,-1,-1,-1,-1,2,E01015596,0,-1
2020351012553,2020,351012553,1,9,0,5,5,2,6,0,0,2,0,0,0,0,1,1,5,6,1,55,8,-1,-1,-1,-1,8,E01018132,0,-1
2020440016829,2020,440016829,2,1,0,7,7,2,6,0,0,3,0,0,0,0,2,1,2,2,1,58,9,-1,-1,-1,-1,1,E01022933,0,-1
2020500977632,2020,500977632,2,5,0,13,13,6,2,0,0,0,0,0,0,0,1,1,6,6,1,26,6,-1,-1,-1,-1,4,E01018778,0,-1
2020332000312,2020,332000312,2,9,0,18,19,8,4,0,0,8,0,0,1,11,3,1,6,6,1,31,6,-1,-1,-1,-1,6,E01025756,0,-1
2020010268628,2020,010268628,2,9,0,9,9,4,3,0,0,5,0,0,0,0,1,1,6,6,3,-1,-1,-1,-1,-1,-1,-1,-1,0,-1
2020010250241,2020,010250241,2,9,0,99,99,9,9,0,0,4,0,0,0,0,4,9,6,6,3,-1,-1,-1,-1,-1,-1,10,E01030377,0,-1
2020460993869,2020,460993869,1,9,0,18,19,6,2,0,0,0,0,0,0,0,4,1,6,6,3,-1,-1,-1,-1,-1,-1,-1,-1,0,-1
2020010251025,2020,010251025,3,1,0,18,19,3,7,0,0,8,0,0,0,0,1,1,2,2,1,34,6,-1,-1,-1,-1,8,E01003445,0,-1
202031A022320,2020,31A022320,2,1,0,18,19,6,2,0,0,0,1,0,0,0,3,1,4,7,1,12,3,-1,-1,-1,-1,1,E01027965,0,-1
2020522003576,2020,522003576,4,9,0,2,2,0,0,0,0,0,0,0,0,0,3,1,6,6,3,-1,-1,-1,-1,-1,-1,-1,-1,0,-1
2020160995195,2020,160995195,2,1,0,17,19,6,2,0,0,8,0,0,0,0,4,1,5,6,1,62,9,-1,-1,-1,-1,7,E01013224,0,-1
2020440489257,2020,440489257,1,9,0,18,19,4,8,0,0,2,0,0,0,0,1,1,6,6,3,-1,-1,-1,-1,-1,-1,-1,-1,0,-1
2020410963313,2020,410963313,1,20,0,11,11,7,3,0,0,0,0,0,0,0,1,1,1,1,1,-1,-1,-1,-1,-1,-1,-1,-1,0,-1
2020052001746,2020,052001746,1,9,0,4,4,2,6,0,0,0,0,0,0,0,0,1,6,6,1,64,9,-1,-1,-1,-1,1,E01006903,0,-1
2020010268902,2020,010268902,1,3,0,3,3,5,1,0,0,0,0,0,0,0,0,1,2,2,2,19,4,-1,-1,-1,-1,2,E01000992,0,-1
202060Y067316,2020,60Y067316,2,1,0,18,19,2,6,3,2,0,0,0,0,0,1,1,2,2,1,31,6,-1,-1,-1,-1,-1,-1,0,-1
2020360958610,2020,360958610,2,1,0,18,19,1,5,9,9,0,5,0,0,0,4,1,6,6,1,90,11,-1,-1,-1,-1,5,E01026724,0,-1
2020010246022,2020,010246022,1,9,0,18,19,8,4,0,0,2,1,10,0,0,1,1,2,2,2,19,4,-1,-1,-1,-1,-1,-1,0,-1
2020230952084,2020,230952084,1,9,0,18,19,6,2,0,0,0,0,0,1,11,1,1,2,2,1,39,7,-1,-1,-1,-1,6,E01031249,0,-1
2020100964172,2020,100964172,2,22,0,18,19,1,1,0,0,0,0,0,0,0,0,1,5,6,1,49,8,-1,-1,-1,-1,6,E01008559,0,-1
2020440075551,2020,440075551,1,9,0,18,19,3,7,0,0,0,0,0,0,0,1,1,6,6,2,36,7,-1,-1,-1,-1,1,E01017112,0,-1
202060Y095145,2020,60Y095145,2,1,0,3,3,8,4,0,0,2,0,0,0,0,3,1,6,6,1,28,6,-1,-1,-1,-1,-1,-1,0,-1
202060Y133093,2020,60Y133093,1,11,0,18,19,2,6,0,0,0,0,0,0,0,1,1,1,1,1,45,7,-1,-1,-1,-1,-1,-1,0,-1
2020990960172,2020,990960172,2,1,0,17,19,4,1,0,0,8,0,0,0,0,1,1,5,6,1,48,8,-1,-1,-1,-1,6,-1,0,-1
2020122001245,2020,122001245,2,9,0,18,19,8,4,0,0,1,0,0,0,0,1,1,2,2,1,50,8,-1,-1,-1,-1,10,E01013425,0,-1
2020460975129,2020,460975129,1,9,0,18,19,7,3,0,0,1,0,0,0,0,1,1,2,2,1,52,8,-1,-1,-1,-1,2,E01024502,0,-1
2020400980307,2020,400980307,1,1,0,18,19,8,6,0,0,1,0,0,0,0,1,1,5,6,1,29,6,-1,-1,-1,-1,10,E01017406,0,-1
2020440439732,2020,440439732,2,1,0,18,19,8,4,0,0,8,0,0,0,0,4,1,2,2,1,40,7,-1,-1,-1,-1,6,E01022816,0,-1
2020450947577,2020,450947577,1,1,0,18,19,1,5,9,9,0,0,11,0,0,0,1,5,6,1,58,9,-1,-1,-1,-1,5,E01030740,0,-1
202054A699920,2020,54A699920,1,1,0,18,19,6,2,0,0,0,0,0,0,0,1,1,6,6,1,13,3,-1,-1,-1,-1,7,E01031852,0,-1
2020010284544,2020,010284544,1,1,9,99,99,9,9,99,99,9,9,99,9,99,1,1,2,2,2,28,6,-1,-1,-1,-1,-1,-1,0,-1
202006F270988,2020,06F270988,1,9,0,7,7,7,1,0,0,8,0,0,0,0,2,1,6,6,3,-1,-1,-1,-1,-1,-1,-1,-1,0,-1
2020430194668,2020,430194668,2,1,0,18,19,4,8,0,0,0,0,0,0,0,4,1,6,6,2,32,6,-1,-1,-1,-1,-1,-1,0,-1
2020010258711,2020,010258711,3,19,0,18,19,5,1,0,0,1,0,0,0,0,0,1,6,6,3,-1,-1,-1,-1,-1,-1,8,E01030393,0,-1