collision_index,collision_year,collision_ref_no,vehicle_reference,vehicle_type,towing_and_articulation,vehicle_manoeuvre_historic,vehicle_manoeuvre,vehicle_direction_from,vehicle_direction_to,vehicle_location_restricted_lane_historic,vehicle_location_restricted_lane,junction_location,skidding_and_overturning,hit_object_in_carriageway,vehicle_leaving_carriageway,hit_object_off_carriageway,first_point_of_impact,vehicle_left_hand_drive,journey_purpose_of_driver_historic,journey_purpose_of_driver,sex_of_driver,age_of_driver,age_band_of_driver,engine_capacity_cc,propulsion_code,age_of_vehicle,generic_make_model,driver_imd_decile,lsoa_of_driver,escooter_flag,driver_distance_banding
2020332000430,2020,332000430,2,1,0,18,19,7,3,0,0,0,0,0,0,0,1,1,6,6,1,51,8,-1,-1,-1,-1,6,E01025978,0,-1
2020410978070,2020,410978070,1,1,0,3,3,0,0,0,0,0,0,0,0,0,1,1,6,6,1,33,6,-1,-1,-1,-1,5,E01015780,0,-1
2020470940803,2020,470940803,2,1,0,18,19,1,4,0,0,8,0,0,0,0,4,1,4,7,1,14,3,-1,-1,-1,-1,6,E01031669,0,-1
2020010270662,2020,010270662,2,1,0,18,19,6,2,0,0,1,2,0,0,0,4,1,1,1,1,27,6,-1,-1,-1,-1,3,E01003917,0,-1
2020160980408,2020,160980408,2,5,0,18,19,1,5,0,0,1,2,0,0,0,1,1,5,6,1,55,8,-1,-1,-1,-1,7,E01012993,0,-1
2020450935731,2020,450935731,1,19,0,18,19,3,7,0,0,1,0,0,0,0,0,1,6,6,3,55,8,-1,-1,-1,-1,-1,-1,0,-1
2020110972026,2020,110972026,1,1,0,18,19,5,1,0,0,0,0,0,0,0,1,1,6,6,1,30,6,-1,-1,-1,-1,-1,-1,0,-1
2020010265819,2020,010265819,3,9,0,18,19,3,7,0,0,2,0,0,0,0,3,1,6,6,1,39,7,-1,-1,-1,-1,2,E01001700,0,-1
2020332000264,2020,332000264,2,19,0,11,11,0,0,0,0,8,0,0,0,0,2,1,1,1,1,56,9,-1,-1,-1,-1,10,E01010385,0,-1
202063D018520,2020,63D018520,2,1,0,18,19,3,7,0,0,0,0,0,0,0,1,1,6,6,1,61,9,-1,-1,-1,-1,8,W01000467,0,-1
2020040931980,2020,040931980,1,9,0,18,19,6,6,0,0,1,0,0,0,0,1,2,6,6,3,-1,-1,-1,-1,-1,-1,-1,-1,0,-1
202060Y147376,2020,60Y147376,1,9,0,18,19,8,4,0,0,0,0,0,0,0,3,1,6,6,1,75,10,-1,-1,-1,-1,-1,-1,0,-1
2020010255469,2020,010255469,2,1,9,99,99,9,9,99,99,9,9,99,9,99,9,1,6,6,1,-1,-1,-1,-1,-1,-1,-1,-1,0,-1
2020400967638,2020,400967638,1,9,0,15,15,7,3,0,0,0,2,7,6,10,1,1,6,6,1,35,6,-1,-1,-1,-1,4,E01018062,0,-1
2020350965330,2020,350965330,2,1,0,9,9,5,1,0,0,3,0,0,0,0,1,1,5,6,1,40,7,-1,-1,-1,-1,9,E01018181,0,-1
2020070037378,2020,070037378,1,9,0,12,12,7,3,0,0,0,0,0,0,0,1,1,6,6,3,-1,-1,-1,-1,-1,-1,-1,-1,0,-1
2020450953394,2020,450953394,2,9,0,15,15,1,5,0,0,1,0,0,0,0,3,1,6,6,1,35,6,-1,-1,-1,-1,-1,-1,0,-1
2020430066824,2020,430066824,2,90,0,18,19,7,3,0,0,2,0,0,0,0,1,1,6,6,3,-1,-1,-1,-1,-1,-1,-1,-1,0,-1
2020170L40740,2020,170L40740,1,3,0,18,19,7,3,0,0,8,0,0,1,11,1,1,6,6,1,15,3,-1,-1,-1,-1,-1,-1,0,-1
2020552000598,2020,552000598,2,-1,0,18,19,3,7,4,4,0,0,0,0,0,3,1,6,6,1,28,6,-1,-1,-1,-1,3,E01033241,1,-1
2020010276828,2020,010276828,2,1,0,16,19,3,7,0,0,0,0,0,0,0,1,1,6,6,1,-1,-1,-1,-1,-1,-1,-1,-1,0,-1
2020332000612,2020,332000612,1,9,0,17,19,4,7,0,0,0,2,0,1,4,1,1,6,6,2,22,5,-1,-1,-1,-1,9,E01024901,0,-1
2020460974612,2020,460974612,2,1,0,9,9,6,2,0,0,0,5,0,7,0,2,1,5,6,1,54,8,-1,-1,-1,-1,1,E01024615,0,-1
2020040967217,2020,040967217,1,1,0,18,19,3,7,9,9,0,0,0,0,0,1,1,5,6,1,48,8,-1,-1,-1,-1,8,E01024995,0,-1
2020160981176,2020,160981176,2,9,0,18,19,5,1,0,0,1,0,0,0,0,1,1,6,6,3,-1,-1,-1,-1,-1,-1,-1,-1,0,-1
2020211025589,2020,211025589,1,9,0,9,9,5,2,0,0,8,0,0,0,0,1,1,6,6,1,31,6,-1,-1,-1,-1,10,E01029565,0,-1
2020350920408,2020,350920408,1,9,0,4,4,5,1,0,0,4,0,9,1,0,1,1,5,6,1,86,11,-1,-1,-1,-1,6,E01018042,0,-1
2020010272366,2020,010272366,2,9,0,99,99,9,9,99,99,0,9,99,9,99,3,9,6,6,3,-1,-1,-1,-1,-1,-1,-1,-1,0,-1
2020010233995,2020,010233995,1,19,0,99,99,9,9,99,99,0,9,99,9,99,1,9,6,6,3,-1,-1,-1,-1,-1,-1,-1,-1,0,-1
2020450953423,2020,450953423,1,1,0,18,19,5,1,0,0,4,0,0,0,0,1,1,5,6,1,35,6,-1,-1,-1,-1,9,E01030679,0,-1
2020530954246,2020,530954246,2,1,0,18,19,7,3,0,0,4,0,0,0,0,2,1,6,6,1,53,8,-1,-1,-1,-1,8,E01022402,0,-1
2020010231851,2020,010231851,2,1,0,18,19,5,1,0,0,1,0,0,0,0,4,1,2,2,1,28,6,-1,-1,-1,-1,6,E01004529,0,-1
2020200982788,2020,200982788,2,1,0,18,19,7,3,9,9,8,0,0,0,0,1,1,6,6,1,42,7,-1,-1,-1,-1,5,E01010306,0,-1
2020052002121,2020,052002121,1,9,0,7,7,4,8,0,0,1,0,0,0,0,1,1,6,6,1,27,6,-1,-1,-1,-1,8,E01006684,0,-1
2020500929139,2020,500929139,2,1,0,17,19,1,5,0,0,1,0,0,0,0,2,1,6,6,1,45,7,-1,-1,-1,-1,-1,-1,0,-1
2020548649020,2020,548649020,1,9,0,7,7,3,1,0,0,5,1,0,0,0,3,1,1,1,1,27,6,-1,-1,-1,-1,4,E01032008,0,-1
2020010286412,2020,010286412,2,9,0,99,99,9,9,0,0,1,0,0,0,0,9,1,6,6,1,-1,-1,-1,-1,-1,-1,-1,-1,0,-1
2020522100430,2020,522100430,2,1,0,18,19,7,4,0,0,8,0,0,0,0,1,1,6,6,1,57,9,-1,-1,-1,-1,9,E01014789,0,-1
2020450919302,2020,450919302,1,9,0,18,19,1,5,0,0,1,0,0,0,0,4,1,1,1,1,50,8,-1,-1,-1,-1,3,E01016490,0,-1
202060Y024238,2020,60Y024238,1,9,0,18,19,6,2,0,0,1,1,0,3,11,1,1,1,1,2,30,6,-1,-1,-1,-1,-1,-1,0,-1
2020440266494,2020,440266494,2,9,0,2,2,0,0,9,9,5,0,0,0,0,2,1,6,6,1,19,4,-1,-1,-1,-1,10,E01022877,0,-1
2020440180699,2020,440180699,2,9,0,10,10,7,5,0,0,1,0,0,0,0,2,1,6,6,1,51,8,-1,-1,-1,-1,10,E01023207,0,-1
2020010233079,2020,010233079,2,1,9,99,99,9,9,99,99,9,9,99,9,99,9,1,6,6,1,-1,-1,-1,-1,-1,-1,-1,-1,0,-1
2020440466404,2020,440466404,2,-1,0,18,19,6,2,0,0,8,0,0,0,0,1,1,6,6,3,-1,-1,-1,-1,-1,-1,-1,-1,1,-1
2020040939383,2020,040939383,2,1,0,18,19,1,5,0,0,1,0,0,0,0,1,1,2,2,1,47,8,-1,-1,-1,-1,2,E01012685,0,-1
2020010279788,2020,010279788,1,1,9,99,99,9,9,99,99,9,9,99,9,99,1,1,6,6,1,28,6,-1,-1,-1,-1,5,E01002733,0,-1
202060Y100773,2020,60Y100773,3,17,4,18,19,4,8,0,0,0,0,0,0,0,0,1,1,1,1,20,4,-1,-1,-1,-1,-1,-1,0,-1
202006J174840,2020,06J174840,1,9,0,1,1,4,8,0,0,8,0,0,0,0,2,1,6,6,3,-1,-1,-1,-1,-1,-1,-1,-1,0,-1
2020201006723,2020,201006723,2,1,0,18,19,-1,-1,0,0,8,0,0,0,0,3,1,2,2,1,32,6,-1,-1,-1,-1,1,E01009114,0,-1
2020010231722,2020,010231722,1,17,4,4,4,7,3,0,0,0,0,0,0,0,2,1,1,1,1,52,8,-1,-1,-1,-1,5,E01021905,0,-1
2020160988885,2020,160988885,4,9,0,2,2,0,0,0,0,0,0,0,0,0,3,1,6,6,3,-1,-1,-1,-1,-1,-1,-1,-1,0,-1
2020030960884,2020,030960884,1,9,0,2,2,0,0,0,0,0,0,8,0,0,0,1,5,6,2,21,5,-1,-1,-1,-1,1,E01019295,0,-1
2020201008225,2020,201008225,2,1,0,18,19,5,1,0,0,8,0,0,0,0,1,1,2,2,1,-1,-1,-1,-1,-1,-1,3,E01009178,0,-1
2020430070613,2020,430070613,1,21,0,9,9,7,5,0,0,5,0,0,0,0,3,2,1,1,1,62,9,-1,-1,-1,-1,-1,-1,0,-1
2020160975816,2020,160975816,1,1,0,9,9,6,4,0,0,8,0,0,0,0,3,1,6,6,1,62,9,-1,-1,-1,-1,-1,-1,0,-1
2020610026120,2020,610026120,1,1,0,18,19,5,1,0,0,0,0,0,0,0,0,1,6,6,1,37,7,-1,-1,-1,-1,2,W01001693,0,-1
2020360939996,2020,360939996,1,98,0,18,19,2,6,0,0,0,0,0,0,0,4,1,6,6,3,-1,-1,-1,-1,-1,-1,-1,-1,0,-1
2020991016495,2020,991016495,2,1,0,18,19,1,5,0,0,0,0,0,1,0,2,1,5,6,1,59,9,-1,-1,-1,-1,6,-1,0,-1
2020470996875,2020,470996875,2,98,4,2,2,0,0,0,0,1,0,0,0,0,2,1,6,6,3,-1,-1,-1,-1,-1,-1,-1,-1,0,-1
2020052000558,2020,052000558,1,8,0,9,9,4,2,0,0,5,0,0,0,0,4,1,1,1,1,-1,-1,-1,-1,-1,-1,1,E01007175,0,-1
2020010255930,2020,010255930,2,1,0,18,19,1,5,0,0,1,0,0,0,0,1,1,6,6,1,53,8,-1,-1,-1,-1,2,E01003499,0,-1
2020332000082,2020,332000082,2,1,0,18,19,8,4,0,0,8,0,0,0,0,2,1,2,2,1,24,5,-1,-1,-1,-1,4,E01013617,0,-1
2020400970009,2020,400970009,3,9,0,18,19,5,1,0,0,1,0,0,0,0,0,1,6,6,3,-1,-1,-1,-1,-1,-1,-1,-1,0,-1
2020010254281,2020,010254281,2,1,0,18,19,3,7,0,0,8,0,0,0,0,4,1,6,6,2,48,8,-1,-1,-1,-1,4,E01004358,0,-1
2020350941915,2020,350941915,1,9,0,18,19,5,1,0,0,0,0,0,0,0,1,1,6,6,2,30,6,-1,-1,-1,-1,-1,-1,0,-1
2020991024526,2020,991024526,1,98,0,18,19,6,2,0,0,0,0,12,0,0,3,1,1,1,1,43,7,-1,-1,-1,-1,3,-1,0,-1
2020470979799,2020,470979799,2,1,0,18,19,7,3,0,0,1,0,0,0,0,3,1,6,6,1,52,8,-1,-1,-1,-1,6,E01016859,0,-1
2020302000921,2020,302000921,1,9,0,5,5,2,6,0,0,8,0,0,0,0,2,1,6,6,3,-1,-1,-1,-1,-1,-1,5,E01019456,0,-1
2020010238619,2020,010238619,1,1,9,99,99,9,9,99,99,9,9,99,9,99,2,1,2,2,1,43,7,-1,-1,-1,-1,10,E01002188,0,-1
2020010282717,2020,010282717,2,9,0,99,99,9,9,99,99,0,9,99,9,99,1,9,6,6,3,-1,-1,-1,-1,-1,-1,-1,-1,0,-1
2020546529020,2020,546529020,1,9,1,18,19,1,5,0,0,0,0,0,0,0,4,1,6,6,1,27,6,-1,-1,-1,-1,10,E01031923,0,-1
2020990951934,2020,990951934,1,9,0,4,4,3,7,0,0,0,0,0,0,0,1,1,1,1,1,25,5,-1,-1,-1,-1,7,-1,0,-1
202060Y035458,2020,60Y035458,1,9,0,13,13,3,7,0,0,0,0,0,1,11,1,1,6,6,1,18,4,-1,-1,-1,-1,-1,-1,0,-1
2020430017894,2020,430017894,2,1,0,9,9,1,6,0,0,8,0,0,0,0,1,1,6,6,1,28,6,-1,-1,-1,-1,10,E01016671,0,-1
2020430176755,2020,430176755,1,-1,0,18,19,1,5,0,0,0,0,10,1,0,4,1,6,6,1,35,6,-1,-1,-1,-1,4,E01016360,1,-1
2020990969536,2020,990969536,2,9,0,2,2,0,0,0,0,0,0,0,0,0,3,1,6,6,3,-1,-1,-1,-1,-1,-1,-1,-1,0,-1
2020010263142,2020,010263142,2,-1,0,9,9,5,2,0,0,1,0,0,0,0,1,1,6,6,1,28,6,-1,-1,-1,-1,2,E01001726,1,-1
2020320380616,2020,320380616,1,1,0,18,19,5,1,0,0,0,0,0,0,0,1,1,6,6,1,18,4,-1,-1,-1,-1,9,E01026273,0,-1
2020122000442,2020,122000442,2,1,0,18,19,7,3,0,0,1,1,0,0,0,1,1,6,6,1,12,3,-1,-1,-1,-1,8,E01027586,0,-1
2020010273088,2020,010273088,1,1,0,4,4,2,6,0,0,1,0,0,0,0,4,1,6,6,1,50,8,-1,-1,-1,-1,-1,-1,0,-1
2020430266759,2020,430266759,2,9,0,18,19,5,1,0,0,4,0,0,0,0,1,1,6,6,1,80,11,-1,-1,-1,-1,10,E01017816,0,-1
2020622000637,2020,622000637,2,9,0,17,19,4,1,0,0,0,0,0,0,0,1,1,6,6,2,60,9,-1,-1,-1,-1,4,W01001233,0,-1
2020010274953,2020,010274953,2,1,0,18,19,3,7,0,0,8,0,0,0,0,3,1,2,2,1,32,6,-1,-1,-1,-1,1,E01021317,0,-1
2020420974351,2020,420974351,1,9,0,18,19,7,3,0,0,4,0,0,0,0,1,1,6,6,1,60,9,-1,-1,-1,-1,-1,-1,0,-1
2020470951588,2020,470951588,2,1,0,18,19,2,6,0,0,8,0,0,0,0,4,1,6,6,1,33,6,-1,-1,-1,-1,6,E01031513,0,-1
2020430186105,2020,430186105,1,21,1,16,19,8,3,0,0,0,0,0,0,0,1,1,1,1,1,59,9,-1,-1,-1,-1,6,E01016530,0,-1
2020040927881,2020,040927881,2,1,0,18,19,3,7,0,0,1,0,0,0,0,3,1,5,6,1,66,10,-1,-1,-1,-1,4,E01025554,0,-1
2020010279206,2020,010279206,1,1,0,18,19,8,4,4,4,6,1,4,1,0,1,1,6,6,2,39,7,-1,-1,-1,-1,8,E01000910,0,-1
2020410970742,2020,410970742,1,21,1,18,19,4,8,0,0,0,0,0,0,0,1,2,5,6,1,35,6,-1,-1,-1,-1,-1,-1,0,-1
2020430397003,2020,430397003,2,9,0,18,19,1,5,0,0,4,0,0,0,0,1,1,6,6,3,-1,-1,-1,-1,-1,-1,-1,-1,0,-1
2020100994538,2020,100994538,2,1,0,18,19,5,1,0,0,1,0,0,0,0,1,1,5,6,1,17,4,-1,-1,-1,-1,1,E01008382,0,-1
2020052001282,2020,052001282,2,9,0,18,19,1,5,0,0,0,0,0,0,0,1,1,1,1,3,-1,-1,-1,-1,-1,-1,-1,-1,0,-1
2020122000459,2020,122000459,2,1,0,18,19,1,5,0,0,8,0,0,0,0,4,1,6,6,2,72,10,-1,-1,-1,-1,10,E01013361,0,-1
202006F271876,2020,06F271876,2,1,0,18,19,5,1,0,0,8,0,0,0,0,1,1,6,6,1,27,6,-1,-1,-1,-1,3,E01005547,0,-1
2020440233122,2020,440233122,2,1,0,18,19,7,3,0,0,8,0,0,0,0,4,1,2,2,1,29,6,-1,-1,-1,-1,2,E01017133,0,-1
202006F172817,2020,06F172817,1,9,0,18,19,3,7,0,0,0,0,0,0,0,4,1,6,6,3,-1,-1,-1,-1,-1,-1,-1,-1,0,-1
202006M172189,2020,06M172189,1,9,0,18,19,4,8,0,0,1,0,0,0,0,3,1,6,6,1,30,6,-1,-1,-1,-1,-1,-1,0,-1
2020522002693,2020,522002693,2,9,0,5,5,1,5,0,0,6,0,0,0,0,3,1,6,6,3,-1,-1,-1,-1,-1,-1,-1,-1,0,-1
2020170S20990,2020,170S20990,2,9,0,18,19,2,6,0,0,8,0,0,0,0,3,1,6,6,2,30,6,-1,-1,-1,-1,7,E01012244,0,-1
2020160972497,2020,160972497,2,1,0,18,19,6,2,0,0,0,0,0,0,0,3,1,6,6,2,58,9,-1,-1,-1,-1,9,E01032683,0,-1
2020011002058,2020,011002058,2,1,0,18,19,1,5,0,0,0,0,0,0,0,2,1,2,2,1,52,8,-1,-1,-1,-1,-1,-1,0,-1
2020201027087,2020,201027087,2,98,0,13,13,2,6,0,0,1,0,0,0,0,1,1,6,6,3,-1,-1,-1,-1,-1,-1,-1,-1,0,-1
2020552000502,2020,552000502,2,1,0,18,19,5,1,0,0,8,0,0,0,0,3,1,6,6,1,20,4,-1,-1,-1,-1,6,E01020528,0,-1
2020990966745,2020,990966745,2,9,0,2,2,0,0,0,0,0,0,0,0,0,2,1,2,2,1,34,6,-1,-1,-1,-1,6,-1,0,-1
2020470955155,2020,470955155,2,1,0,18,19,7,2,0,0,8,0,0,0,0,1,1,5,6,1,62,9,-1,-1,-1,-1,6,E01031499,0,-1
2020010239606,2020,010239606,2,9,0,18,19,1,5,0,0,8,0,0,0,0,1,1,6,6,3,-1,-1,-1,-1,-1,-1,-1,-1,0,-1
2020200982158,2020,200982158,1,9,0,18,19,-1,-1,0,0,0,0,4,0,0,1,1,6,6,3,-1,-1,-1,-1,-1,-1,-1,-1,0,-1
2020350970314,2020,350970314,1,9,0,18,19,1,6,0,0,8,0,0,0,0,0,1,6,6,3,-1,-1,-1,-1,-1,-1,-1,-1,0,-1
2020430167540,2020,430167540,2,9,0,18,19,5,1,0,0,0,0,0,0,0,1,1,2,2,2,58,9,-1,-1,-1,-1,3,E01016444,0,-1
2020010283880,2020,010283880,2,9,0,18,19,5,1,0,0,1,0,0,0,0,4,1,6,6,3,-1,-1,-1,-1,-1,-1,-1,-1,0,-1
2020530966639,2020,530966639,1,98,0,9,9,5,1,0,0,1,0,0,0,0,1,1,6,6,1,29,6,-1,-1,-1,-1,5,E01022441,0,-1
2020340K00652,2020,340K00652,1,9,0,18,19,4,8,0,0,1,0,0,0,0,1,1,6,6,1,-1,-1,-1,-1,-1,-1,4,E01027126,0,-1
2020622001051,2020,622001051,1,1,0,18,19,4,7,0,0,1,0,0,0,0,1,1,6,6,1,22,5,-1,-1,-1,-1,1,W01000734,0,-1
2020200945007,2020,200945007,1,9,0,18,19,2,6,0,0,3,0,0,0,0,1,1,6,6,1,-1,-1,-1,-1,-1,-1,-1,-1,0,-1
2020220974412,2020,220974412,1,9,0,13,13,1,5,0,0,8,0,0,7,3,1,1,5,6,1,40,7,-1,-1,-1,-1,7,E01028862,0,-1
2020200993187,2020,200993187,1,9,0,18,19,6,2,0,0,0,0,0,0,0,1,1,6,6,1,-1,-1,-1,-1,-1,-1,-1,-1,0,-1
2020200946523,2020,200946523,1,9,0,4,4,5,1,0,0,8,0,0,0,0,1,1,6,6,2,33,6,-1,-1,-1,-1,3,E01009633,0,-1
2020522004624,2020,522004624,1,9,0,10,10,3,7,0,0,1,0,0,0,0,0,1,6,6,2,54,8,-1,-1,-1,-1,6,E01014846,0,-1
2020470958055,2020,470958055,2,1,0,18,19,7,2,0,0,2,0,0,0,0,4,1,6,6,1,66,10,-1,-1,-1,-1,4,E01031551,0,-1
2020220918481,2020,220918481,2,1,0,18,19,6,2,0,0,8,0,0,0,0,1,1,5,6,2,30,6,-1,-1,-1,-1,5,E01028946,0,-1
2020420992346,2020,420992346,3,19,0,4,4,7,6,0,0,1,0,0,0,0,1,1,1,1,1,53,8,-1,-1,-1,-1,8,E01021737,0,-1
2020201001736,2020,201001736,1,9,0,9,9,8,6,0,0,6,0,0,0,0,3,1,6,6,3,-1,-1,-1,-1,-1,-1,-1,-1,0,-1
2020010236387,2020,010236387,2,1,0,18,19,6,2,0,0,0,0,0,0,0,1,1,6,6,2,41,7,-1,-1,-1,-1,5,E01001962,0,-1
2020010244721,2020,010244721,2,9,0,99,99,9,9,99,99,9,9,99,9,99,2,9,6,6,3,-1,-1,-1,-1,-1,-1,-1,-1,0,-1
202060Y116633,2020,60Y116633,2,5,0,18,19,3,7,0,0,1,0,0,0,0,1,1,6,6,1,31,6,-1,-1,-1,-1,-1,-1,0,-1
2020010280476,2020,010280476,1,19,0,7,7,2,4,0,0,8,0,0,0,0,1,1,6,6,3,-1,-1,-1,-1,-1,-1,-1,-1,0,-1
2020371009314,2020,371009314,1,98,0,9,9,6,3,0,0,8,0,0,0,0,1,1,1,1,1,33,6,-1,-1,-1,-1,5,E01030141,0,-1
2020200999824,2020,200999824,2,1,0,18,19,2,6,0,0,8,1,0,0,0,1,1,6,6,1,54,8,-1,-1,-1,-1,4,E01010324,0,-1
2020110973319,2020,110973319,1,9,0,18,19,6,2,0,0,8,0,0,0,0,4,1,6,6,3,30,6,-1,-1,-1,-1,-1,-1,0,-1
202063A016220,2020,63A016220,1,9,0,18,19,4,8,0,0,1,0,0,0,0,1,1,6,6,2,34,6,-1,-1,-1,-1,4,W01000652,0,-1
2020100937101,2020,100937101,2,1,0,18,19,1,5,0,0,0,0,0,0,0,3,1,6,6,1,52,8,-1,-1,-1,-1,3,E01027423,0,-1
2020010284284,2020,010284284,2,1,0,18,19,7,3,0,0,1,5,0,0,0,1,1,2,2,1,35,6,-1,-1,-1,-1,3,E01003548,0,-1
202060Y041097,2020,60Y041097,1,5,0,4,4,5,1,0,0,4,0,0,3,1,1,1,2,2,1,29,6,-1,-1,-1,-1,-1,-1,0,-1
2020040989511,2020,040989511,1,9,0,18,19,7,1,0,0,2,0,0,0,0,1,1,6,6,3,-1,-1,-1,-1,-1,-1,-1,-1,0,-1
2020430419041,2020,430419041,1,9,0,18,19,1,5,0,0,8,0,0,0,0,4,1,6,6,1,18,4,-1,-1,-1,-1,-1,-1,0,-1
2020470971159,2020,470971159,1,9,0,13,13,3,7,0,0,1,0,0,0,0,0,1,6,6,3,-1,-1,-1,-1,-1,-1,-1,-1,0,-1
2020030944021,2020,030944021,1,9,0,18,19,1,5,0,0,8,0,0,0,0,1,1,6,6,3,-1,-1,-1,-1,-1,-1,-1,-1,0,-1
2020010251207,2020,010251207,1,19,0,99,99,9,9,99,99,9,9,99,9,99,2,9,6,6,1,49,8,-1,-1,-1,-1,-1,-1,0,-1
202031C124520,2020,31C124520,2,1,0,18,19,3,7,0,0,8,0,0,0,0,2,1,6,6,2,47,8,-1,-1,-1,-1,10,E01028218,0,-1
2020440339926,2020,440339926,1,1,0,18,19,3,7,0,0,0,0,0,0,0,1,1,6,6,2,13,3,-1,-1,-1,-1,10,E01023218,0,-1
2020010236481,2020,010236481,1,1,9,99,99,9,9,99,99,9,9,99,9,99,1,-1,2,2,1,24,5,-1,-1,-1,-1,2,E01004238,0,-1
202060Y184774,2020,60Y184774,1,9,0,9,9,4,2,0,0,1,0,0,0,0,1,1,6,6,1,31,6,-1,-1,-1,-1,-1,-1,0,-1
2020010275833,2020,010275833,5,9,0,18,19,3,7,0,0,0,0,0,0,0,2,1,6,6,3,-1,-1,-1,-1,-1,-1,-1,-1,0,-1
2020210995437,2020,210995437,1,9,0,18,19,8,4,0,0,0,0,0,0,0,4,1,6,6,1,77,11,-1,-1,-1,-1,5,E01028834,0,-1
2020332000972,2020,332000972,1,9,0,18,19,4,8,0,0,0,0,0,0,0,1,1,6,6,1,50,8,-1,-1,-1,-1,6,E01026344,0,-1
2020070100352,2020,070100352,1,1,0,18,19,7,3,0,0,0,0,0,0,0,0,1,6,6,1,61,9,-1,-1,-1,-1,1,E01012520,0,-1
2020010255560,2020,010255560,2,9,0,99,99,9,9,99,99,0,9,99,9,99,2,9,6,6,3,-1,-1,-1,-1,-1,-1,7,E01003395,0,-1
2020201006992,2020,201006992,1,9,0,7,7,2,4,0,0,5,0,0,0,0,1,1,6,6,1,-1,-1,-1,-1,-1,-1,-1,-1,0,-1
2020010270408,2020,010270408,2,1,0,18,19,7,3,0,0,0,0,0,0,0,3,1,2,2,1,38,7,-1,-1,-1,-1,3,E01004212,0,-1
2020540771320,2020,540771320,2,19,0,18,19,3,7,0,0,0,0,0,0,0,1,1,6,6,2,48,8,-1,-1,-1,-1,3,E01018762,0,-1
2020522000806,2020,522000806,2,9,0,3,3,8,4,0,0,1,0,0,0,0,1,1,6,6,3,40,7,-1,-1,-1,-1,-1,-1,0,-1
2020332000651,2020,332000651,2,3,0,18,19,7,3,0,0,8,1,0,0,0,0,1,6,6,1,18,4,-1,-1,-1,-1,9,E01025661,0,-1
20201373G1697,2020,1373G1697,1,9,0,9,9,2,6,0,0,1,0,0,0,0,4,1,6,6,1,74,10,-1,-1,-1,-1,1,E01033697,0,-1
2020530967790,2020,530967790,1,9,0,4,4,4,8,0,0,1,0,0,0,0,4,1,6,6,1,46,8,-1,-1,-1,-1,9,E01019518,0,-1
202060Y179450,2020,60Y179450,1,9,0,9,9,8,5,0,0,6,0,0,0,0,4,1,1,1,2,64,9,-1,-1,-1,-1,-1,-1,0,-1
2020010259833,2020,010259833,1,1,0,18,19,4,8,0,0,8,5,4,0,0,1,1,6,6,1,29,6,-1,-1,-1,-1,6,E01002126,0,-1
2020200943507,2020,200943507,2,1,0,18,19,8,4,0,0,8,0,0,0,0,1,1,6,6,1,32,6,-1,-1,-1,-1,5,E01009888,0,-1
2020040972352,2020,040972352,1,9,0,18,19,3,7,0,0,0,0,0,0,0,4,1,5,6,2,74,10,-1,-1,-1,-1,1,E01012707,0,-1
2020522002354,2020,522002354,1,9,0,18,19,1,5,0,0,0,0,0,0,0,0,1,6,6,1,27,6,-1,-1,-1,-1,7,E01014483,0,-1
2020010255885,2020,010255885,1,1,9,99,99,9,9,99,99,9,9,99,9,99,1,-1,6,6,1,23,5,-1,-1,-1,-1,3,E01004342,0,-1
2020421014190,2020,421014190,1,9,0,18,19,3,7,0,0,0,0,0,0,0,1,1,6,6,1,-1,-1,-1,-1,-1,-1,-1,-1,0,-1
2020430350606,2020,430350606,1,11,0,18,19,7,3,0,0,0,0,0,0,0,4,1,1,1,1,-1,-1,-1,-1,-1,-1,-1,-1,0,-1
2020400944784,2020,400944784,2,1,0,18,19,5,1,0,0,3,0,0,0,0,3,1,6,6,1,-1,-1,-1,-1,-1,-1,10,E01017532,0,-1
2020040999223,2020,040999223,1,9,0,18,19,2,6,0,0,0,0,0,0,0,0,1,6,6,3,-1,-1,-1,-1,-1,-1,-1,-1,0,-1
2020040937473,2020,040937473,2,9,0,2,2,0,0,9,9,0,0,0,0,0,2,1,6,6,3,-1,-1,-1,-1,-1,-1,-1,-1,0,-1
2020040959521,2020,040959521,3,9,0,17,19,4,8,0,0,0,0,0,0,0,1,1,5,6,2,27,6,-1,-1,-1,-1,8,E01012612,0,-1
2020010265073,2020,010265073,2,1,0,18,19,1,5,4,4,0,5,10,0,0,1,1,6,6,2,34,6,-1,-1,-1,-1,4,E01004643,0,-1
2020410967278,2020,410967278,2,9,0,3,3,3,7,0,0,0,0,0,0,0,2,1,5,6,1,38,7,-1,-1,-1,-1,6,E01023320,0,-1
2020230955619,2020,230955619,1,19,0,12,12,2,6,0,0,0,0,0,0,0,2,1,5,6,1,30,6,-1,-1,-1,-1,9,E01022363,0,-1
202060Y174293,2020,60Y174293,1,9,0,18,19,5,2,0,0,0,0,0,0,0,1,1,2,2,2,22,5,-1,-1,-1,-1,-1,-1,0,-1
2020470981371,2020,470981371,2,9,0,2,2,0,0,0,0,0,0,0,0,0,2,1,6,6,3,-1,-1,-1,-1,-1,-1,-1,-1,0,-1
2020411000747,2020,411000747,2,1,0,18,19,1,5,0,0,1,0,0,0,0,1,1,5,6,1,31,6,-1,-1,-1,-1,4,E01000864,0,-1
2020332000942,2020,332000942,1,9,0,18,19,6,2,0,0,8,0,0,0,0,1,1,6,6,1,19,4,-1,-1,-1,-1,2,E01013624,0,-1
2020070764722,2020,070764722,1,9,0,18,19,6,1,0,0,3,0,0,0,0,1,1,6,6,3,-1,-1,-1,-1,-1,-1,-1,-1,0,-1
2020410956658,2020,410956658,1,9,0,14,14,5,1,0,0,0,5,0,0,0,1,1,5,6,1,17,4,-1,-1,-1,-1,10,E01023971,0,-1
202060Y020587,2020,60Y020587,2,9,0,18,19,6,2,0,0,8,0,4,0,0,2,1,6,6,2,53,8,-1,-1,-1,-1,-1,-1,0,-1
2020010248918,2020,010248918,1,1,9,99,99,9,9,99,99,9,9,99,9,99,1,1,6,6,1,48,8,-1,-1,-1,-1,2,E01004252,0,-1
2020332000343,2020,332000343,1,9,0,18,19,2,6,0,0,8,0,0,0,0,4,1,6,6,1,27,6,-1,-1,-1,-1,7,E01025946,0,-1