collision_index,collision_year,collision_ref_no,vehicle_reference,vehicle_type,towing_and_articulation,vehicle_manoeuvre_historic,vehicle_manoeuvre,vehicle_direction_from,vehicle_direction_to,vehicle_location_restricted_lane_historic,vehicle_location_restricted_lane,junction_location,skidding_and_overturning,hit_object_in_carriageway,vehicle_leaving_carriageway,hit_object_off_carriageway,first_point_of_impact,vehicle_left_hand_drive,journey_purpose_of_driver_historic,journey_purpose_of_driver,sex_of_driver,age_of_driver,age_band_of_driver,engine_capacity_cc,propulsion_code,age_of_vehicle,generic_make_model,driver_imd_decile,lsoa_of_driver,escooter_flag,driver_distance_banding
2020010284776,2020,010284776,2,9,0,99,99,9,9,99,99,0,9,99,9,99,1,9,6,6,3,-1,-1,-1,-1,-1,-1,-1,-1,0,-1
2020010269277,2020,010269277,1,1,9,99,99,9,9,99,99,9,9,99,9,99,2,1,6,6,1,64,9,-1,-1,-1,-1,9,E01003759,0,-1
2020010270543,2020,010270543,2,1,0,9,9,7,6,0,0,1,0,0,0,0,4,1,6,6,1,48,8,-1,-1,-1,-1,3,E01002402,0,-1
2020200979218,2020,200979218,2,1,0,18,19,3,7,0,0,8,0,0,0,0,1,1,6,6,1,64,9,-1,-1,-1,-1,10,E01010173,0,-1
2020370998592,2020,370998592,1,1,0,16,19,5,8,0,0,0,0,0,0,0,0,1,5,6,2,58,9,-1,-1,-1,-1,10,E01030129,0,-1
2020520004808,2020,520004808,3,1,0,18,19,3,7,0,0,0,0,0,0,0,2,1,6,6,1,49,8,-1,-1,-1,-1,7,E01029140,0,-1
2020440086144,2020,440086144,1,1,0,18,19,1,5,0,0,8,0,0,0,0,3,1,4,7,1,13,3,-1,-1,-1,-1,4,E01017160,0,-1
2020440183253,2020,440183253,2,9,0,18,19,4,8,0,0,0,0,0,0,0,1,1,6,6,1,38,7,-1,-1,-1,-1,7,E01023032,0,-1
2020332000438,2020,332000438,1,9,0,12,12,4,8,0,0,0,0,0,0,0,1,1,2,2,1,57,9,-1,-1,-1,-1,2,E01013891,0,-1
202006N277491,2020,06N277491,2,90,0,18,19,5,1,0,0,1,0,0,0,0,4,1,6,6,1,93,11,-1,-1,-1,-1,8,E01005056,0,-1
2020010278624,2020,010278624,1,1,9,99,99,9,9,99,99,9,9,99,9,99,1,1,6,6,2,35,6,-1,-1,-1,-1,2,E01003059,0,-1
2020010260010,2020,010260010,1,1,9,99,99,9,9,99,99,9,9,99,9,99,1,1,6,6,1,28,6,-1,-1,-1,-1,5,E01000131,0,-1
2020010230297,2020,010230297,3,21,1,2,2,0,0,0,0,1,0,0,0,0,4,1,6,6,3,-1,-1,-1,-1,-1,-1,-1,-1,0,-1
2020010229900,2020,010229900,1,1,9,99,99,9,9,99,99,9,9,99,9,99,9,1,6,6,1,38,7,-1,-1,-1,-1,5,E01030724,0,-1
2020137990531,2020,137990531,4,21,1,18,19,3,7,0,0,0,0,0,0,0,3,2,1,1,1,32,6,-1,-1,-1,-1,-1,-1,0,-1
2020070712703,2020,070712703,2,1,0,18,19,5,1,0,0,3,0,0,0,0,4,1,6,6,1,61,9,-1,-1,-1,-1,5,E01018541,0,-1
2020052001449,2020,052001449,1,1,0,18,19,3,7,0,0,0,0,0,0,0,3,1,6,6,1,13,3,-1,-1,-1,-1,1,E01007005,0,-1
2020302000275,2020,302000275,1,2,0,18,19,4,8,0,0,0,0,0,0,0,3,1,6,6,3,-1,-1,-1,-1,-1,-1,5,E01019456,0,-1
2020010238392,2020,010238392,1,9,5,2,2,0,0,0,0,1,5,8,0,0,2,1,6,6,3,-1,-1,-1,-1,-1,-1,-1,-1,0,-1
2020211011131,2020,211011131,2,1,-1,-1,-1,8,3,-1,-1,-1,-1,-1,-1,0,-1,1,6,6,1,39,7,-1,-1,-1,-1,9,E01014349,0,-1
2020552000627,2020,552000627,1,1,0,18,19,6,2,0,0,0,0,0,0,0,1,1,6,6,2,10,2,-1,-1,-1,-1,2,E01015338,0,-1
2020040922771,2020,040922771,2,1,0,18,19,1,5,0,0,1,0,0,0,0,1,1,6,6,1,12,3,-1,-1,-1,-1,-1,-1,0,-1
2020140990679,2020,140990679,1,9,0,4,4,4,8,0,0,0,0,0,0,0,2,1,5,6,1,22,5,-1,-1,-1,-1,2,E01007348,0,-1
2020522002524,2020,522002524,2,1,0,18,19,3,7,0,0,8,0,0,0,0,1,1,6,6,2,42,7,-1,-1,-1,-1,4,E01014586,0,-1
2020332000064,2020,332000064,3,9,0,18,19,3,7,0,0,2,0,0,1,0,1,1,6,6,1,57,9,-1,-1,-1,-1,1,E01013651,0,-1
2020140995056,2020,140995056,1,1,0,18,19,7,3,0,0,0,0,0,0,0,1,1,6,6,1,40,7,-1,-1,-1,-1,3,E01033268,0,-1
2020622000924,2020,622000924,2,1,0,18,19,8,4,0,0,0,0,0,0,0,1,1,6,6,1,25,5,-1,-1,-1,-1,8,W01001721,0,-1
2020332000680,2020,332000680,1,5,0,18,19,2,6,0,0,3,0,10,1,10,4,1,6,6,1,36,7,-1,-1,-1,-1,7,E01019705,0,-1
20201372T1826,2020,1372T1826,2,9,0,18,19,7,3,0,0,1,0,0,0,0,1,1,6,6,1,24,5,-1,-1,-1,-1,3,E01016358,0,-1
2020440402822,2020,440402822,2,1,0,18,19,5,1,0,0,1,0,0,0,0,1,1,6,6,1,59,9,-1,-1,-1,-1,1,E01017038,0,-1
2020990969421,2020,990969421,2,9,0,2,2,0,0,0,0,1,0,0,0,0,2,1,6,6,3,-1,-1,-1,-1,-1,-1,-1,-1,0,-1
2020440212301,2020,440212301,1,4,0,14,14,2,6,0,0,0,0,0,0,0,1,1,6,6,1,31,6,-1,-1,-1,-1,3,E01032745,0,-1
20201378C1457,2020,1378C1457,2,9,0,16,19,2,6,0,0,0,0,0,0,0,2,1,6,6,1,64,9,-1,-1,-1,-1,2,E01010929,0,-1
2020460978166,2020,460978166,2,98,0,4,4,1,5,0,0,0,0,0,0,0,2,1,5,6,1,26,6,-1,-1,-1,-1,1,E01016023,0,-1
2020010228515,2020,010228515,2,90,0,14,14,1,5,0,0,1,0,0,0,0,1,1,1,1,1,43,7,-1,-1,-1,-1,5,E01033573,0,-1
2020010253333,2020,010253333,1,1,9,99,99,9,9,99,99,9,9,99,9,99,1,1,6,6,1,32,6,-1,-1,-1,-1,2,E01003168,0,-1
2020450929084,2020,450929084,1,1,0,3,3,1,5,0,0,1,0,0,0,0,2,1,6,6,1,55,8,-1,-1,-1,-1,5,E01004641,0,-1
2020010233714,2020,010233714,1,9,0,5,5,7,3,0,0,1,0,0,0,0,1,1,6,6,1,30,6,-1,-1,-1,-1,3,E01001504,0,-1
2020410975454,2020,410975454,2,98,0,18,19,1,5,0,0,0,0,0,0,0,3,1,6,6,1,48,8,-1,-1,-1,-1,6,E01023601,0,-1
2020460996077,2020,460996077,1,9,0,2,2,0,0,0,0,1,0,0,0,0,3,1,6,6,1,-1,-1,-1,-1,-1,-1,7,E01024726,0,-1
2020440268887,2020,440268887,1,1,0,18,19,4,8,0,0,0,0,0,0,0,0,1,6,6,2,31,6,-1,-1,-1,-1,3,E01017195,0,-1
2020990940763,2020,990940763,2,1,0,18,19,3,7,0,0,1,0,0,0,0,1,1,6,6,1,40,7,-1,-1,-1,-1,2,-1,0,-1
2020010251080,2020,010251080,2,9,0,99,99,9,9,99,99,9,9,99,9,99,1,9,6,6,3,-1,-1,-1,-1,-1,-1,-1,-1,0,-1
2020230918542,2020,230918542,1,9,0,4,4,6,2,0,0,0,1,0,0,0,1,1,5,6,1,79,11,-1,-1,-1,-1,7,E01016497,0,-1
2020111008801,2020,111008801,1,9,0,18,19,7,3,0,0,7,0,0,0,0,1,1,6,6,1,30,6,-1,-1,-1,-1,-1,-1,0,-1
2020450945858,2020,450945858,2,9,0,18,19,7,3,0,0,8,0,0,0,0,1,1,6,6,3,44,7,-1,-1,-1,-1,-1,-1,0,-1
2020501041533,2020,501041533,2,11,0,18,19,1,5,0,0,0,0,0,0,0,0,1,5,6,1,-1,-1,-1,-1,-1,-1,5,E01015174,0,-1
2020420957309,2020,420957309,2,9,0,2,2,3,7,0,0,0,0,0,0,0,2,1,6,6,3,-1,-1,-1,-1,-1,-1,-1,-1,0,-1
2020420973777,2020,420973777,4,9,0,2,2,0,0,9,9,0,0,0,0,0,3,1,6,6,3,-1,-1,-1,-1,-1,-1,-1,-1,0,-1
2020160987871,2020,160987871,1,9,0,18,19,6,2,9,9,0,0,0,7,11,1,1,5,6,1,78,11,-1,-1,-1,-1,7,E01012954,0,-1
2020430192811,2020,430192811,1,1,0,18,19,5,1,0,0,0,0,4,0,0,1,1,6,6,2,21,5,-1,-1,-1,-1,10,E01028565,0,-1
2020340N04502,2020,340N04502,3,9,0,18,19,5,1,0,0,8,0,0,0,0,0,1,6,6,3,-1,-1,-1,-1,-1,-1,-1,-1,0,-1
2020460917732,2020,460917732,2,9,0,18,19,5,7,0,0,8,0,0,0,0,3,1,1,1,2,18,4,-1,-1,-1,-1,7,E01024350,0,-1
2020361003959,2020,361003959,1,9,5,18,19,8,4,0,0,0,2,0,1,0,4,1,1,1,1,47,8,-1,-1,-1,-1,8,E01026561,0,-1
2020500990057,2020,500990057,2,1,0,18,19,6,3,0,0,1,0,0,0,0,1,1,6,6,1,51,8,-1,-1,-1,-1,4,E01018820,0,-1
2020010280690,2020,010280690,2,1,0,18,19,7,3,0,0,6,0,0,0,0,0,1,2,2,1,26,6,-1,-1,-1,-1,2,E01032722,0,-1
2020350952112,2020,350952112,1,1,0,18,19,7,3,0,0,0,0,0,0,0,0,1,5,6,2,61,9,-1,-1,-1,-1,3,E01029954,0,-1
2020430268425,2020,430268425,2,1,0,18,19,5,1,0,0,8,0,0,0,0,1,1,6,6,1,20,4,-1,-1,-1,-1,8,E01032758,0,-1
2020410961531,2020,410961531,2,9,0,2,2,0,0,0,0,2,0,0,0,0,0,1,6,6,1,33,6,-1,-1,-1,-1,4,E01023538,0,-1
2020470967601,2020,470967601,1,-1,0,18,19,1,5,0,0,8,0,0,0,0,1,1,2,2,1,21,5,-1,-1,-1,-1,4,E01016966,1,-1
2020010253169,2020,010253169,2,1,0,18,19,1,5,0,0,2,5,0,0,0,1,1,1,1,1,38,7,-1,-1,-1,-1,2,E01004252,0,-1
2020052000848,2020,052000848,1,9,0,18,19,1,5,0,0,0,0,0,0,0,1,1,6,6,3,-1,-1,-1,-1,-1,-1,-1,-1,0,-1
2020010270698,2020,010270698,2,98,0,18,19,5,1,0,0,8,0,0,0,0,1,1,6,6,3,-1,-1,-1,-1,-1,-1,-1,-1,0,-1
2020520101221,2020,520101221,2,1,0,18,19,8,4,0,0,8,0,0,0,0,1,1,6,6,1,61,9,-1,-1,-1,-1,1,E01029046,0,-1
2020990977267,2020,990977267,1,9,0,18,19,5,1,0,0,1,0,0,0,0,1,1,2,2,1,30,6,-1,-1,-1,-1,8,-1,0,-1
2020410964098,2020,410964098,2,90,-1,-1,-1,-1,-1,-1,-1,0,-1,-1,-1,0,-1,1,6,6,3,-1,-1,-1,-1,-1,-1,-1,-1,0,-1
2020010284193,2020,010284193,1,1,9,99,99,9,9,99,99,2,9,99,9,99,2,1,2,2,1,33,6,-1,-1,-1,-1,2,E01003032,0,-1
2020990966445,2020,990966445,2,1,0,18,19,7,5,0,0,1,0,0,0,0,1,1,5,6,1,28,6,-1,-1,-1,-1,3,-1,0,-1
2020201020240,2020,201020240,4,9,0,3,3,7,3,0,0,0,0,0,0,0,2,1,6,6,1,-1,-1,-1,-1,-1,-1,7,E01009039,0,-1
2020010262272,2020,010262272,1,1,9,99,99,9,9,99,99,0,9,99,9,99,1,1,6,6,2,24,5,-1,-1,-1,-1,5,E01021753,0,-1
2020470989189,2020,470989189,1,9,0,1,1,1,5,0,0,1,0,0,0,0,2,1,6,6,1,-1,-1,-1,-1,-1,-1,6,E01031533,0,-1
2020440044485,2020,440044485,1,1,0,18,19,7,3,0,0,0,0,0,0,0,2,1,6,6,1,39,7,-1,-1,-1,-1,-1,-1,0,-1
2020010232708,2020,010232708,2,9,0,18,19,-1,-1,0,0,8,0,0,0,0,1,1,6,6,3,-1,-1,-1,-1,-1,-1,-1,-1,0,-1
202031C127720,2020,31C127720,2,1,0,12,12,8,4,0,0,0,0,0,0,0,0,1,6,6,1,14,3,-1,-1,-1,-1,4,E01013964,0,-1
2020010274792,2020,010274792,2,1,0,18,19,1,5,0,0,1,1,0,0,0,1,1,2,2,1,27,6,-1,-1,-1,-1,6,E01002531,0,-1
2020070152710,2020,070152710,2,3,0,18,19,7,3,0,0,1,1,0,0,0,1,1,1,1,1,28,6,-1,-1,-1,-1,3,E01018543,0,-1
2020137910642,2020,137910642,2,23,0,18,19,7,3,0,0,8,0,0,0,0,1,1,6,6,1,17,4,-1,-1,-1,-1,1,E01011348,0,-1
2020052100011,2020,052100011,2,1,0,18,19,1,5,0,0,8,0,0,0,0,1,1,6,6,1,13,3,-1,-1,-1,-1,1,E01007138,0,-1
2020360994306,2020,360994306,2,1,0,18,19,1,5,0,0,1,0,0,0,0,3,1,2,2,1,36,7,-1,-1,-1,-1,8,E01026948,0,-1
2020540626320,2020,540626320,2,1,0,9,9,6,4,0,0,8,0,0,0,0,4,1,6,6,1,28,6,-1,-1,-1,-1,2,E01015476,0,-1
202060Y104778,2020,60Y104778,1,9,0,18,19,8,4,0,0,0,0,4,0,0,1,1,6,6,1,72,10,-1,-1,-1,-1,-1,-1,0,-1
2020332001170,2020,332001170,2,9,0,18,19,4,8,0,0,0,0,0,0,0,0,1,6,6,2,55,8,-1,-1,-1,-1,-1,-1,0,-1
2020170H10820,2020,170H10820,1,11,0,18,19,8,4,0,0,0,0,0,0,0,4,1,1,1,3,-1,-1,-1,-1,-1,-1,-1,-1,0,-1
2020200969661,2020,200969661,2,1,0,18,19,7,3,0,0,0,0,0,0,0,4,1,6,6,1,39,7,-1,-1,-1,-1,1,E01009275,0,-1
202006F272220,2020,06F272220,2,1,0,18,19,1,5,0,0,8,5,0,0,0,2,1,6,6,1,19,4,-1,-1,-1,-1,-1,-1,0,-1
2020010283046,2020,010283046,2,1,0,5,5,3,7,0,0,4,2,0,0,0,1,1,6,6,1,49,8,-1,-1,-1,-1,4,E01001285,0,-1
2020990980368,2020,990980368,2,1,0,18,19,4,8,0,0,4,0,0,0,0,4,1,1,1,2,52,8,-1,-1,-1,-1,10,-1,0,-1
2020400997664,2020,400997664,2,1,0,18,19,7,3,0,0,1,0,0,0,0,1,1,6,6,1,32,6,-1,-1,-1,-1,4,E01015786,0,-1
2020440395968,2020,440395968,2,1,0,18,19,6,2,0,0,0,0,0,0,0,1,1,6,6,1,57,9,-1,-1,-1,-1,5,E01017358,0,-1
2020461014107,2020,461014107,2,9,0,2,2,0,0,0,0,0,0,0,0,0,4,1,1,1,1,34,6,-1,-1,-1,-1,7,E01024067,0,-1
2020010262881,2020,010262881,1,1,0,18,19,1,5,0,0,0,0,0,0,0,2,1,2,2,1,44,7,-1,-1,-1,-1,4,E01001050,0,-1
2020040933014,2020,040933014,2,9,0,18,19,1,3,0,0,4,0,0,0,0,1,1,6,6,3,-1,-1,-1,-1,-1,-1,-1,-1,0,-1
2020420983446,2020,420983446,1,1,0,18,19,5,1,0,0,0,0,0,0,0,1,1,4,7,1,12,3,-1,-1,-1,-1,10,E01021918,0,-1
2020220960964,2020,220960964,2,1,0,18,19,1,5,0,0,0,0,0,0,0,1,1,5,6,1,73,10,-1,-1,-1,-1,9,E01032219,0,-1
2020010257502,2020,010257502,1,1,9,99,99,9,9,99,99,9,9,99,9,99,1,1,2,2,1,40,7,-1,-1,-1,-1,6,E01003153,0,-1
2020200961594,2020,200961594,3,9,0,18,19,6,2,0,0,1,0,0,0,0,0,1,1,1,2,-1,-1,-1,-1,-1,-1,-1,-1,0,-1
2020040995949,2020,040995949,1,1,0,18,19,7,3,0,0,2,0,0,1,11,3,1,2,2,1,42,7,-1,-1,-1,-1,1,E01024987,0,-1
2020470989828,2020,470989828,2,1,0,7,7,4,2,0,0,1,5,0,0,0,1,1,5,6,1,62,9,-1,-1,-1,-1,10,E01021078,0,-1
2020010256885,2020,010256885,1,1,9,99,99,9,9,99,99,0,9,99,9,99,1,1,6,6,1,20,4,-1,-1,-1,-1,4,E01001174,0,-1
2020990965409,2020,990965409,2,1,0,18,19,3,7,0,0,1,0,0,0,0,1,1,5,6,2,50,8,-1,-1,-1,-1,6,-1,0,-1
202054B800120,2020,54B800120,1,4,0,16,19,7,2,0,0,0,5,0,1,0,1,1,1,1,1,36,7,-1,-1,-1,-1,2,E01032086,0,-1
2020302000743,2020,302000743,2,22,0,18,19,2,6,0,0,0,0,0,0,0,1,1,6,6,1,69,10,-1,-1,-1,-1,1,E01019509,0,-1
2020040956861,2020,040956861,2,9,0,2,2,6,2,0,0,0,0,0,0,0,1,1,6,6,3,-1,-1,-1,-1,-1,-1,-1,-1,0,-1
2020010257807,2020,010257807,1,1,9,99,99,9,9,99,99,9,9,99,9,99,9,1,2,2,1,23,5,-1,-1,-1,-1,2,E01001976,0,-1
2020420934500,2020,420934500,2,9,0,3,3,7,3,0,0,1,0,0,0,0,1,1,6,6,1,25,5,-1,-1,-1,-1,-1,-1,0,-1
2020010275565,2020,010275565,1,9,0,18,19,4,8,0,0,1,0,0,0,0,1,1,6,6,3,-1,-1,-1,-1,-1,-1,-1,-1,0,-1
2020450987465,2020,450987465,2,9,0,2,2,0,0,0,0,0,0,0,0,0,2,1,6,6,3,-1,-1,-1,-1,-1,-1,-1,-1,0,-1
2020332001009,2020,332001009,1,9,0,18,19,1,5,0,0,1,1,0,0,0,1,1,6,6,1,35,6,-1,-1,-1,-1,2,E01020797,0,-1
2020221007100,2020,221007100,2,1,0,18,19,6,2,0,0,0,0,0,0,0,3,1,5,6,1,60,9,-1,-1,-1,-1,9,E01014170,0,-1
2020052000296,2020,052000296,2,1,0,7,7,2,4,0,0,8,0,0,0,0,3,1,6,6,1,41,7,-1,-1,-1,-1,5,E01006781,0,-1
2020470999742,2020,470999742,2,1,0,7,7,7,5,0,0,8,0,0,0,0,4,1,5,6,2,24,5,-1,-1,-1,-1,7,E01031539,0,-1
2020430112788,2020,430112788,2,1,0,18,19,2,6,0,0,8,0,0,0,0,3,1,6,6,1,-1,-1,-1,-1,-1,-1,-1,-1,0,-1
2020010280974,2020,010280974,3,1,9,99,99,9,9,99,99,9,9,99,9,99,0,1,6,6,3,-1,-1,-1,-1,-1,-1,5,E01003953,0,-1
2020440354348,2020,440354348,1,5,0,16,19,6,2,0,0,0,1,0,0,0,1,1,6,6,1,74,10,-1,-1,-1,-1,3,E01017315,0,-1
2020420996028,2020,420996028,1,9,0,18,19,8,3,0,0,3,0,0,0,0,1,1,6,6,3,-1,-1,-1,-1,-1,-1,-1,-1,0,-1
2020137AC0791,2020,137AC0791,2,1,0,18,19,1,5,0,0,8,0,0,0,0,0,1,6,6,3,-1,-1,-1,-1,-1,-1,-1,-1,0,-1
202031B043920,2020,31B043920,1,3,0,18,19,5,1,0,0,2,0,0,7,11,1,1,6,6,1,52,8,-1,-1,-1,-1,6,E01028322,0,-1
2020500989092,2020,500989092,1,9,0,18,19,3,7,0,0,0,0,0,0,0,0,1,6,6,3,-1,-1,-1,-1,-1,-1,-1,-1,0,-1
2020052002304,2020,052002304,2,1,0,18,19,3,7,0,0,0,0,0,0,0,2,1,6,6,1,42,7,-1,-1,-1,-1,6,E01006472,0,-1
2020210967907,2020,210967907,2,1,0,18,19,5,1,0,0,1,0,0,0,0,3,1,6,6,1,62,9,-1,-1,-1,-1,2,E01029468,0,-1
2020360999748,2020,360999748,2,1,0,18,19,7,3,0,0,0,0,0,0,0,1,1,6,6,1,72,10,-1,-1,-1,-1,5,E01026538,0,-1
2020332000982,2020,332000982,5,19,0,4,4,8,4,0,0,0,0,0,0,0,2,1,6,6,1,56,9,-1,-1,-1,-1,9,E01025617,0,-1
2020332000996,2020,332000996,1,9,0,5,5,5,1,0,0,4,0,0,0,0,2,1,6,6,1,37,7,-1,-1,-1,-1,1,E01019650,0,-1
2020530919294,2020,530919294,1,9,0,9,9,6,2,0,0,8,0,0,0,0,4,1,1,1,2,23,5,-1,-1,-1,-1,10,E01032154,0,-1
2020440190726,2020,440190726,1,1,0,18,19,8,4,0,0,8,0,0,0,0,1,1,6,6,1,52,8,-1,-1,-1,-1,9,E01022730,0,-1
2020010285525,2020,010285525,2,9,0,13,13,6,2,0,0,0,0,0,0,0,4,1,1,1,1,57,9,-1,-1,-1,-1,6,E01002887,0,-1
2020340N05942,2020,340N05942,1,19,0,18,19,3,7,0,0,0,1,0,0,0,1,1,1,1,1,26,6,-1,-1,-1,-1,8,E01027497,0,-1
2020010280311,2020,010280311,2,1,0,4,4,3,7,0,0,1,0,0,0,0,3,1,3,7,1,11,3,-1,-1,-1,-1,2,E01002969,0,-1
202060Y149901,2020,60Y149901,2,9,0,18,19,6,2,0,0,1,0,0,0,0,1,1,6,6,1,34,6,-1,-1,-1,-1,-1,-1,0,-1
2020010287987,2020,010287987,2,9,0,18,19,7,3,0,0,1,0,0,0,0,1,9,6,6,1,-1,-1,-1,-1,-1,-1,-1,-1,0,-1
2020332000958,2020,332000958,3,9,0,18,19,1,5,0,0,0,1,0,4,7,2,1,6,6,1,21,5,-1,-1,-1,-1,6,E01025939,0,-1
2020200946523,2020,200946523,2,1,0,18,19,6,2,0,0,8,0,0,0,0,1,1,6,6,1,37,7,-1,-1,-1,-1,1,E01009638,0,-1
202006N170306,2020,06N170306,1,9,0,9,9,6,4,0,0,8,0,0,0,0,1,1,6,6,3,-1,-1,-1,-1,-1,-1,-1,-1,0,-1
2020332000302,2020,332000302,1,9,0,5,5,7,3,0,0,4,0,0,0,0,0,1,6,6,1,40,7,-1,-1,-1,-1,10,E01025835,0,-1
2020400957506,2020,400957506,2,1,0,9,9,-1,-1,0,0,2,0,0,0,0,2,1,6,6,1,54,8,-1,-1,-1,-1,9,E01017441,0,-1
2020010275744,2020,010275744,1,1,9,99,99,9,9,99,99,0,9,99,9,99,9,1,6,6,1,15,3,-1,-1,-1,-1,2,E01003911,0,-1
2020010280780,2020,010280780,2,1,0,4,4,5,1,0,0,8,0,0,0,0,3,1,6,6,2,66,10,-1,-1,-1,-1,4,E01002873,0,-1
2020010261782,2020,010261782,1,1,0,18,19,5,1,0,0,8,0,0,0,0,4,1,6,6,2,38,7,-1,-1,-1,-1,2,E01004302,0,-1
2020070118937,2020,070118937,2,19,0,4,4,1,5,0,0,0,0,0,0,0,2,1,6,6,1,57,9,-1,-1,-1,-1,4,E01012478,0,-1
2020010253040,2020,010253040,2,9,0,3,3,1,5,0,0,1,0,0,0,0,1,1,6,6,2,25,5,-1,-1,-1,-1,-1,-1,0,-1
2020332000706,2020,332000706,1,9,0,18,19,5,1,0,0,8,0,0,0,0,1,1,6,6,1,57,9,-1,-1,-1,-1,1,E01022045,0,-1
2020470966920,2020,470966920,2,1,0,18,19,1,5,0,0,0,0,0,0,0,1,1,6,6,1,14,3,-1,-1,-1,-1,10,E01000348,0,-1
2020010279920,2020,010279920,2,1,9,99,99,9,9,99,99,0,9,8,9,99,3,1,6,6,2,36,7,-1,-1,-1,-1,3,E01001752,0,-1
2020460931834,2020,460931834,2,9,0,3,3,7,3,0,0,1,0,0,0,0,2,1,5,6,1,45,7,-1,-1,-1,-1,10,E01024718,0,-1
2020340W05322,2020,340W05322,2,1,0,18,19,6,2,0,0,0,0,0,0,0,3,1,6,6,1,59,9,-1,-1,-1,-1,8,E01027335,0,-1
2020440024125,2020,440024125,1,9,0,18,19,5,1,0,0,0,0,0,0,0,1,1,6,6,2,20,4,-1,-1,-1,-1,4,E01017171,0,-1
2020332000907,2020,332000907,2,9,0,9,9,7,3,0,0,6,0,0,0,0,1,1,1,1,2,41,7,-1,-1,-1,-1,2,E01013688,0,-1
2020010260853,2020,010260853,2,1,0,18,19,1,5,4,4,8,1,0,0,0,1,1,6,6,1,62,9,-1,-1,-1,-1,9,E01001532,0,-1
2020522100818,2020,522100818,2,1,0,18,19,5,1,0,0,8,0,0,0,0,1,1,6,6,1,45,7,-1,-1,-1,-1,9,E01014796,0,-1
2020010242383,2020,010242383,2,19,0,99,99,9,9,99,99,9,9,99,9,99,9,9,6,6,3,-1,-1,-1,-1,-1,-1,-1,-1,0,-1
2020070093223,2020,070093223,1,9,0,18,19,7,3,0,0,0,0,0,0,0,1,1,6,6,2,-1,-1,-1,-1,-1,-1,-1,-1,0,-1
2020052002084,2020,052002084,1,9,0,13,13,7,3,0,0,0,0,0,0,0,4,1,6,6,1,-1,-1,-1,-1,-1,-1,-1,-1,0,-1
2020010272729,2020,010272729,2,9,9,99,99,9,9,99,99,0,9,99,9,99,9,9,6,6,3,-1,-1,-1,-1,-1,-1,-1,-1,0,-1
2020220932274,2020,220932274,2,19,0,9,9,4,3,2,2,5,0,0,0,0,1,1,1,1,1,22,5,-1,-1,-1,-1,8,E01032316,0,-1
202060Y016105,2020,60Y016105,1,9,0,1,1,7,3,0,0,0,0,4,0,0,2,1,2,2,1,40,7,-1,-1,-1,-1,-1,-1,0,-1
2020010269195,2020,010269195,1,1,9,99,99,9,9,99,99,9,9,99,9,99,1,1,6,6,1,12,3,-1,-1,-1,-1,3,E01003405,0,-1
2020470965460,2020,470965460,4,9,0,9,9,2,8,0,0,5,0,0,0,0,0,1,6,6,3,-1,-1,-1,-1,-1,-1,-1,-1,0,-1
2020070475831,2020,070475831,1,21,1,11,11,2,6,0,0,0,0,0,0,0,1,1,6,6,3,-1,-1,-1,-1,-1,-1,-1,-1,0,-1
2020010251209,2020,010251209,2,19,0,99,99,9,9,99,99,9,9,99,9,99,9,9,6,6,3,-1,-1,-1,-1,-1,-1,-1,-1,0,-1
2020440211874,2020,440211874,2,5,0,18,19,3,7,0,0,0,0,0,0,0,2,1,6,6,1,66,10,-1,-1,-1,-1,7,E01022724,0,-1
2020052001333,2020,052001333,1,9,0,18,19,7,3,0,0,0,0,0,0,0,4,1,6,6,3,-1,-1,-1,-1,-1,-1,-1,-1,0,-1
2020010283401,2020,010283401,1,9,0,99,99,9,9,99,99,0,9,99,9,99,2,9,6,6,2,36,7,-1,-1,-1,-1,8,E01004195,0,-1
2020010260566,2020,010260566,2,9,0,9,9,5,2,0,0,6,0,0,0,0,3,1,2,2,1,33,6,-1,-1,-1,-1,9,E01004082,0,-1
2020420984256,2020,420984256,1,9,0,17,19,5,3,0,0,0,0,0,0,0,1,1,6,6,3,-1,-1,-1,-1,-1,-1,-1,-1,0,-1
2020100963528,2020,100963528,1,9,0,18,19,4,8,0,0,0,0,0,0,0,3,1,6,6,3,-1,-1,-1,-1,-1,-1,-1,-1,0,-1
2020200969507,2020,200969507,1,9,0,5,5,1,5,0,0,1,0,0,0,0,3,1,6,6,3,-1,-1,-1,-1,-1,-1,-1,-1,0,-1
2020400950708,2020,400950708,2,1,0,18,19,2,6,0,0,8,0,0,0,0,0,1,5,6,1,63,9,-1,-1,-1,-1,2,E01017594,0,-1
2020010280308,2020,010280308,2,9,0,99,99,9,9,99,99,0,9,99,9,99,9,9,6,6,3,-1,-1,-1,-1,-1,-1,-1,-1,0,-1
2020122001026,2020,122001026,2,1,0,18,19,5,1,0,0,8,0,0,0,0,4,1,6,6,1,11,3,-1,-1,-1,-1,9,E01013370,0,-1
2020470934030,2020,470934030,3,9,0,9,9,8,5,0,0,5,0,0,0,0,0,1,6,6,3,-1,-1,-1,-1,-1,-1,-1,-1,0,-1
2020070089740,2020,070089740,1,9,0,18,19,5,1,0,0,0,0,0,0,0,4,1,6,6,3,-1,-1,-1,-1,-1,-1,-1,-1,0,-1
2020350917422,2020,350917422,1,9,0,7,7,-1,-1,0,0,0,0,0,0,0,4,1,6,6,2,35,6,-1,-1,-1,-1,-1,-1,0,-1
2020010265377,2020,010265377,1,1,9,99,99,9,9,99,99,9,9,99,9,99,9,1,2,2,1,21,5,-1,-1,-1,-1,8,E01004074,0,-1
202060Y028994,2020,60Y028994,1,19,0,5,5,8,4,0,0,6,0,0,0,0,1,1,1,1,1,45,7,-1,-1,-1,-1,-1,-1,0,-1
2020170L20980,2020,170L20980,1,9,0,16,19,5,7,0,0,2,0,0,0,0,1,1,6,6,1,17,4,-1,-1,-1,-1,3,E01012137,0,-1
202031B056220,2020,31B056220,2,1,0,18,19,7,3,9,9,8,0,0,0,0,3,1,6,6,2,50,8,-1,-1,-1,-1,3,E01028339,0,-1
2020991001671,2020,991001671,1,9,0,13,13,3,6,0,0,0,0,0,0,0,4,1,6,6,1,19,4,-1,-1,-1,-1,-1,-1,0,-1