collision_index,collision_year,collision_ref_no,vehicle_reference,vehicle_type,towing_and_articulation,vehicle_manoeuvre_historic,vehicle_manoeuvre,vehicle_direction_from,vehicle_direction_to,vehicle_location_restricted_lane_historic,vehicle_location_restricted_lane,junction_location,skidding_and_overturning,hit_object_in_carriageway,vehicle_leaving_carriageway,hit_object_off_carriageway,first_point_of_impact,vehicle_left_hand_drive,journey_purpose_of_driver_historic,journey_purpose_of_driver,sex_of_driver,age_of_driver,age_band_of_driver,engine_capacity_cc,propulsion_code,age_of_vehicle,generic_make_model,driver_imd_decile,lsoa_of_driver,escooter_flag,driver_distance_banding
2020122000971,2020,122000971,1,20,1,5,5,5,1,0,0,2,0,0,0,0,3,2,1,1,1,33,6,-1,-1,-1,-1,-1,-1,0,-1
2020010260107,2020,010260107,2,1,0,18,19,5,1,0,0,4,0,0,0,0,1,1,2,2,1,45,7,-1,-1,-1,-1,6,E01002422,0,-1
2020010254368,2020,010254368,1,9,9,99,99,9,9,99,99,0,9,99,9,99,9,1,6,6,2,55,8,-1,-1,-1,-1,9,E01030326,0,-1
2020010247574,2020,010247574,2,9,0,99,99,9,9,99,99,0,9,99,9,99,1,9,6,6,3,-1,-1,-1,-1,-1,-1,-1,-1,0,-1
2020990980552,2020,990980552,1,2,0,5,5,5,1,9,9,1,0,0,0,0,1,1,6,6,3,30,6,-1,-1,-1,-1,-1,-1,0,-1
2020010241705,2020,010241705,1,1,9,99,99,9,9,99,99,0,9,99,9,99,9,1,2,2,1,29,6,-1,-1,-1,-1,4,E01003354,0,-1
2020332000575,2020,332000575,1,9,0,4,4,6,2,0,0,2,0,0,0,0,2,1,6,6,1,78,11,-1,-1,-1,-1,1,E01013720,0,-1
2020420933045,2020,420933045,1,9,0,8,8,8,7,0,0,0,0,0,0,0,1,1,6,6,1,40,7,-1,-1,-1,-1,-1,-1,0,-1
2020440293391,2020,440293391,1,1,0,18,19,8,4,0,0,8,0,0,0,0,1,1,6,6,1,14,3,-1,-1,-1,-1,7,E01022990,0,-1
2020010263105,2020,010263105,1,1,0,15,15,4,8,0,0,0,0,0,1,0,1,1,6,6,1,43,7,-1,-1,-1,-1,7,E01002569,0,-1
2020451008019,2020,451008019,3,9,0,15,15,4,8,0,0,1,0,0,0,0,0,1,6,6,3,35,6,-1,-1,-1,-1,-1,-1,0,-1
2020421003962,2020,421003962,2,9,0,2,2,0,0,0,0,0,1,4,7,0,2,1,6,6,3,-1,-1,-1,-1,-1,-1,-1,-1,0,-1
2020010270709,2020,010270709,1,1,9,99,99,9,9,99,99,0,9,99,9,99,9,1,2,2,1,24,5,-1,-1,-1,-1,4,E01003020,0,-1
2020041000151,2020,041000151,1,1,0,18,19,7,3,0,0,0,0,0,0,0,1,1,4,7,1,12,3,-1,-1,-1,-1,1,E01024909,0,-1
2020010251208,2020,010251208,1,9,0,9,9,5,3,0,0,6,0,0,0,0,3,1,1,1,1,59,9,-1,-1,-1,-1,2,E01003712,0,-1
2020161008121,2020,161008121,5,9,0,2,2,0,0,0,0,0,0,0,0,0,2,1,6,6,3,-1,-1,-1,-1,-1,-1,-1,-1,0,-1
2020420944661,2020,420944661,2,9,0,2,2,0,0,0,0,0,0,0,0,0,2,1,6,6,3,-1,-1,-1,-1,-1,-1,-1,-1,0,-1
2020547206720,2020,547206720,2,1,0,4,4,8,4,0,0,1,0,0,0,0,1,1,6,6,2,28,6,-1,-1,-1,-1,6,E01031971,0,-1
202031C103420,2020,31C103420,2,9,0,18,19,5,1,0,0,1,0,0,0,0,1,1,6,6,3,-1,-1,-1,-1,-1,-1,-1,-1,0,-1
2020030960884,2020,030960884,2,1,0,15,15,1,5,0,0,0,0,8,0,0,4,1,5,6,1,42,7,-1,-1,-1,-1,3,E01019291,0,-1
2020350960952,2020,350960952,2,1,0,18,19,3,7,0,0,0,0,0,0,0,0,1,4,7,1,15,3,-1,-1,-1,-1,5,E01017997,0,-1
2020522101121,2020,522101121,2,1,0,18,19,7,3,0,0,8,0,0,0,0,1,1,6,6,2,55,8,-1,-1,-1,-1,9,E01014430,0,-1
2020052000941,2020,052000941,1,9,0,18,19,4,8,0,0,8,0,0,0,0,4,1,6,6,3,-1,-1,-1,-1,-1,-1,-1,-1,0,-1
2020522005090,2020,522005090,1,9,0,9,9,2,7,0,0,2,0,0,0,0,1,1,6,6,1,51,8,-1,-1,-1,-1,8,E01014982,0,-1
2020411012086,2020,411012086,2,1,0,5,5,2,6,0,0,6,0,0,1,0,1,1,5,6,1,16,4,-1,-1,-1,-1,7,E01023462,0,-1
2020990961271,2020,990961271,1,1,0,4,4,6,2,0,0,1,0,0,0,0,1,1,5,6,1,68,10,-1,-1,-1,-1,6,-1,0,-1
2020546192420,2020,546192420,2,9,0,17,19,3,7,0,0,0,0,0,0,0,1,1,1,1,1,68,10,-1,-1,-1,-1,9,E01031904,0,-1
2020010267374,2020,010267374,2,23,0,18,19,8,4,5,5,8,0,0,0,0,1,1,6,6,2,33,6,-1,-1,-1,-1,1,E01002760,0,-1
2020549032320,2020,549032320,1,9,0,18,19,1,7,0,0,1,5,0,0,0,1,1,2,2,1,33,6,-1,-1,-1,-1,4,E01022188,0,-1
2020470964575,2020,470964575,2,19,0,2,2,0,0,6,6,0,0,0,0,0,1,1,6,6,3,-1,-1,-1,-1,-1,-1,-1,-1,0,-1
2020440012001,2020,440012001,2,2,0,18,19,2,6,0,0,1,0,0,0,0,1,1,2,2,2,17,4,-1,-1,-1,-1,10,E01022885,0,-1
2020010268034,2020,010268034,2,-1,0,18,19,3,7,0,0,1,0,0,0,0,1,1,6,6,1,23,5,-1,-1,-1,-1,2,E01003191,1,-1
2020430146988,2020,430146988,2,9,0,9,9,2,8,0,0,6,0,0,0,0,1,1,6,6,3,-1,-1,-1,-1,-1,-1,-1,-1,0,-1
2020010235790,2020,010235790,3,9,0,2,2,0,0,9,9,0,0,0,0,0,3,1,6,6,3,-1,-1,-1,-1,-1,-1,-1,-1,0,-1
2020010263852,2020,010263852,2,9,9,99,99,9,9,99,99,0,9,0,0,0,9,9,6,6,3,-1,-1,-1,-1,-1,-1,-1,-1,0,-1
2020010256720,2020,010256720,2,19,0,99,99,9,9,99,99,9,9,99,9,99,1,9,6,6,3,-1,-1,-1,-1,-1,-1,-1,-1,0,-1
2020440267774,2020,440267774,2,19,0,18,19,8,4,0,0,0,0,0,0,0,3,1,1,1,1,58,9,-1,-1,-1,-1,1,E01017237,0,-1
2020501016927,2020,501016927,1,9,-1,18,19,4,8,0,0,0,0,0,0,0,0,1,6,6,1,32,6,-1,-1,-1,-1,1,E01020112,0,-1
2020010245907,2020,010245907,1,9,0,99,99,9,9,0,0,2,9,99,9,99,1,9,6,6,2,-1,-1,-1,-1,-1,-1,-1,-1,0,-1
2020990970865,2020,990970865,2,1,0,7,7,2,4,0,0,8,0,0,0,0,1,1,6,6,1,33,6,-1,-1,-1,-1,-1,-1,0,-1
2020340E08472,2020,340E08472,2,9,0,18,19,8,4,0,0,0,0,0,0,0,4,1,6,6,3,-1,-1,-1,-1,-1,-1,-1,-1,0,-1
2020160973914,2020,160973914,2,1,0,17,19,1,3,5,5,3,0,0,0,0,3,1,2,2,2,45,7,-1,-1,-1,-1,6,E01012822,0,-1
2020030996505,2020,030996505,2,1,0,18,19,1,5,0,0,0,0,0,0,0,1,1,2,2,1,42,7,-1,-1,-1,-1,8,E01019366,0,-1
2020170M11360,2020,170M11360,2,1,0,18,19,2,6,0,0,6,0,0,0,0,1,1,6,6,2,35,6,-1,-1,-1,-1,1,E01012059,0,-1
2020010265476,2020,010265476,2,21,1,12,12,3,7,0,0,0,0,0,0,0,3,2,6,6,1,58,9,-1,-1,-1,-1,-1,-1,0,-1
2020201014485,2020,201014485,2,1,0,17,19,8,5,0,0,8,0,0,0,0,2,1,6,6,1,30,6,-1,-1,-1,-1,2,E01010004,0,-1
2020332000315,2020,332000315,1,9,0,18,19,8,4,0,0,6,5,0,3,9,4,1,6,6,1,22,5,-1,-1,-1,-1,7,E01032577,0,-1
2020010276542,2020,010276542,2,1,0,18,19,5,1,0,0,1,5,0,0,0,1,1,1,1,1,61,9,-1,-1,-1,-1,3,E01001884,0,-1
2020470976535,2020,470976535,2,1,0,9,9,4,2,0,0,1,0,0,0,0,3,1,6,6,1,17,4,-1,-1,-1,-1,3,E01031482,0,-1
2020530960246,2020,530960246,2,1,0,18,19,4,8,0,0,0,0,0,0,0,3,1,5,6,1,33,6,-1,-1,-1,-1,6,E01022225,0,-1
2020990977430,2020,990977430,1,11,0,4,4,1,5,0,0,1,0,0,0,0,4,1,1,1,3,16,4,-1,-1,-1,-1,-1,-1,0,-1
2020470959279,2020,470959279,2,9,0,2,2,0,0,0,0,0,0,0,0,0,2,1,6,6,3,-1,-1,-1,-1,-1,-1,-1,-1,0,-1
2020010243683,2020,010243683,1,9,0,18,19,2,6,0,0,8,0,0,0,0,1,1,6,6,3,-1,-1,-1,-1,-1,-1,-1,-1,0,-1
2020440018059,2020,440018059,1,9,0,18,19,4,8,0,0,8,0,0,0,0,3,1,2,2,2,28,6,-1,-1,-1,-1,6,E01017015,0,-1
2020010276989,2020,010276989,2,1,0,18,19,1,5,0,0,8,0,0,0,0,4,1,6,6,1,-1,-1,-1,-1,-1,-1,-1,-1,0,-1
2020522100782,2020,522100782,1,9,0,18,19,4,8,0,0,0,0,0,0,0,1,1,6,6,1,25,5,-1,-1,-1,-1,4,E01014928,0,-1
2020100928075,2020,100928075,2,1,0,18,19,7,3,0,0,0,0,0,0,0,3,1,2,2,1,54,8,-1,-1,-1,-1,-1,-1,0,-1
2020010257387,2020,010257387,2,19,0,99,99,9,9,99,99,9,9,99,9,99,9,9,6,6,3,-1,-1,-1,-1,-1,-1,-1,-1,0,-1
2020070719565,2020,070719565,1,1,0,17,19,5,1,0,0,3,1,0,0,0,0,1,6,6,1,55,8,-1,-1,-1,-1,10,E01018456,0,-1
2020450943575,2020,450943575,2,1,0,18,19,1,5,0,0,1,0,0,0,0,4,1,6,6,2,54,8,-1,-1,-1,-1,7,E01003831,0,-1
2020460999054,2020,460999054,2,19,0,18,19,3,7,0,0,0,0,0,0,0,2,1,6,6,1,-1,-1,-1,-1,-1,-1,-1,-1,0,-1
202006E168989,2020,06E168989,1,9,0,9,9,4,1,0,0,5,0,0,0,0,1,1,6,6,2,30,6,-1,-1,-1,-1,-1,-1,0,-1
2020351008280,2020,351008280,2,1,0,18,19,3,7,0,0,8,0,0,0,0,1,1,2,2,2,54,8,-1,-1,-1,-1,6,E01017962,0,-1
2020010256564,2020,010256564,1,1,9,99,99,9,9,99,99,8,0,99,9,99,9,1,2,2,1,19,4,-1,-1,-1,-1,2,E01001705,0,-1
2020110962959,2020,110962959,1,3,0,16,19,4,6,0,0,0,0,0,0,0,3,1,6,6,1,27,6,-1,-1,-1,-1,1,E01020841,0,-1
2020040937623,2020,040937623,2,9,0,18,19,5,1,0,0,1,0,4,0,0,1,1,6,6,3,-1,-1,-1,-1,-1,-1,-1,-1,0,-1
2020040976932,2020,040976932,2,98,0,2,2,3,7,9,9,2,0,0,0,0,1,1,6,6,3,-1,-1,-1,-1,-1,-1,-1,-1,0,-1
2020522005144,2020,522005144,2,1,0,13,13,3,7,0,0,1,0,0,0,0,1,1,6,6,1,71,10,-1,-1,-1,-1,9,E01014550,0,-1
2020010273797,2020,010273797,1,1,9,99,99,9,9,99,99,8,9,99,9,99,9,1,2,2,1,19,4,-1,-1,-1,-1,9,E01000452,0,-1
2020430420979,2020,430420979,2,21,0,4,4,7,3,0,0,1,0,0,0,0,1,1,1,1,1,45,7,-1,-1,-1,-1,-1,-1,0,-1
2020200940701,2020,200940701,2,1,0,18,19,7,3,0,0,8,0,0,0,0,4,1,6,6,1,51,8,-1,-1,-1,-1,10,E01009900,0,-1
2020137A60596,2020,137A60596,2,1,0,18,19,8,4,0,0,1,0,0,0,0,3,1,6,6,1,26,6,-1,-1,-1,-1,1,E01011467,0,-1
202060Y178967,2020,60Y178967,1,9,0,18,19,6,2,0,0,0,0,4,0,0,1,1,6,6,1,81,11,-1,-1,-1,-1,-1,-1,0,-1
2020360947294,2020,360947294,2,1,0,18,19,7,3,0,0,2,0,0,0,0,1,1,5,6,1,40,7,-1,-1,-1,-1,10,E01026709,0,-1
2020622000912,2020,622000912,1,97,0,17,19,6,2,0,0,0,1,0,0,0,1,1,6,6,1,22,5,-1,-1,-1,-1,2,W01001067,0,-1
2020201001000,2020,201001000,2,9,0,18,19,6,2,0,0,6,0,0,0,0,1,1,6,6,1,56,9,-1,-1,-1,-1,10,E01010257,0,-1
2020010260100,2020,010260100,2,1,0,18,19,5,1,2,2,1,0,0,0,0,0,1,6,6,1,25,5,-1,-1,-1,-1,9,E01002025,0,-1
2020010261633,2020,010261633,1,3,0,99,99,9,9,99,99,0,9,99,9,99,1,1,6,6,1,36,7,-1,-1,-1,-1,3,E01000535,0,-1
2020220973356,2020,220973356,2,1,0,18,19,1,5,0,0,8,0,0,0,0,3,1,5,6,1,41,7,-1,-1,-1,-1,6,E01032386,0,-1
2020420931561,2020,420931561,2,1,0,18,19,3,7,0,0,6,0,0,0,0,2,1,6,6,1,16,4,-1,-1,-1,-1,4,E01021817,0,-1
2020010269380,2020,010269380,2,1,0,15,15,6,2,0,0,1,0,0,0,0,2,1,6,6,1,63,9,-1,-1,-1,-1,1,E01004324,0,-1
2020430137684,2020,430137684,1,9,0,18,19,2,6,0,0,0,2,0,4,6,1,1,6,6,1,20,4,-1,-1,-1,-1,8,E01028539,0,-1
2020400952222,2020,400952222,2,1,0,9,9,7,2,4,4,1,0,0,0,0,3,1,6,6,1,40,7,-1,-1,-1,-1,8,E01017468,0,-1
2020411009526,2020,411009526,1,1,0,18,19,5,7,0,0,0,0,0,0,0,1,1,4,7,2,14,3,-1,-1,-1,-1,2,E01023338,0,-1
2020122000630,2020,122000630,2,1,0,18,19,6,2,0,0,1,1,0,0,0,4,1,6,6,1,47,8,-1,-1,-1,-1,10,E01027675,0,-1
20201373Q1497,2020,1373Q1497,2,1,0,18,19,5,1,0,0,6,0,0,0,0,2,1,6,6,1,48,8,-1,-1,-1,-1,9,E01011576,0,-1
2020160961288,2020,160961288,2,1,0,18,19,7,3,0,0,6,0,0,0,0,1,1,6,6,1,-1,-1,-1,-1,-1,-1,1,E01012891,0,-1
202060Y157500,2020,60Y157500,1,9,0,9,9,1,7,0,0,6,0,0,0,0,3,1,1,1,2,43,7,-1,-1,-1,-1,-1,-1,0,-1
2020010280660,2020,010280660,1,1,0,17,19,7,3,0,0,4,0,0,0,0,1,1,6,6,2,37,7,-1,-1,-1,-1,2,E01002703,0,-1
2020010229054,2020,010229054,2,9,0,5,5,5,1,0,0,0,0,0,0,0,1,1,6,6,3,-1,-1,-1,-1,-1,-1,-1,-1,0,-1
2020430046217,2020,430046217,1,1,0,18,19,8,4,0,0,8,0,0,0,0,1,1,2,2,1,39,7,-1,-1,-1,-1,10,E01016625,0,-1
2020440080792,2020,440080792,1,9,0,9,9,7,5,0,0,5,0,0,0,0,1,1,2,2,1,54,8,-1,-1,-1,-1,6,E01017072,0,-1
2020430274209,2020,430274209,1,1,0,18,19,6,2,0,0,1,0,0,0,0,1,1,6,6,1,16,4,-1,-1,-1,-1,9,E01016342,0,-1
2020430119568,2020,430119568,1,9,0,1,1,8,4,0,0,0,0,0,0,0,2,1,1,1,1,28,6,-1,-1,-1,-1,-1,-1,0,-1
2020201021188,2020,201021188,2,9,0,18,19,5,1,0,0,1,0,0,0,0,2,1,6,6,2,29,6,-1,-1,-1,-1,5,E01009283,0,-1
2020160936971,2020,160936971,3,1,0,18,19,7,3,0,0,0,0,0,0,0,1,1,6,6,1,12,3,-1,-1,-1,-1,1,E01012894,0,-1
2020211025032,2020,211025032,2,9,0,18,19,1,5,0,0,0,1,0,0,0,1,1,1,1,1,39,7,-1,-1,-1,-1,5,E01019883,0,-1
2020542218620,2020,542218620,1,9,0,1,1,8,4,0,0,0,0,0,0,0,2,1,6,6,2,-1,-1,-1,-1,-1,-1,-1,-1,0,-1
2020200975025,2020,200975025,2,1,0,18,19,1,5,0,0,8,0,0,0,0,1,1,6,6,1,9,2,-1,-1,-1,-1,2,E01010408,0,-1
2020470992496,2020,470992496,1,1,0,13,13,4,8,0,0,1,0,0,0,0,1,1,6,6,1,36,7,-1,-1,-1,-1,6,E01016938,0,-1
2020070406852,2020,070406852,2,1,0,18,19,5,1,0,0,0,0,0,0,0,3,1,6,6,1,58,9,-1,-1,-1,-1,6,E01005861,0,-1
2020302000919,2020,302000919,2,1,0,18,19,4,8,0,0,1,1,10,1,0,1,1,6,6,1,48,8,-1,-1,-1,-1,9,E01019696,0,-1
2020010262514,2020,010262514,2,1,0,18,19,7,3,0,0,1,0,0,0,0,1,1,6,6,1,29,6,-1,-1,-1,-1,5,E01002950,0,-1
2020010267561,2020,010267561,2,1,0,18,19,7,3,0,0,2,0,0,0,0,1,1,6,6,2,29,6,-1,-1,-1,-1,2,E01004233,0,-1
2020170M11640,2020,170M11640,1,1,0,18,19,8,4,0,0,8,0,0,0,0,4,1,2,2,1,57,9,-1,-1,-1,-1,-1,-1,0,-1
2020332000046,2020,332000046,2,9,0,18,19,5,1,0,0,0,0,0,0,0,2,1,6,6,1,40,7,-1,-1,-1,-1,9,E01025660,0,-1
202006A367112,2020,06A367112,1,9,0,9,9,2,8,2,2,8,0,0,0,0,4,1,1,1,1,56,9,-1,-1,-1,-1,4,E01005474,0,-1
2020010281578,2020,010281578,1,1,9,99,99,9,9,99,99,9,9,99,9,99,9,1,2,2,2,26,6,-1,-1,-1,-1,4,E01002775,0,-1
2020430317889,2020,430317889,2,1,0,18,19,1,5,0,0,8,0,0,0,0,4,1,6,6,1,74,10,-1,-1,-1,-1,4,E01016439,0,-1
2020140976725,2020,140976725,1,9,0,18,19,1,1,0,0,0,0,0,0,0,3,1,6,6,3,-1,-1,-1,-1,-1,-1,-1,-1,0,-1
2020332000987,2020,332000987,1,9,0,1,1,7,3,0,0,2,0,0,0,0,2,1,6,6,1,30,6,-1,-1,-1,-1,7,E01013780,0,-1
2020522100731,2020,522100731,2,1,0,18,19,1,5,9,9,6,0,0,0,0,1,1,6,6,1,12,3,-1,-1,-1,-1,1,E01014596,0,-1
2020450965640,2020,450965640,2,9,0,2,2,0,0,6,6,0,0,0,1,11,1,1,6,6,3,-1,-1,-1,-1,-1,-1,-1,-1,0,-1
2020140953891,2020,140953891,3,9,0,2,2,0,0,0,0,0,0,0,7,0,4,1,6,6,3,-1,-1,-1,-1,-1,-1,-1,-1,0,-1
2020520004659,2020,520004659,1,9,0,18,19,6,2,0,0,0,0,0,0,0,1,1,6,6,2,44,7,-1,-1,-1,-1,5,E01020046,0,-1
2020010235200,2020,010235200,2,1,9,18,19,7,3,0,0,1,9,0,0,0,9,-1,6,6,2,31,6,-1,-1,-1,-1,3,E01003042,0,-1
202060Y031450,2020,60Y031450,2,98,0,17,19,4,2,0,0,8,1,0,1,10,4,1,1,1,1,55,8,-1,-1,-1,-1,-1,-1,0,-1
2020332000516,2020,332000516,2,21,1,18,19,5,1,0,0,8,0,0,0,0,2,1,1,1,1,45,7,-1,-1,-1,-1,8,E01025993,0,-1
2020140926356,2020,140926356,2,9,0,9,9,7,4,0,0,1,0,0,0,0,0,1,6,6,3,-1,-1,-1,-1,-1,-1,-1,-1,0,-1
2020430229858,2020,430229858,1,5,0,16,19,4,7,0,0,0,0,0,5,6,3,1,6,6,1,35,6,-1,-1,-1,-1,7,E01028541,0,-1
202063C000521,2020,63C000521,2,1,0,17,19,6,3,0,0,0,0,0,0,0,0,1,6,6,1,-1,-1,-1,-1,-1,-1,-1,-1,0,-1
202031D141320,2020,31D141320,1,1,0,18,19,6,2,0,0,0,0,0,1,0,0,1,6,6,1,60,9,-1,-1,-1,-1,9,E01028346,0,-1
2020361003013,2020,361003013,2,1,0,18,19,8,4,0,0,0,0,0,0,0,3,1,2,2,1,18,4,-1,-1,-1,-1,10,E01026709,0,-1
2020460965171,2020,460965171,2,1,0,18,19,1,5,0,0,0,1,0,0,0,0,1,6,6,1,57,9,-1,-1,-1,-1,4,E01024204,0,-1
2020010239647,2020,010239647,3,1,0,18,19,8,4,0,0,1,0,8,0,0,3,1,2,2,1,52,8,-1,-1,-1,-1,2,E01003337,0,-1
2020010280798,2020,010280798,1,1,0,99,99,9,9,0,0,8,0,0,0,0,3,1,6,6,1,53,8,-1,-1,-1,-1,5,E01001685,0,-1
2020990968284,2020,990968284,1,1,0,18,19,1,6,0,0,8,0,0,0,0,1,1,5,6,1,9,2,-1,-1,-1,-1,1,-1,0,-1
2020010279583,2020,010279583,2,-1,9,99,99,9,9,99,99,9,9,99,9,99,9,1,6,6,1,19,4,-1,-1,-1,-1,3,E01003109,1,-1
2020440428122,2020,440428122,1,1,0,9,9,7,5,0,0,8,0,0,0,0,1,1,1,1,1,43,7,-1,-1,-1,-1,6,E01017142,0,-1
2020622000128,2020,622000128,2,1,0,7,7,4,6,0,0,3,0,0,0,0,4,1,6,6,1,50,8,-1,-1,-1,-1,10,W01001783,0,-1
2020122100065,2020,122100065,2,1,0,18,19,7,3,5,5,1,0,0,0,0,1,1,4,7,1,14,3,-1,-1,-1,-1,3,E01013399,0,-1
2020350964466,2020,350964466,1,9,0,10,10,7,3,0,0,7,0,0,0,0,1,1,5,6,1,30,6,-1,-1,-1,-1,5,E01017390,0,-1
2020451000969,2020,451000969,2,1,0,18,19,1,5,0,0,0,0,0,0,0,1,1,5,6,1,61,9,-1,-1,-1,-1,10,E01030809,0,-1
2020522003525,2020,522003525,1,9,0,18,19,1,5,0,0,0,0,0,0,0,1,1,6,6,3,18,4,-1,-1,-1,-1,-1,-1,0,-1
2020140980260,2020,140980260,2,98,0,18,19,1,5,0,0,8,0,0,0,0,-1,1,6,6,3,-1,-1,-1,-1,-1,-1,-1,-1,0,-1
2020220977714,2020,220977714,1,19,0,7,7,8,2,0,0,5,0,0,0,0,1,1,5,6,1,31,6,-1,-1,-1,-1,4,E01032275,0,-1
2020137251167,2020,137251167,1,9,0,18,19,6,2,0,0,1,0,0,0,0,1,1,6,6,3,-1,-1,-1,-1,-1,-1,-1,-1,0,-1
2020010255250,2020,010255250,1,1,0,99,99,9,9,99,99,9,9,99,9,99,9,1,6,6,2,-1,-1,-1,-1,-1,-1,-1,-1,0,-1
2020332000604,2020,332000604,1,9,0,18,19,8,4,0,0,8,0,0,0,0,4,1,6,6,1,72,10,-1,-1,-1,-1,9,E01029523,0,-1
2020460976370,2020,460976370,2,9,0,2,2,0,0,0,0,2,0,0,0,0,4,1,5,6,1,-1,-1,-1,-1,-1,-1,6,E01024491,0,-1
2020990993482,2020,990993482,2,1,0,18,19,3,7,4,4,1,5,0,0,0,1,1,6,6,1,40,7,-1,-1,-1,-1,6,-1,0,-1
2020052001978,2020,052001978,2,1,0,18,19,1,5,0,0,0,0,0,0,0,1,1,1,1,2,26,6,-1,-1,-1,-1,1,E01033759,0,-1
2020010230050,2020,010230050,1,11,0,18,19,8,4,0,0,6,0,0,7,0,0,1,1,1,1,62,9,-1,-1,-1,-1,1,E01001813,0,-1
2020522003282,2020,522003282,2,9,0,18,19,1,5,0,0,0,0,0,0,0,1,1,6,6,1,26,6,-1,-1,-1,-1,10,E01022867,0,-1
2020990990689,2020,990990689,1,1,0,18,19,7,3,0,0,0,0,4,0,0,4,1,5,6,1,39,7,-1,-1,-1,-1,9,-1,0,-1
2020010282665,2020,010282665,2,19,0,18,19,5,1,0,0,0,0,0,0,0,3,1,6,6,3,-1,-1,-1,-1,-1,-1,-1,-1,0,-1
2020332000517,2020,332000517,2,9,0,7,7,7,8,0,0,5,0,0,0,0,1,1,6,6,1,75,10,-1,-1,-1,-1,10,E01025616,0,-1
2020990955679,2020,990955679,2,1,0,18,19,4,8,0,0,1,0,0,0,0,0,1,5,6,1,16,4,-1,-1,-1,-1,-1,-1,0,-1
2020010248444,2020,010248444,1,1,9,99,99,9,9,99,99,9,9,99,9,99,9,-1,6,6,1,36,7,-1,-1,-1,-1,2,E01001001,0,-1
2020440173704,2020,440173704,1,9,0,3,3,5,1,0,0,2,0,0,0,0,2,1,1,1,1,42,7,-1,-1,-1,-1,3,E01017350,0,-1
2020440403563,2020,440403563,1,9,0,4,4,3,7,0,0,2,0,0,0,0,2,1,6,6,2,23,5,-1,-1,-1,-1,2,E01032878,0,-1
2020201001054,2020,201001054,2,9,0,3,3,4,8,0,0,0,0,0,0,0,2,1,6,6,2,44,7,-1,-1,-1,-1,1,E01009274,0,-1
2020010237526,2020,010237526,1,9,0,9,9,2,8,0,0,8,0,0,0,0,0,1,1,1,1,21,5,-1,-1,-1,-1,-1,-1,0,-1
2020370948095,2020,370948095,2,1,0,18,19,7,3,0,0,0,0,0,0,0,1,1,6,6,1,53,8,-1,-1,-1,-1,7,E01029965,0,-1
2020302001142,2020,302001142,2,9,0,14,14,4,8,0,0,0,0,0,0,0,2,1,6,6,1,60,9,-1,-1,-1,-1,4,E01027981,0,-1
2020010266055,2020,010266055,1,1,0,18,19,6,2,0,0,8,0,0,0,0,3,1,6,6,1,23,5,-1,-1,-1,-1,4,E01004643,0,-1
2020500966432,2020,500966432,1,9,0,18,19,6,2,0,0,0,0,0,0,0,1,1,6,6,2,-1,-1,-1,-1,-1,-1,-1,-1,0,-1
2020420964616,2020,420964616,2,1,0,18,19,7,3,0,0,0,1,0,0,0,1,1,6,6,1,45,7,-1,-1,-1,-1,6,E01021668,0,-1
202006F173942,2020,06F173942,2,1,0,18,19,8,4,0,0,8,0,0,0,0,1,1,6,6,1,60,9,-1,-1,-1,-1,-1,-1,0,-1
2020140918486,2020,140918486,1,8,0,5,5,6,2,0,0,0,0,0,0,0,0,1,6,6,3,30,6,-1,-1,-1,-1,-1,-1,0,-1
202006E274478,2020,06E274478,1,1,0,18,19,4,8,0,0,1,0,0,1,0,3,1,2,2,1,31,6,-1,-1,-1,-1,1,E01005219,0,-1
2020320298368,2020,320298368,1,9,0,18,19,7,3,0,0,3,0,0,0,0,1,1,2,2,1,43,7,-1,-1,-1,-1,8,E01015645,0,-1
2020332000088,2020,332000088,1,98,0,4,4,1,5,0,0,0,0,0,0,0,1,1,1,1,1,29,6,-1,-1,-1,-1,4,E01013696,0,-1
2020470976896,2020,470976896,2,1,0,9,9,1,7,0,0,8,0,0,0,0,2,1,5,6,1,28,6,-1,-1,-1,-1,4,E01031785,0,-1
2020400961537,2020,400961537,2,1,0,4,4,1,7,0,0,0,0,0,0,0,1,1,6,6,1,15,3,-1,-1,-1,-1,3,E01015724,0,-1
2020522000839,2020,522000839,2,9,0,9,9,8,6,0,0,8,0,0,0,0,0,1,6,6,1,-1,-1,-1,-1,-1,-1,-1,-1,0,-1
2020470981148,2020,470981148,2,1,0,18,19,8,4,0,0,8,0,0,0,0,1,1,6,6,1,28,6,-1,-1,-1,-1,10,E01032839,0,-1
2020010284183,2020,010284183,2,1,0,18,19,1,5,0,0,2,0,4,0,0,3,1,2,2,2,34,6,-1,-1,-1,-1,6,E01000924,0,-1
2020010274011,2020,010274011,1,1,9,99,99,9,9,99,99,9,9,99,9,99,2,1,2,2,2,28,6,-1,-1,-1,-1,2,E01001862,0,-1
2020200920310,2020,200920310,2,1,0,18,19,-1,-1,0,0,8,0,0,0,0,4,1,6,6,1,32,6,-1,-1,-1,-1,5,E01009288,0,-1
2020400935314,2020,400935314,1,9,-1,-1,-1,-1,-1,-1,-1,-1,-1,-1,-1,0,-1,1,6,6,3,40,7,-1,-1,-1,-1,-1,-1,0,-1
2020052000682,2020,052000682,1,9,0,8,8,1,5,0,0,1,0,0,0,0,1,1,6,6,1,74,10,-1,-1,-1,-1,6,E01006465,0,-1
2020430248259,2020,430248259,1,1,0,18,19,1,5,0,0,8,0,0,0,0,1,1,6,6,2,27,6,-1,-1,-1,-1,10,E01032759,0,-1
2020010282392,2020,010282392,2,9,9,99,99,9,9,99,99,9,9,99,9,99,9,9,6,6,3,-1,-1,-1,-1,-1,-1,-1,-1,0,-1
2020401006646,2020,401006646,3,9,0,18,19,5,1,0,0,0,0,0,0,0,4,1,6,6,1,43,7,-1,-1,-1,-1,3,E01017514,0,-1
2020010257055,2020,010257055,2,1,0,18,19,8,4,0,0,1,0,0,0,0,1,1,6,6,1,32,6,-1,-1,-1,-1,2,E01004008,0,-1
2020542884620,2020,542884620,2,9,0,10,10,7,1,0,0,0,0,0,0,0,2,1,6,6,1,57,9,-1,-1,-1,-1,5,E01031908,0,-1