collision_index,collision_year,collision_ref_no,vehicle_reference,vehicle_type,towing_and_articulation,vehicle_manoeuvre_historic,vehicle_manoeuvre,vehicle_direction_from,vehicle_direction_to,vehicle_location_restricted_lane_historic,vehicle_location_restricted_lane,junction_location,skidding_and_overturning,hit_object_in_carriageway,vehicle_leaving_carriageway,hit_object_off_carriageway,first_point_of_impact,vehicle_left_hand_drive,journey_purpose_of_driver_historic,journey_purpose_of_driver,sex_of_driver,age_of_driver,age_band_of_driver,engine_capacity_cc,propulsion_code,age_of_vehicle,generic_make_model,driver_imd_decile,lsoa_of_driver,escooter_flag,driver_distance_banding
2020010280419,2020,010280419,2,1,0,7,7,1,4,9,9,1,0,0,0,0,1,1,1,1,1,46,8,-1,-1,-1,-1,2,E01004403,0,-1
2020548804320,2020,548804320,2,9,0,5,5,3,7,0,0,0,0,0,0,0,1,1,1,1,1,31,6,-1,-1,-1,-1,5,E01019954,0,-1
2020350934065,2020,350934065,2,9,0,4,4,2,6,0,0,0,0,0,0,0,2,1,2,2,1,33,6,-1,-1,-1,-1,5,E01029647,0,-1
2020140960993,2020,140960993,3,9,0,9,9,7,4,0,0,1,0,0,0,0,0,1,1,1,1,-1,-1,-1,-1,-1,-1,-1,-1,0,-1
2020200966123,2020,200966123,2,17,0,9,9,7,4,0,0,8,0,0,0,0,3,1,1,1,1,22,5,-1,-1,-1,-1,9,E01010166,0,-1
2020470947942,2020,470947942,1,1,0,18,19,3,8,5,5,1,0,0,0,0,1,1,5,6,1,82,11,-1,-1,-1,-1,6,E01031352,0,-1
2020991012929,2020,991012929,2,9,0,18,19,1,5,0,0,0,0,0,0,0,1,1,5,6,2,40,7,-1,-1,-1,-1,2,-1,0,-1
2020460984082,2020,460984082,2,9,0,2,2,0,0,0,0,1,0,0,0,0,2,1,6,6,3,-1,-1,-1,-1,-1,-1,-1,-1,0,-1
2020160973535,2020,160973535,2,9,0,4,4,2,6,0,0,1,0,0,0,0,0,1,6,6,3,-1,-1,-1,-1,-1,-1,-1,-1,0,-1
2020010273144,2020,010273144,2,1,0,18,19,5,1,0,0,4,0,0,0,0,1,1,6,6,2,56,9,-1,-1,-1,-1,6,E01001566,0,-1
2020052002673,2020,052002673,2,1,0,18,19,6,2,0,0,8,0,0,0,0,4,1,2,2,2,51,8,-1,-1,-1,-1,1,E01006645,0,-1
2020370980036,2020,370980036,1,9,0,18,19,3,7,0,0,0,5,10,0,0,1,1,5,6,1,26,6,-1,-1,-1,-1,9,E01030280,0,-1
2020010239321,2020,010239321,2,9,0,99,99,9,9,99,99,0,9,99,9,99,2,9,6,6,3,-1,-1,-1,-1,-1,-1,-1,-1,0,-1
2020450932338,2020,450932338,2,90,0,16,19,1,5,0,0,8,0,0,0,0,1,1,6,6,3,50,8,-1,-1,-1,-1,-1,-1,0,-1
2020522002134,2020,522002134,2,9,0,18,19,3,7,0,0,8,0,0,0,0,2,1,6,6,3,-1,-1,-1,-1,-1,-1,-1,-1,0,-1
2020010280254,2020,010280254,2,3,0,15,15,5,1,0,0,1,5,0,1,0,3,1,6,6,1,19,4,-1,-1,-1,-1,3,E01003141,0,-1
2020052001694,2020,052001694,1,9,0,1,1,3,7,0,0,1,0,0,0,0,2,1,6,6,3,-1,-1,-1,-1,-1,-1,-1,-1,0,-1
2020461001887,2020,461001887,5,1,0,18,19,2,6,0,0,0,0,0,0,0,0,1,5,6,1,64,9,-1,-1,-1,-1,4,E01024231,0,-1
20201371D1519,2020,1371D1519,2,1,0,18,19,2,6,0,0,0,2,0,0,0,1,1,6,6,1,16,4,-1,-1,-1,-1,7,E01011873,0,-1
2020552000649,2020,552000649,1,1,0,9,9,6,4,0,0,4,0,0,0,0,3,1,6,6,1,19,4,-1,-1,-1,-1,2,E01032659,0,-1
2020010240310,2020,010240310,2,1,0,18,19,7,3,0,0,1,0,0,0,0,1,1,2,2,1,43,7,-1,-1,-1,-1,3,E01001749,0,-1
2020440163084,2020,440163084,1,9,0,18,19,7,2,0,0,0,1,0,0,0,1,1,6,6,1,64,9,-1,-1,-1,-1,3,E01022902,0,-1
2020320016794,2020,320016794,2,9,0,18,19,1,5,0,0,1,0,0,0,0,1,1,6,6,2,38,7,-1,-1,-1,-1,6,E01026239,0,-1
2020010238535,2020,010238535,2,1,0,9,9,3,1,0,0,8,0,0,0,0,2,1,2,2,2,39,7,-1,-1,-1,-1,4,E01002454,0,-1
2020052000591,2020,052000591,2,1,0,10,10,5,1,0,0,1,0,0,0,0,1,1,6,6,2,34,6,-1,-1,-1,-1,5,E01004644,0,-1
2020010232957,2020,010232957,1,1,9,99,99,9,9,99,99,9,9,99,9,99,9,-1,2,2,2,59,9,-1,-1,-1,-1,3,E01000933,0,-1
20201377P1108,2020,1377P1108,2,1,0,18,19,7,3,0,0,8,5,0,0,0,1,1,6,6,1,64,9,-1,-1,-1,-1,5,E01011150,0,-1
2020010276385,2020,010276385,1,1,9,99,99,9,9,99,99,9,9,99,9,99,2,1,6,6,1,42,7,-1,-1,-1,-1,3,E01001175,0,-1
2020010251222,2020,010251222,1,2,9,99,99,9,9,99,99,9,9,99,9,99,9,9,6,6,3,-1,-1,-1,-1,-1,-1,-1,-1,0,-1
2020332001210,2020,332001210,2,9,0,18,19,5,1,0,0,0,0,0,0,0,0,1,6,6,3,-1,-1,-1,-1,-1,-1,-1,-1,0,-1
20201377D0853,2020,1377D0853,2,9,0,5,5,1,5,0,0,6,0,0,0,0,3,1,6,6,1,65,9,-1,-1,-1,-1,-1,-1,0,-1
2020460946944,2020,460946944,2,1,0,17,19,5,1,4,4,1,0,0,0,0,1,1,6,6,2,20,4,-1,-1,-1,-1,4,E01024090,0,-1
2020450925707,2020,450925707,1,9,0,18,19,5,1,0,0,0,0,0,0,0,1,1,5,6,1,26,6,-1,-1,-1,-1,10,E01030398,0,-1
2020010267166,2020,010267166,1,22,0,18,19,1,5,9,9,0,0,0,9,99,9,1,6,6,1,-1,-1,-1,-1,-1,-1,-1,-1,0,-1
2020010267529,2020,010267529,1,9,0,7,7,1,2,99,99,1,9,99,9,99,9,1,6,6,3,-1,-1,-1,-1,-1,-1,-1,-1,0,-1
2020052001502,2020,052001502,2,1,0,18,19,1,5,0,0,8,0,0,0,0,1,1,6,6,1,31,6,-1,-1,-1,-1,1,E01007270,0,-1
2020220949340,2020,220949340,2,1,0,18,19,3,7,0,0,8,0,0,0,0,4,1,5,6,1,40,7,-1,-1,-1,-1,9,E01032396,0,-1
2020010258497,2020,010258497,2,9,0,18,19,7,3,0,0,2,0,0,0,0,0,1,6,6,3,-1,-1,-1,-1,-1,-1,-1,-1,0,-1
2020070241136,2020,070241136,1,1,0,18,19,5,1,0,0,0,5,12,0,0,2,1,6,6,1,51,8,-1,-1,-1,-1,3,E01005212,0,-1
2020010248574,2020,010248574,1,9,0,18,19,3,7,0,0,1,1,0,0,0,1,1,2,2,1,25,5,-1,-1,-1,-1,5,E01002632,0,-1
2020332000359,2020,332000359,2,1,0,18,19,0,0,0,0,0,0,0,0,0,4,1,6,6,1,14,3,-1,-1,-1,-1,9,E01025728,0,-1
2020220986131,2020,220986131,2,1,0,18,19,4,8,0,0,0,0,0,0,0,3,1,5,6,1,46,8,-1,-1,-1,-1,5,E01029627,0,-1
2020122000577,2020,122000577,2,1,0,14,14,7,3,0,0,1,0,0,0,0,1,1,6,6,1,42,7,-1,-1,-1,-1,3,E01013399,0,-1
2020010263808,2020,010263808,2,9,0,7,7,7,1,0,0,2,0,0,0,0,2,1,6,6,3,-1,-1,-1,-1,-1,-1,-1,-1,0,-1
2020420960379,2020,420960379,2,1,0,18,19,3,7,0,0,0,1,0,1,0,3,1,5,6,1,39,7,-1,-1,-1,-1,10,E01021958,0,-1
2020040941441,2020,040941441,1,9,4,13,13,1,2,0,0,0,0,0,0,0,0,1,6,6,1,-1,-1,-1,-1,-1,-1,4,E01012599,0,-1
20201376I0315,2020,1376I0315,1,98,0,6,6,2,7,0,0,0,0,0,0,0,1,1,1,1,1,41,7,-1,-1,-1,-1,-1,-1,0,-1
2020332000613,2020,332000613,1,9,0,9,9,8,6,0,0,6,0,0,0,0,3,1,6,6,2,24,5,-1,-1,-1,-1,8,E01025679,0,-1
2020230919579,2020,230919579,1,9,0,18,19,4,8,0,0,0,5,0,3,0,3,1,6,6,3,17,4,-1,-1,-1,-1,-1,-1,0,-1
2020302000885,2020,302000885,5,1,0,18,19,6,2,0,0,1,0,0,0,0,0,1,6,6,1,17,4,-1,-1,-1,-1,9,E01013464,0,-1
2020450953932,2020,450953932,1,1,0,5,5,1,5,5,5,0,0,0,0,0,1,1,6,6,2,16,4,-1,-1,-1,-1,9,E01030823,0,-1
2020010282294,2020,010282294,2,9,0,99,99,9,9,99,99,1,9,99,9,99,1,9,6,6,3,-1,-1,-1,-1,-1,-1,3,E01003841,0,-1
2020990932627,2020,990932627,2,9,0,13,13,3,7,0,0,0,0,0,0,0,1,1,6,6,3,50,8,-1,-1,-1,-1,-1,-1,0,-1
2020420973576,2020,420973576,1,1,0,18,19,3,7,0,0,2,0,0,0,0,4,1,5,6,1,14,3,-1,-1,-1,-1,5,E01015975,0,-1
2020545625920,2020,545625920,2,1,0,18,19,7,3,0,0,1,0,0,0,0,4,1,6,6,1,29,6,-1,-1,-1,-1,7,E01032098,0,-1
2020545123420,2020,545123420,1,1,0,18,19,2,6,0,0,0,0,0,0,0,3,1,6,6,1,43,7,-1,-1,-1,-1,-1,-1,0,-1
2020052001456,2020,052001456,1,9,0,18,19,7,3,0,0,0,0,0,0,0,1,1,6,6,3,-1,-1,-1,-1,-1,-1,-1,-1,0,-1
2020010284027,2020,010284027,1,1,0,18,19,3,7,0,0,8,5,0,0,0,4,1,2,2,2,29,6,-1,-1,-1,-1,5,E01002202,0,-1
2020010237034,2020,010237034,1,1,9,99,99,9,9,99,99,9,9,99,9,99,9,1,2,2,2,35,6,-1,-1,-1,-1,3,E01003999,0,-1
2020332000273,2020,332000273,1,9,0,18,19,1,5,0,0,8,0,0,0,0,1,1,6,6,1,20,4,-1,-1,-1,-1,10,E01025641,0,-1
2020552000903,2020,552000903,2,1,0,5,5,1,5,0,0,8,0,0,0,0,4,1,6,6,1,82,11,-1,-1,-1,-1,8,E01015298,0,-1
2020210985971,2020,210985971,2,1,0,18,19,2,7,0,0,8,0,0,0,0,4,1,6,6,1,66,10,-1,-1,-1,-1,2,E01014235,0,-1
2020160943703,2020,160943703,2,1,-1,4,4,4,8,0,0,1,1,0,0,0,2,1,6,6,2,39,7,-1,-1,-1,-1,10,E01012972,0,-1
2020137372048,2020,137372048,1,9,0,18,19,3,7,0,0,0,0,0,0,0,1,1,6,6,1,19,4,-1,-1,-1,-1,1,E01010737,0,-1
2020450974835,2020,450974835,1,1,0,18,19,2,6,0,0,0,0,0,1,0,0,1,5,6,1,32,6,-1,-1,-1,-1,6,E01004485,0,-1
2020351030344,2020,351030344,2,1,0,4,4,3,7,0,0,0,0,0,0,0,0,1,5,6,2,31,6,-1,-1,-1,-1,5,E01017997,0,-1
2020460947760,2020,460947760,2,1,0,18,19,4,8,0,0,0,0,0,0,0,3,1,5,6,2,3,1,-1,-1,-1,-1,4,E01016129,0,-1
2020010242144,2020,010242144,2,9,0,99,99,9,9,99,99,9,9,99,9,99,9,9,6,6,3,-1,-1,-1,-1,-1,-1,-1,-1,0,-1
2020100967829,2020,100967829,1,9,0,4,4,5,1,0,0,1,0,0,0,0,0,1,6,6,3,30,6,-1,-1,-1,-1,-1,-1,0,-1
202060Y080906,2020,60Y080906,3,1,0,18,19,4,8,0,0,3,0,0,1,0,3,1,6,6,1,59,9,-1,-1,-1,-1,-1,-1,0,-1
2020010262953,2020,010262953,2,9,0,99,99,9,9,99,99,0,9,99,9,99,2,9,6,6,3,-1,-1,-1,-1,-1,-1,-1,-1,0,-1
2020010282424,2020,010282424,2,9,0,99,99,9,9,99,99,0,9,99,9,99,1,9,6,6,3,-1,-1,-1,-1,-1,-1,-1,-1,0,-1
202063D055520,2020,63D055520,2,9,0,17,19,5,2,0,0,0,0,0,0,0,1,1,6,6,2,56,9,-1,-1,-1,-1,7,W01000459,0,-1
2020522000734,2020,522000734,2,1,0,18,19,6,2,0,0,8,0,0,0,0,3,1,6,6,1,36,7,-1,-1,-1,-1,-1,-1,0,-1
2020052001230,2020,052001230,1,19,0,5,5,5,1,0,0,0,0,0,0,0,3,1,6,6,3,-1,-1,-1,-1,-1,-1,-1,-1,0,-1
2020230967736,2020,230967736,1,9,0,9,9,6,4,0,0,6,0,0,0,0,3,1,5,6,1,33,6,-1,-1,-1,-1,-1,-1,0,-1
202060Y110441,2020,60Y110441,1,9,0,9,9,3,1,0,0,1,0,0,0,0,3,1,6,6,1,27,6,-1,-1,-1,-1,-1,-1,0,-1
2020410990261,2020,410990261,3,9,0,3,3,1,5,0,0,0,0,0,0,0,2,1,6,6,2,37,7,-1,-1,-1,-1,5,E01023930,0,-1
2020010277631,2020,010277631,1,9,0,99,99,9,9,99,99,9,9,99,9,99,9,9,6,6,2,21,5,-1,-1,-1,-1,8,E01000399,0,-1
2020010244991,2020,010244991,2,1,9,99,99,9,9,99,99,9,9,99,9,99,1,1,6,6,3,-1,-1,-1,-1,-1,-1,-1,-1,0,-1
2020010244844,2020,010244844,1,19,0,18,19,5,1,0,0,1,0,0,0,0,1,1,6,6,3,-1,-1,-1,-1,-1,-1,-1,-1,0,-1
2020332000639,2020,332000639,2,9,0,18,19,4,8,0,0,8,0,0,0,0,1,1,6,6,1,26,6,-1,-1,-1,-1,3,E01015619,0,-1
2020522100276,2020,522100276,1,9,0,18,19,2,6,0,0,1,0,0,0,0,1,1,6,6,1,47,8,-1,-1,-1,-1,1,E01033356,0,-1
202060Y180182,2020,60Y180182,1,9,0,9,9,3,1,0,0,5,0,0,0,0,1,1,6,6,3,-1,-1,-1,-1,-1,-1,-1,-1,0,-1
2020440440516,2020,440440516,2,9,0,18,19,8,4,0,0,2,0,0,0,0,4,1,2,2,1,35,6,-1,-1,-1,-1,4,E01017193,0,-1
2020450988479,2020,450988479,3,9,0,2,2,0,0,0,0,0,0,0,0,0,1,1,6,6,3,-1,-1,-1,-1,-1,-1,-1,-1,0,-1
2020010277083,2020,010277083,1,1,9,99,99,9,9,0,0,8,9,0,0,0,1,1,6,6,1,36,7,-1,-1,-1,-1,3,E01001003,0,-1
2020470967020,2020,470967020,2,23,0,14,14,2,6,0,0,1,0,0,0,0,1,1,6,6,1,43,7,-1,-1,-1,-1,5,E01016994,0,-1
202060Y134132,2020,60Y134132,1,9,0,4,4,2,6,0,0,0,0,0,0,0,1,1,6,6,2,20,4,-1,-1,-1,-1,-1,-1,0,-1
2020070484792,2020,070484792,1,9,0,18,19,6,2,0,0,0,0,0,0,0,0,1,6,6,3,-1,-1,-1,-1,-1,-1,-1,-1,0,-1
2020141011581,2020,141011581,2,90,0,3,3,5,1,0,0,1,0,0,0,0,2,1,6,6,1,59,9,-1,-1,-1,-1,7,E01011110,0,-1
2020547174620,2020,547174620,1,9,0,18,19,5,1,0,0,1,0,0,0,0,1,1,1,1,3,30,6,-1,-1,-1,-1,-1,-1,0,-1
2020622001001,2020,622001001,1,9,0,18,19,4,8,0,0,1,0,0,0,0,1,1,6,6,2,43,7,-1,-1,-1,-1,4,W01000968,0,-1
2020070618104,2020,070618104,1,19,0,16,19,4,8,0,0,0,0,0,0,0,0,1,1,1,1,45,7,-1,-1,-1,-1,-1,-1,0,-1
2020010276182,2020,010276182,2,9,0,3,3,1,5,0,0,1,0,0,0,0,1,1,6,6,3,-1,-1,-1,-1,-1,-1,-1,-1,0,-1
2020451005487,2020,451005487,4,9,0,18,19,6,2,0,0,0,0,0,0,0,3,1,1,1,1,33,6,-1,-1,-1,-1,8,E01030977,0,-1
2020140963579,2020,140963579,2,1,0,12,12,6,2,0,0,1,0,0,0,0,3,1,5,6,1,75,10,-1,-1,-1,-1,8,E01008050,0,-1
2020010261057,2020,010261057,2,1,0,18,19,5,1,0,0,6,0,0,0,0,1,1,2,2,1,20,4,-1,-1,-1,-1,7,E01002154,0,-1
2020010241659,2020,010241659,1,9,0,99,99,9,9,99,99,9,9,99,9,99,9,9,6,6,3,-1,-1,-1,-1,-1,-1,-1,-1,0,-1
202006Q277591,2020,06Q277591,2,1,0,18,19,3,7,0,0,1,0,0,0,0,1,1,1,1,1,45,7,-1,-1,-1,-1,5,E01005347,0,-1
202006P179043,2020,06P179043,1,9,0,18,19,1,5,0,0,4,0,0,1,0,1,1,6,6,2,30,6,-1,-1,-1,-1,-1,-1,0,-1
202060Y181439,2020,60Y181439,1,9,0,14,14,8,4,0,0,1,0,0,0,0,4,1,6,6,1,51,8,-1,-1,-1,-1,-1,-1,0,-1
20201379E0262,2020,1379E0262,2,1,0,17,19,4,7,0,0,4,0,0,0,0,1,1,1,1,1,27,6,-1,-1,-1,-1,3,E01011776,0,-1
2020052001885,2020,052001885,1,90,0,18,19,5,1,0,0,1,0,10,0,0,1,1,6,6,1,27,6,-1,-1,-1,-1,5,E01033755,0,-1
2020332000283,2020,332000283,2,9,0,2,2,0,0,0,0,0,0,0,0,0,2,1,6,6,1,-1,-1,-1,-1,-1,-1,1,E01015639,0,-1
2020450985660,2020,450985660,1,1,0,18,19,4,5,0,0,8,5,0,0,0,4,1,4,7,1,12,3,-1,-1,-1,-1,5,E01030983,0,-1
2020541337820,2020,541337820,1,9,0,18,19,6,8,0,0,0,2,0,1,0,4,1,1,1,1,29,6,-1,-1,-1,-1,10,W01001639,0,-1
2020350955396,2020,350955396,2,1,0,18,19,4,8,0,0,0,0,0,0,0,2,1,5,6,1,30,6,-1,-1,-1,-1,-1,-1,0,-1
2020440346037,2020,440346037,1,1,0,14,14,3,7,0,0,0,0,0,0,0,3,1,6,6,1,56,9,-1,-1,-1,-1,6,E01017173,0,-1
2020010263864,2020,010263864,1,9,0,17,19,6,2,0,0,2,0,0,0,0,1,1,1,1,1,32,6,-1,-1,-1,-1,9,E01030660,0,-1
20201379T1195,2020,1379T1195,2,9,0,3,3,0,0,0,0,0,0,0,0,0,2,1,1,1,1,38,7,-1,-1,-1,-1,8,E01032501,0,-1
2020010268320,2020,010268320,2,9,0,18,19,5,1,0,0,1,0,0,0,0,1,1,6,6,3,-1,-1,-1,-1,-1,-1,-1,-1,0,-1
2020460955072,2020,460955072,1,9,0,18,19,3,7,0,0,0,0,0,0,0,1,1,6,6,1,-1,-1,-1,-1,-1,-1,-1,-1,0,-1
2020370945945,2020,370945945,2,9,0,18,19,7,3,0,0,8,0,0,0,0,4,1,5,6,2,69,10,-1,-1,-1,-1,-1,-1,0,-1
2020332001227,2020,332001227,2,9,0,18,19,6,2,0,0,0,0,0,0,0,0,1,6,6,2,30,6,-1,-1,-1,-1,-1,-1,0,-1
2020200983684,2020,200983684,1,9,0,1,1,6,2,0,0,2,0,0,0,0,2,1,6,6,2,30,6,-1,-1,-1,-1,-1,-1,0,-1
2020990934769,2020,990934769,1,1,0,12,12,2,7,0,0,1,0,0,0,0,1,1,1,1,1,32,6,-1,-1,-1,-1,-1,-1,0,-1
2020201000130,2020,201000130,1,9,0,17,19,8,5,0,0,0,0,10,1,11,1,1,6,6,2,21,5,-1,-1,-1,-1,3,E01009589,0,-1
2020010271773,2020,010271773,1,1,9,99,99,9,9,99,99,4,9,99,9,99,9,1,2,2,1,31,6,-1,-1,-1,-1,7,E01000362,0,-1
2020432003703,2020,432003703,2,1,0,7,7,2,8,0,0,3,0,0,0,0,3,1,2,2,1,41,7,-1,-1,-1,-1,1,E01016811,0,-1
2020470984184,2020,470984184,5,2,0,18,19,3,7,0,0,0,1,0,0,0,0,1,6,6,3,-1,-1,-1,-1,-1,-1,-1,-1,0,-1
2020137AK0206,2020,137AK0206,2,1,0,18,19,7,1,0,0,8,0,0,0,0,0,1,1,1,1,40,7,-1,-1,-1,-1,7,E01010644,0,-1
2020010271251,2020,010271251,2,1,0,18,19,1,5,0,0,0,0,4,0,0,1,1,6,6,2,51,8,-1,-1,-1,-1,2,E01001754,0,-1
2020501006977,2020,501006977,1,9,0,18,19,2,6,0,0,1,0,0,0,0,4,1,1,1,1,37,7,-1,-1,-1,-1,6,E01018967,0,-1
2020320158062,2020,320158062,2,9,0,9,9,7,7,0,0,0,0,0,0,0,3,1,1,1,1,51,8,-1,-1,-1,-1,9,E01026195,0,-1
202060Y068685,2020,60Y068685,2,9,0,2,2,0,0,0,0,0,0,0,0,0,1,1,6,6,3,-1,-1,-1,-1,-1,-1,-1,-1,0,-1
2020010282067,2020,010282067,2,9,0,99,99,9,9,99,99,0,9,99,9,99,9,9,6,6,3,-1,-1,-1,-1,-1,-1,-1,-1,0,-1
2020160969953,2020,160969953,1,9,0,18,19,8,4,0,0,8,0,0,0,0,1,1,6,6,1,41,7,-1,-1,-1,-1,8,E01013190,0,-1
2020220988728,2020,220988728,2,1,0,18,19,5,1,0,0,8,0,0,0,0,4,1,5,6,1,64,9,-1,-1,-1,-1,6,E01031240,0,-1
2020500949829,2020,500949829,1,9,0,18,19,5,1,0,0,1,0,0,0,0,4,1,5,6,2,37,7,-1,-1,-1,-1,3,E01018893,0,-1
2020522000343,2020,522000343,1,9,0,18,19,8,4,0,0,1,0,0,0,0,1,1,1,1,3,50,8,-1,-1,-1,-1,-1,-1,0,-1
2020302000841,2020,302000841,2,1,0,18,19,4,2,0,0,1,0,0,0,0,1,1,2,2,2,27,6,-1,-1,-1,-1,5,E01013595,0,-1
202006F176772,2020,06F176772,1,1,0,18,19,8,4,0,0,1,0,0,0,0,1,1,4,7,1,12,3,-1,-1,-1,-1,1,E01005698,0,-1
2020070298024,2020,070298024,2,1,0,18,19,1,5,0,0,1,0,0,0,0,3,1,6,6,1,52,8,-1,-1,-1,-1,6,E01018481,0,-1
2020010245428,2020,010245428,2,1,0,18,19,3,7,0,0,1,0,0,0,0,4,1,6,6,1,58,9,-1,-1,-1,-1,3,E01004063,0,-1
2020010245724,2020,010245724,1,1,9,99,99,9,9,99,99,9,9,99,9,99,9,1,6,6,1,60,9,-1,-1,-1,-1,3,E01001154,0,-1
2020990945759,2020,990945759,2,1,0,5,5,7,3,0,0,4,0,0,0,0,2,1,5,6,2,61,9,-1,-1,-1,-1,9,-1,0,-1
2020541307420,2020,541307420,3,9,0,18,19,5,1,0,0,0,0,0,0,0,1,1,6,6,1,31,6,-1,-1,-1,-1,8,E01015498,0,-1
202031C023320,2020,31C023320,1,19,0,7,7,2,4,0,0,5,0,0,0,0,4,1,6,6,3,-1,-1,-1,-1,-1,-1,-1,-1,0,-1
2020010268581,2020,010268581,2,1,0,9,9,5,2,4,4,1,0,0,0,0,1,1,2,2,1,27,6,-1,-1,-1,-1,3,E01002048,0,-1
2020430023600,2020,430023600,2,9,0,18,19,2,6,0,0,8,0,0,0,0,3,1,6,6,2,38,7,-1,-1,-1,-1,5,E01016560,0,-1
2020052001910,2020,052001910,1,9,0,9,9,3,1,0,0,8,0,0,0,0,0,1,6,6,3,-1,-1,-1,-1,-1,-1,-1,-1,0,-1
2020010273235,2020,010273235,2,1,0,18,19,5,1,0,0,1,0,0,0,0,1,1,1,1,1,29,6,-1,-1,-1,-1,4,E01003554,0,-1
2020470977585,2020,470977585,2,1,0,18,19,7,3,0,0,0,0,0,0,0,1,1,5,6,1,8,2,-1,-1,-1,-1,7,E01031539,0,-1
2020160996691,2020,160996691,2,1,0,18,19,5,1,0,0,2,0,0,0,0,3,1,6,6,1,21,5,-1,-1,-1,-1,1,E01013218,0,-1
2020302000479,2020,302000479,2,9,0,2,2,0,0,0,0,0,0,0,0,0,3,1,6,6,3,-1,-1,-1,-1,-1,-1,-1,-1,0,-1
2020990984167,2020,990984167,2,1,0,18,19,4,1,5,5,8,0,0,0,0,1,1,6,6,1,23,5,-1,-1,-1,-1,9,-1,0,-1
2020010274275,2020,010274275,1,1,0,4,4,3,7,0,0,0,0,0,0,0,0,1,6,6,1,46,8,-1,-1,-1,-1,5,E01002671,0,-1
2020030979558,2020,030979558,2,1,0,13,13,5,1,0,0,0,0,0,0,0,4,1,6,6,1,35,6,-1,-1,-1,-1,8,E01019353,0,-1
2020070507262,2020,070507262,1,9,4,4,4,5,7,0,0,1,0,0,0,0,1,1,6,6,1,40,7,-1,-1,-1,-1,8,E01028919,0,-1
2020200989303,2020,200989303,1,98,0,9,9,5,3,0,0,6,0,0,0,0,3,1,6,6,1,-1,-1,-1,-1,-1,-1,-1,-1,0,-1
202006G171378,2020,06G171378,2,1,0,17,19,8,5,0,0,8,0,0,0,0,1,1,6,6,1,45,7,-1,-1,-1,-1,9,E01005412,0,-1
2020522001986,2020,522001986,1,1,0,18,19,4,8,0,0,8,0,0,0,0,1,1,6,6,1,28,6,-1,-1,-1,-1,9,E01014738,0,-1
2020610042220,2020,610042220,2,17,0,18,19,7,2,0,0,0,0,0,0,0,3,1,1,1,3,-1,-1,-1,-1,-1,-1,-1,-1,0,-1
2020010244591,2020,010244591,2,9,0,99,99,9,9,99,99,9,9,99,9,99,2,9,6,6,3,-1,-1,-1,-1,-1,-1,-1,-1,0,-1
2020401006586,2020,401006586,1,98,0,12,12,5,1,0,0,0,0,0,0,0,3,1,6,6,3,-1,-1,-1,-1,-1,-1,-1,-1,0,-1
2020200943798,2020,200943798,2,1,0,11,11,1,5,0,0,0,0,12,0,0,1,1,6,6,1,48,8,-1,-1,-1,-1,7,E01032124,0,-1
2020010277952,2020,010277952,1,1,9,99,99,9,9,99,99,9,9,99,9,99,9,1,6,6,2,22,5,-1,-1,-1,-1,3,E01002772,0,-1
2020320390198,2020,320390198,2,1,0,18,19,2,6,0,0,0,0,8,0,0,1,1,6,6,1,27,6,-1,-1,-1,-1,6,E01026021,0,-1
2020440197702,2020,440197702,1,1,0,4,4,8,4,0,0,0,1,4,0,0,1,1,6,6,1,22,5,-1,-1,-1,-1,5,E01017273,0,-1
2020450941713,2020,450941713,2,1,0,12,12,1,3,0,0,0,0,0,0,0,3,1,5,6,1,60,9,-1,-1,-1,-1,9,E01030334,0,-1
202006Q171119,2020,06Q171119,2,1,0,18,19,5,1,0,0,8,0,0,0,0,3,1,6,6,1,47,8,-1,-1,-1,-1,-1,-1,0,-1
2020100991548,2020,100991548,1,9,0,11,11,1,5,0,0,1,0,0,0,0,0,1,6,6,3,-1,-1,-1,-1,-1,-1,-1,-1,0,-1
2020010232824,2020,010232824,2,9,9,99,99,9,9,99,99,9,9,99,9,99,1,9,6,6,3,30,6,-1,-1,-1,-1,3,E01003579,0,-1
2020010250003,2020,010250003,2,1,0,18,19,6,2,0,0,2,0,0,0,0,3,1,6,6,2,33,6,-1,-1,-1,-1,3,E01002587,0,-1
202031D158820,2020,31D158820,1,19,0,18,19,4,8,0,0,1,0,0,0,0,1,1,6,6,1,83,11,-1,-1,-1,-1,6,E01028331,0,-1
2020421004710,2020,421004710,2,1,0,18,19,1,5,0,0,0,0,0,0,0,4,1,6,6,1,12,3,-1,-1,-1,-1,4,E01015831,0,-1
2020522002914,2020,522002914,1,9,0,18,19,7,3,0,0,0,0,0,0,0,1,1,6,6,1,23,5,-1,-1,-1,-1,7,E01014945,0,-1
2020430177121,2020,430177121,1,5,0,18,19,6,2,0,0,4,0,7,1,0,4,1,6,6,1,30,6,-1,-1,-1,-1,2,E01028518,0,-1
2020480953358,2020,480953358,1,1,0,18,19,5,1,0,0,8,0,0,0,0,1,1,5,6,1,44,7,-1,-1,-1,-1,3,E01033464,0,-1
2020170S11580,2020,170S11580,1,97,0,18,19,6,2,0,0,0,0,0,0,0,1,1,6,6,3,-1,-1,-1,-1,-1,-1,-1,-1,0,-1
2020430353941,2020,430353941,2,1,0,9,9,2,8,0,0,5,0,0,0,0,3,1,6,6,2,44,7,-1,-1,-1,-1,10,E01016267,0,-1
2020220983358,2020,220983358,1,19,0,17,19,4,8,0,0,0,0,0,1,0,1,1,1,1,1,36,7,-1,-1,-1,-1,-1,-1,0,-1
2020332000906,2020,332000906,2,19,0,5,5,7,3,0,0,4,0,0,0,0,1,1,6,6,1,20,4,-1,-1,-1,-1,-1,-1,0,-1
2020010274730,2020,010274730,1,1,9,99,99,9,9,99,99,3,9,99,9,99,9,1,2,2,1,43,7,-1,-1,-1,-1,3,E01004453,0,-1
2020400968196,2020,400968196,1,9,0,18,19,5,1,0,0,1,0,0,0,0,1,1,5,6,1,71,10,-1,-1,-1,-1,1,E01017477,0,-1
2020100934313,2020,100934313,2,1,0,18,19,6,2,0,0,8,5,0,0,0,4,1,2,2,1,58,9,-1,-1,-1,-1,9,E01008292,0,-1
2020610032020,2020,610032020,2,1,0,13,13,2,6,0,0,0,1,0,0,0,4,1,6,6,2,22,5,-1,-1,-1,-1,-1,-1,0,-1