collision_index,collision_year,collision_ref_no,vehicle_reference,vehicle_type,towing_and_articulation,vehicle_manoeuvre_historic,vehicle_manoeuvre,vehicle_direction_from,vehicle_direction_to,vehicle_location_restricted_lane_historic,vehicle_location_restricted_lane,junction_location,skidding_and_overturning,hit_object_in_carriageway,vehicle_leaving_carriageway,hit_object_off_carriageway,first_point_of_impact,vehicle_left_hand_drive,journey_purpose_of_driver_historic,journey_purpose_of_driver,sex_of_driver,age_of_driver,age_band_of_driver,engine_capacity_cc,propulsion_code,age_of_vehicle,generic_make_model,driver_imd_decile,lsoa_of_driver,escooter_flag,driver_distance_banding
2020010269943,2020,010269943,2,-1,0,18,19,1,5,0,0,1,0,0,0,0,1,1,6,6,1,23,5,-1,-1,-1,-1,5,E01032779,1,-1
2020010232415,2020,010232415,2,19,9,99,99,9,9,99,99,1,9,0,9,99,2,1,6,6,3,-1,-1,-1,-1,-1,-1,-1,-1,0,-1
2020371007157,2020,371007157,2,1,0,18,19,8,4,0,0,2,5,0,0,0,2,1,6,6,2,81,11,-1,-1,-1,-1,5,E01030283,0,-1
202031D137520,2020,31D137520,2,9,0,2,2,0,0,0,0,1,0,0,0,0,3,1,6,6,3,-1,-1,-1,-1,-1,-1,10,E01028139,0,-1
2020350944489,2020,350944489,1,9,0,18,19,2,4,0,0,1,1,0,0,0,3,1,6,6,1,37,7,-1,-1,-1,-1,-1,-1,0,-1
2020420953338,2020,420953338,2,1,0,9,9,3,5,0,0,8,0,0,0,0,2,1,5,6,1,41,7,-1,-1,-1,-1,9,E01021547,0,-1
2020140947311,2020,140947311,1,97,0,9,9,1,6,0,0,6,1,0,0,0,3,1,5,6,1,30,6,-1,-1,-1,-1,5,E01007505,0,-1
2020320071527,2020,320071527,1,9,0,12,12,1,5,0,0,1,0,0,0,0,1,1,1,1,1,32,6,-1,-1,-1,-1,4,E01000976,0,-1
2020040944597,2020,040944597,2,1,0,18,19,3,7,0,0,1,0,0,0,0,3,1,5,6,1,62,9,-1,-1,-1,-1,9,E01025021,0,-1
2020010231092,2020,010231092,1,1,0,18,19,7,3,5,5,0,0,0,0,0,1,1,2,2,1,25,5,-1,-1,-1,-1,3,E01004274,0,-1
2020010276700,2020,010276700,2,9,0,99,99,9,9,99,99,9,9,99,9,99,1,9,6,6,3,-1,-1,-1,-1,-1,-1,-1,-1,0,-1
2020010238811,2020,010238811,1,1,0,14,14,5,1,0,0,1,0,0,0,0,1,1,1,1,1,24,5,-1,-1,-1,-1,1,E01005242,0,-1
202031B179820,2020,31B179820,2,1,0,16,19,1,5,0,0,0,0,0,0,0,1,1,6,6,1,55,8,-1,-1,-1,-1,10,E01033390,0,-1
2020460956399,2020,460956399,2,1,0,18,19,1,5,0,0,0,0,0,0,0,2,1,2,2,1,20,4,-1,-1,-1,-1,2,E01024634,0,-1
2020040958564,2020,040958564,2,1,0,18,19,7,3,0,0,8,0,0,0,0,1,1,5,6,1,16,4,-1,-1,-1,-1,1,E01024875,0,-1
2020332000369,2020,332000369,1,9,0,3,3,4,8,0,0,0,0,0,0,0,2,1,2,2,1,50,8,-1,-1,-1,-1,8,E01025786,0,-1
2020990990819,2020,990990819,2,9,0,2,2,0,0,0,0,0,0,0,7,0,2,1,6,6,3,-1,-1,-1,-1,-1,-1,-1,-1,0,-1
2020010288550,2020,010288550,1,11,9,18,19,3,7,0,0,0,9,99,0,0,9,1,1,1,1,65,9,-1,-1,-1,-1,8,E01002318,0,-1
2020137731598,2020,137731598,1,1,0,18,19,3,7,0,0,6,5,0,0,0,4,1,6,6,1,12,3,-1,-1,-1,-1,1,E01010659,0,-1
2020010276789,2020,010276789,1,1,0,17,19,3,7,4,4,3,0,10,1,0,1,1,6,6,1,57,9,-1,-1,-1,-1,10,E01003474,0,-1
2020010281953,2020,010281953,2,9,9,99,99,9,9,99,99,9,9,99,9,99,1,1,6,6,3,-1,-1,-1,-1,-1,-1,-1,-1,0,-1
2020052001222,2020,052001222,1,1,0,18,19,3,7,0,0,1,0,0,0,0,1,1,6,6,1,16,4,-1,-1,-1,-1,2,E01032510,0,-1
2020160924635,2020,160924635,2,1,0,16,19,3,6,4,4,0,0,0,0,0,3,1,2,2,1,37,7,-1,-1,-1,-1,7,E01013182,0,-1
2020137871372,2020,137871372,2,1,0,18,19,7,3,0,0,0,0,0,0,0,1,1,6,6,1,7,2,-1,-1,-1,-1,1,E01010845,0,-1
2020170M11680,2020,170M11680,1,9,0,18,19,6,2,0,0,0,0,0,0,0,1,1,6,6,3,-1,-1,-1,-1,-1,-1,-1,-1,0,-1
2020010242629,2020,010242629,1,1,9,99,99,9,9,99,99,8,9,99,9,99,1,1,2,2,1,46,8,-1,-1,-1,-1,7,E01003673,0,-1
2020010244127,2020,010244127,1,9,0,1,1,4,2,0,0,0,0,0,0,0,2,1,6,6,3,-1,-1,-1,-1,-1,-1,-1,-1,0,-1
2020549936620,2020,549936620,1,9,0,18,19,3,7,0,0,0,0,8,0,0,3,1,6,6,3,30,6,-1,-1,-1,-1,-1,-1,0,-1
2020471008443,2020,471008443,2,9,0,18,19,3,7,0,0,8,0,0,0,0,3,1,1,1,1,46,8,-1,-1,-1,-1,6,E01031449,0,-1
2020430211156,2020,430211156,2,1,0,18,19,2,6,0,0,8,0,0,0,0,3,1,6,6,1,57,9,-1,-1,-1,-1,10,E01028600,0,-1
2020460929418,2020,460929418,1,9,0,18,19,4,8,0,0,0,0,0,0,0,1,1,6,6,1,59,9,-1,-1,-1,-1,7,E01024101,0,-1
2020140960943,2020,140960943,3,9,0,2,2,1,5,9,9,0,0,0,0,0,2,1,6,6,3,-1,-1,-1,-1,-1,-1,-1,-1,0,-1
2020010229750,2020,010229750,1,19,9,99,99,9,9,99,99,9,9,99,9,99,2,9,6,6,3,-1,-1,-1,-1,-1,-1,-1,-1,0,-1
2020350955333,2020,350955333,1,1,0,18,19,5,1,0,0,3,0,0,0,0,1,1,6,6,1,21,5,-1,-1,-1,-1,7,E01017965,0,-1
2020500924066,2020,500924066,1,9,0,18,19,1,5,0,0,0,0,0,0,0,4,1,5,6,2,-1,-1,-1,-1,-1,-1,-1,-1,0,-1
2020041001126,2020,041001126,1,22,0,1,1,7,3,9,9,1,0,0,0,0,2,1,6,6,3,-1,-1,-1,-1,-1,-1,-1,-1,0,-1
2020460970205,2020,460970205,1,1,0,18,19,6,2,9,9,0,0,0,0,0,1,1,6,6,1,15,3,-1,-1,-1,-1,6,E01024034,0,-1
2020160993232,2020,160993232,2,1,0,18,19,2,6,0,0,0,0,0,0,0,0,1,6,6,2,63,9,-1,-1,-1,-1,7,E01012983,0,-1
2020470986269,2020,470986269,1,97,0,18,19,4,8,0,0,0,0,0,0,0,0,1,6,6,3,-1,-1,-1,-1,-1,-1,-1,-1,0,-1
2020052002044,2020,052002044,1,90,0,9,9,3,8,0,0,6,0,0,0,0,1,1,6,6,1,79,11,-1,-1,-1,-1,7,E01006795,0,-1
2020070389508,2020,070389508,1,9,0,3,3,7,1,0,0,4,0,0,0,0,3,1,6,6,2,40,7,-1,-1,-1,-1,-1,-1,0,-1
2020010248046,2020,010248046,1,1,9,99,99,9,9,99,99,9,9,99,9,99,1,1,6,6,1,34,6,-1,-1,-1,-1,1,E01020983,0,-1
2020010261637,2020,010261637,2,9,0,99,99,9,9,99,99,9,9,99,9,99,9,9,6,6,3,-1,-1,-1,-1,-1,-1,-1,-1,0,-1
2020010235235,2020,010235235,2,9,0,99,99,9,9,99,99,9,9,99,9,99,1,9,6,6,3,21,5,-1,-1,-1,-1,-1,-1,0,-1
2020552000676,2020,552000676,1,9,0,11,11,2,6,0,0,0,0,0,0,0,0,1,6,6,3,-1,-1,-1,-1,-1,-1,-1,-1,0,-1
2020430015494,2020,430015494,2,19,0,3,3,2,6,0,0,1,0,0,0,0,2,1,1,1,1,40,7,-1,-1,-1,-1,1,E01016743,0,-1
2020010254465,2020,010254465,1,1,0,5,5,1,5,9,9,1,0,10,0,0,2,1,6,6,2,64,9,-1,-1,-1,-1,7,E01024188,0,-1
202031D037520,2020,31D037520,2,9,0,18,19,2,6,0,0,8,0,0,0,0,1,1,6,6,2,22,5,-1,-1,-1,-1,10,E01013520,0,-1
2020470985448,2020,470985448,3,1,0,5,5,3,7,0,0,0,0,0,0,0,3,1,6,6,1,65,9,-1,-1,-1,-1,10,E01031823,0,-1
2020010272033,2020,010272033,1,1,9,99,99,9,9,99,99,0,9,99,9,99,1,1,2,2,1,26,6,-1,-1,-1,-1,4,E01000722,0,-1
2020010271979,2020,010271979,1,9,0,99,99,9,9,99,99,9,9,99,9,99,4,9,6,6,3,-1,-1,-1,-1,-1,-1,-1,-1,0,-1
2020430152128,2020,430152128,1,9,0,18,19,7,3,0,0,1,0,0,0,0,0,1,1,1,1,-1,-1,-1,-1,-1,-1,4,E01033415,0,-1
2020010231601,2020,010231601,1,1,9,99,99,9,9,99,99,0,9,99,9,99,9,1,6,6,1,57,9,-1,-1,-1,-1,6,E01003836,0,-1
2020201013601,2020,201013601,2,1,0,18,19,8,4,0,0,2,0,0,0,0,1,1,6,6,1,10,2,-1,-1,-1,-1,1,E01010274,0,-1
2020460968635,2020,460968635,2,9,0,17,19,3,1,0,0,0,0,0,0,0,1,1,5,6,1,59,9,-1,-1,-1,-1,8,E01024026,0,-1
2020420944297,2020,420944297,2,9,0,2,2,0,0,0,0,0,0,4,0,0,2,1,6,6,3,-1,-1,-1,-1,-1,-1,-1,-1,0,-1
2020530958261,2020,530958261,2,1,0,4,4,3,7,0,0,0,0,0,0,0,1,1,6,6,2,25,5,-1,-1,-1,-1,6,E01022117,0,-1
202060Y080551,2020,60Y080551,1,9,0,18,19,4,8,0,0,0,0,4,0,0,4,1,6,6,1,52,8,-1,-1,-1,-1,-1,-1,0,-1
2020210943037,2020,210943037,2,9,0,4,4,2,6,0,0,0,0,0,0,0,2,1,2,2,2,52,8,-1,-1,-1,-1,10,E01029776,0,-1
202006K270329,2020,06K270329,2,1,0,18,19,6,2,0,0,1,0,0,0,0,3,1,6,6,1,42,7,-1,-1,-1,-1,5,E01024917,0,-1
202031C142320,2020,31C142320,2,1,0,18,19,4,8,0,0,2,0,10,0,0,3,1,6,6,1,51,8,-1,-1,-1,-1,3,E01033409,0,-1
2020161006290,2020,161006290,2,1,0,18,19,7,3,0,0,1,5,0,0,0,2,1,5,6,1,17,4,-1,-1,-1,-1,7,E01013289,0,-1
202060Y110000,2020,60Y110000,2,1,0,18,19,2,6,0,0,0,0,0,0,0,2,1,6,6,1,20,4,-1,-1,-1,-1,-1,-1,0,-1
2020522002158,2020,522002158,1,3,0,18,19,8,4,0,0,8,0,0,0,0,0,1,6,6,2,27,6,-1,-1,-1,-1,4,E01014627,0,-1
2020501015152,2020,501015152,2,19,0,18,19,4,2,0,0,1,0,0,0,0,0,1,6,6,3,-1,-1,-1,-1,-1,-1,-1,-1,0,-1
2020122000390,2020,122000390,2,1,0,18,19,8,4,0,0,2,0,0,0,0,1,1,6,6,2,31,6,-1,-1,-1,-1,7,E01013428,0,-1
202006K178099,2020,06K178099,2,9,0,18,19,1,5,0,0,0,0,0,0,0,1,1,6,6,3,-1,-1,-1,-1,-1,-1,-1,-1,0,-1
2020370944415,2020,370944415,2,1,0,18,19,2,4,0,0,1,0,0,0,0,2,1,6,6,1,61,9,-1,-1,-1,-1,4,E01030251,0,-1
2020460955526,2020,460955526,2,1,0,18,19,2,6,0,0,0,0,0,0,0,4,1,1,1,1,23,5,-1,-1,-1,-1,1,E01024278,0,-1
2020320271975,2020,320271975,1,9,0,9,9,1,5,0,0,1,0,0,0,0,1,1,6,6,2,56,9,-1,-1,-1,-1,3,E01026068,0,-1
2020460929569,2020,460929569,1,19,0,5,5,1,2,0,0,8,0,0,0,0,1,1,1,1,1,26,6,-1,-1,-1,-1,1,E01024295,0,-1
2020137270289,2020,137270289,2,1,0,18,19,3,7,5,5,0,0,0,0,0,1,1,3,7,1,36,7,-1,-1,-1,-1,6,E01011420,0,-1
202006F166994,2020,06F166994,2,9,0,11,11,7,3,0,0,0,0,0,0,0,2,1,6,6,2,47,8,-1,-1,-1,-1,10,E01005741,0,-1
2020440323752,2020,440323752,1,1,0,18,19,7,3,0,0,0,0,0,0,0,1,1,1,1,1,26,6,-1,-1,-1,-1,7,E01022630,0,-1
2020460944008,2020,460944008,1,9,0,18,19,1,5,0,0,0,0,0,0,0,1,1,5,6,3,-1,-1,-1,-1,-1,-1,-1,-1,0,-1
2020010253751,2020,010253751,1,-1,0,7,7,3,4,0,0,0,1,0,0,0,1,1,1,1,1,35,6,-1,-1,-1,-1,1,E01003052,1,-1
2020010267513,2020,010267513,1,1,0,3,3,1,5,0,0,1,0,0,0,0,2,1,6,6,2,38,7,-1,-1,-1,-1,8,E01016557,0,-1
2020522004538,2020,522004538,4,9,0,3,3,7,4,0,0,8,0,0,0,0,1,1,6,6,3,40,7,-1,-1,-1,-1,-1,-1,0,-1
2020440223404,2020,440223404,3,9,0,2,2,0,0,0,0,0,0,0,0,0,2,1,6,6,1,57,9,-1,-1,-1,-1,3,E01017299,0,-1
2020041002286,2020,041002286,1,9,0,16,19,1,1,0,0,0,0,0,0,0,2,1,6,6,3,-1,-1,-1,-1,-1,-1,-1,-1,0,-1
2020470927573,2020,470927573,1,9,0,1,1,4,8,0,0,1,0,0,0,0,2,1,6,6,3,30,6,-1,-1,-1,-1,-1,-1,0,-1
2020010267020,2020,010267020,2,1,0,14,14,8,4,0,0,0,0,4,0,0,1,1,2,2,1,33,6,-1,-1,-1,-1,-1,-1,0,-1
2020990965665,2020,990965665,2,9,0,4,4,5,1,0,0,0,0,0,0,0,2,1,5,6,1,25,5,-1,-1,-1,-1,6,E01012730,0,-1
2020500928441,2020,500928441,1,9,0,4,4,4,8,0,0,0,5,0,1,11,1,1,5,6,1,22,5,-1,-1,-1,-1,1,E01015047,0,-1
2020010241462,2020,010241462,2,1,0,18,19,5,1,0,0,8,0,0,0,0,1,-1,6,6,1,92,11,-1,-1,-1,-1,4,E01001444,0,-1
2020421008435,2020,421008435,1,9,0,17,19,2,6,0,0,0,1,0,1,4,4,1,5,6,1,30,6,-1,-1,-1,-1,5,E01021906,0,-1
2020010262111,2020,010262111,2,1,0,18,19,1,5,0,0,8,0,0,0,0,3,1,2,2,1,47,8,-1,-1,-1,-1,7,E01000297,0,-1
2020160967848,2020,160967848,1,97,0,7,7,8,2,0,0,5,0,0,0,0,1,1,6,6,1,-1,-1,-1,-1,-1,-1,-1,-1,0,-1
2020010280273,2020,010280273,2,9,9,18,19,1,5,99,99,9,9,99,9,99,9,9,6,6,1,-1,-1,-1,-1,-1,-1,1,E01003052,0,-1
20201375F0454,2020,1375F0454,2,1,0,18,19,1,5,0,0,8,0,0,0,0,1,1,6,6,1,50,8,-1,-1,-1,-1,1,E01010964,0,-1
2020100953909,2020,100953909,2,1,0,18,19,7,3,0,0,0,0,0,0,0,4,1,5,6,1,72,10,-1,-1,-1,-1,9,E01008564,0,-1
2020470945470,2020,470945470,2,1,0,18,19,7,3,0,0,1,0,0,0,0,4,1,5,6,1,38,7,-1,-1,-1,-1,3,E01021012,0,-1
202031D078320,2020,31D078320,1,9,0,1,1,4,8,0,0,6,0,0,0,0,2,1,1,1,1,49,8,-1,-1,-1,-1,5,E01028129,0,-1
2020220975067,2020,220975067,2,1,0,5,5,6,3,0,0,4,0,0,0,0,3,1,5,6,1,55,8,-1,-1,-1,-1,8,E01032334,0,-1
2020990924918,2020,990924918,2,1,0,18,19,5,1,0,0,8,0,0,0,0,1,1,6,6,1,36,7,-1,-1,-1,-1,4,-1,0,-1
2020302000801,2020,302000801,1,1,0,15,15,1,5,0,0,0,0,0,0,0,0,1,6,6,2,47,8,-1,-1,-1,-1,7,E01019711,0,-1
2020010230465,2020,010230465,1,19,9,99,99,9,9,99,99,0,9,99,9,99,9,9,-1,-1,3,-1,-1,-1,-1,-1,-1,-1,-1,0,-1
2020010276385,2020,010276385,2,19,0,3,3,1,5,0,0,1,0,99,9,0,4,9,6,6,3,-1,-1,-1,-1,-1,-1,-1,-1,0,-1
2020430211204,2020,430211204,2,1,0,18,19,5,1,0,0,0,0,0,0,0,3,1,6,6,1,-1,-1,-1,-1,-1,-1,9,E01028653,0,-1
202060Y007316,2020,60Y007316,1,9,0,13,13,4,8,0,0,0,0,0,0,0,3,1,6,6,2,23,5,-1,-1,-1,-1,-1,-1,0,-1
2020100988273,2020,100988273,1,9,0,18,19,8,4,0,0,1,0,0,0,0,0,1,6,6,3,35,6,-1,-1,-1,-1,-1,-1,0,-1
2020460985686,2020,460985686,1,9,0,3,3,8,4,0,0,0,0,0,0,0,1,1,6,6,1,28,6,-1,-1,-1,-1,9,E01021153,0,-1
2020552000200,2020,552000200,2,1,0,18,19,2,6,0,0,8,0,0,0,0,4,1,6,6,1,78,11,-1,-1,-1,-1,4,E01020563,0,-1
2020320444760,2020,320444760,2,9,0,18,19,2,6,0,0,1,0,0,0,0,1,1,6,6,3,40,7,-1,-1,-1,-1,-1,-1,0,-1
2020040918212,2020,040918212,2,9,0,7,7,1,1,0,0,0,0,0,0,0,1,1,1,1,1,68,10,-1,-1,-1,-1,7,E01025003,0,-1
2020470965548,2020,470965548,2,1,0,18,19,3,7,0,0,8,0,0,0,0,4,1,2,2,1,41,7,-1,-1,-1,-1,7,E01031837,0,-1
2020010264145,2020,010264145,2,1,0,18,19,7,3,0,0,8,5,0,0,0,1,1,2,2,1,27,6,-1,-1,-1,-1,5,E01001895,0,-1
2020430349667,2020,430349667,2,9,0,18,19,7,3,0,0,0,0,8,0,0,3,1,6,6,3,-1,-1,-1,-1,-1,-1,-1,-1,0,-1
2020500944268,2020,500944268,1,20,0,18,19,3,7,0,0,0,0,0,0,0,1,1,1,1,1,27,6,-1,-1,-1,-1,1,E01015144,0,-1
2020010252928,2020,010252928,1,1,9,99,99,9,9,99,99,1,9,99,9,99,9,1,2,2,2,57,9,-1,-1,-1,-1,7,E01004605,0,-1
2020010281380,2020,010281380,2,9,0,18,19,8,4,0,0,8,0,0,0,0,1,1,6,6,3,-1,-1,-1,-1,-1,-1,-1,-1,0,-1
2020400943561,2020,400943561,1,9,0,18,19,-1,-1,0,0,0,0,0,0,0,1,1,6,6,3,-1,-1,-1,-1,-1,-1,-1,-1,0,-1
2020350977373,2020,350977373,2,9,0,2,2,0,0,0,0,0,0,0,0,0,1,1,6,6,3,-1,-1,-1,-1,-1,-1,-1,-1,0,-1
2020552001155,2020,552001155,1,22,0,18,19,8,4,0,0,6,5,0,0,0,3,1,6,6,2,50,8,-1,-1,-1,-1,1,E01020552,0,-1
2020160977809,2020,160977809,1,1,0,9,9,7,3,0,0,8,0,0,0,0,3,1,6,6,1,12,3,-1,-1,-1,-1,1,E01013229,0,-1
2020440397045,2020,440397045,2,1,0,18,19,5,1,0,0,8,0,0,0,0,3,1,2,2,1,56,9,-1,-1,-1,-1,10,E01022746,0,-1
2020410934663,2020,410934663,1,9,0,4,4,5,1,0,0,0,0,0,0,0,1,1,1,1,1,26,6,-1,-1,-1,-1,8,E01016758,0,-1
2020450918092,2020,450918092,2,9,0,16,19,1,5,0,0,0,0,0,0,0,1,1,2,2,1,19,4,-1,-1,-1,-1,9,E01030573,0,-1
2020470987348,2020,470987348,2,1,0,18,19,6,2,0,0,0,0,0,0,0,3,1,6,6,2,24,5,-1,-1,-1,-1,7,E01016896,0,-1
2020010277294,2020,010277294,1,1,9,99,99,9,9,99,99,9,9,99,9,99,1,1,6,6,1,-1,-1,-1,-1,-1,-1,5,E01004021,0,-1
2020137A61907,2020,137A61907,2,1,0,18,19,1,5,0,0,8,0,0,0,0,1,1,6,6,1,33,6,-1,-1,-1,-1,1,E01011493,0,-1
2020210996677,2020,210996677,2,9,0,4,4,7,3,0,0,2,0,0,0,0,2,1,6,6,1,19,4,-1,-1,-1,-1,4,E01029692,0,-1
2020430030886,2020,430030886,2,5,0,4,4,5,1,0,0,0,0,0,0,0,2,1,6,6,1,30,6,-1,-1,-1,-1,-1,-1,0,-1
2020332000825,2020,332000825,1,9,0,17,19,6,3,0,0,0,1,10,0,0,3,1,2,2,1,52,8,-1,-1,-1,-1,5,E01025823,0,-1
2020052002642,2020,052002642,1,9,0,5,5,5,1,0,0,4,0,0,0,0,1,1,3,7,2,47,8,-1,-1,-1,-1,4,E01006570,0,-1
2020430165085,2020,430165085,2,9,0,18,19,4,8,0,0,2,0,0,0,0,1,1,6,6,3,-1,-1,-1,-1,-1,-1,-1,-1,0,-1
2020420976060,2020,420976060,1,9,0,18,19,4,8,0,0,0,0,0,0,0,1,1,6,6,3,-1,-1,-1,-1,-1,-1,-1,-1,0,-1
2020010269957,2020,010269957,1,1,9,99,99,9,9,99,99,9,9,99,9,99,9,1,6,6,1,53,8,-1,-1,-1,-1,4,E01001142,0,-1
202006F272952,2020,06F272952,2,1,0,18,19,1,5,0,0,8,0,0,0,0,3,1,6,6,1,17,4,-1,-1,-1,-1,3,E01005614,0,-1
2020340N03942,2020,340N03942,2,1,0,18,19,7,3,0,0,8,5,0,0,0,0,1,6,6,1,55,8,-1,-1,-1,-1,9,E01027167,0,-1
2020040956064,2020,040956064,1,1,0,18,19,3,7,9,9,6,0,0,0,0,1,1,6,6,1,14,3,-1,-1,-1,-1,5,E01025243,0,-1
2020010241301,2020,010241301,1,1,9,18,19,5,1,99,99,9,9,99,9,99,9,-1,6,6,1,39,7,-1,-1,-1,-1,4,E01004737,0,-1
2020440207365,2020,440207365,2,1,0,18,19,5,1,0,0,0,0,0,0,0,1,1,6,6,1,14,3,-1,-1,-1,-1,10,E01022756,0,-1
2020420962801,2020,420962801,1,98,1,18,19,8,6,0,0,0,0,0,0,0,4,1,6,6,3,-1,-1,-1,-1,-1,-1,-1,-1,0,-1
2020010249440,2020,010249440,2,11,0,99,99,9,9,99,99,9,9,99,9,99,9,9,6,6,1,39,7,-1,-1,-1,-1,-1,-1,0,-1
2020010252088,2020,010252088,2,9,0,99,99,9,9,99,99,9,9,99,9,99,2,9,6,6,1,-1,-1,-1,-1,-1,-1,1,E01003761,0,-1
2020410957949,2020,410957949,2,1,0,18,19,5,1,0,0,0,0,0,0,0,2,1,6,6,1,60,9,-1,-1,-1,-1,10,E01023363,0,-1
2020522002723,2020,522002723,1,1,0,18,19,8,4,0,0,0,0,0,0,0,1,1,6,6,2,24,5,-1,-1,-1,-1,2,E01033347,0,-1
2020430027679,2020,430027679,1,9,0,18,19,4,8,0,0,0,1,0,0,0,1,1,2,2,1,25,5,-1,-1,-1,-1,9,E01027275,0,-1
202031D171820,2020,31D171820,2,1,0,18,19,3,7,0,0,8,0,0,0,0,1,1,6,6,2,28,6,-1,-1,-1,-1,5,E01028114,0,-1
2020200999229,2020,200999229,3,1,0,18,19,8,4,0,0,8,0,0,0,0,3,1,4,7,1,14,3,-1,-1,-1,-1,1,E01010271,0,-1
2020010249167,2020,010249167,2,98,9,99,99,9,9,9,9,0,9,99,9,99,9,9,6,6,3,-1,-1,-1,-1,-1,-1,-1,-1,0,-1
2020010241161,2020,010241161,1,9,0,99,99,9,9,99,99,9,9,99,9,99,2,9,6,6,3,-1,-1,-1,-1,-1,-1,-1,-1,0,-1
2020332000253,2020,332000253,2,9,0,18,19,1,5,0,0,8,0,0,0,0,1,1,6,6,1,44,7,-1,-1,-1,-1,5,E01013689,0,-1
2020010270221,2020,010270221,2,-1,0,18,19,5,1,0,0,1,0,0,0,0,4,1,6,6,1,27,6,-1,-1,-1,-1,1,E01002773,1,-1
2020010251773,2020,010251773,1,1,9,99,99,9,9,99,99,9,9,99,9,99,1,1,2,2,1,26,6,-1,-1,-1,-1,9,E01030625,0,-1
2020520004360,2020,520004360,2,9,0,18,19,6,2,0,0,0,0,0,0,0,3,1,6,6,1,34,6,-1,-1,-1,-1,4,E01020328,0,-1
2020122000303,2020,122000303,1,9,0,15,15,5,1,0,0,1,0,0,0,0,4,1,6,6,1,23,5,-1,-1,-1,-1,5,E01027594,0,-1
2020411013112,2020,411013112,2,9,0,5,5,8,1,0,0,4,0,0,0,0,1,1,5,6,1,31,6,-1,-1,-1,-1,5,E01023303,0,-1
2020332000975,2020,332000975,1,9,0,8,8,2,5,0,0,1,0,0,0,0,2,1,2,2,2,22,5,-1,-1,-1,-1,4,E01025827,0,-1
2020100984310,2020,100984310,1,9,0,9,9,1,7,0,0,6,0,0,0,0,0,1,6,6,2,55,8,-1,-1,-1,-1,-1,-1,0,-1
2020332000572,2020,332000572,2,9,0,4,4,8,4,0,0,1,0,0,0,0,1,1,6,6,1,60,9,-1,-1,-1,-1,-1,-1,0,-1
2020070641483,2020,070641483,1,1,0,18,19,7,3,9,9,1,2,0,1,2,4,1,6,6,1,17,4,-1,-1,-1,-1,3,E01012391,0,-1
2020010272626,2020,010272626,1,1,9,99,99,9,9,99,99,9,9,99,9,99,9,1,2,2,2,46,8,-1,-1,-1,-1,5,E01000140,0,-1
2020140964544,2020,140964544,2,9,0,18,19,8,5,0,0,8,0,0,0,0,1,1,6,6,3,-1,-1,-1,-1,-1,-1,-1,-1,0,-1
2020010240804,2020,010240804,1,9,0,99,99,9,9,99,99,1,9,99,9,99,1,1,6,6,3,-1,-1,-1,-1,-1,-1,-1,-1,0,-1
2020430160944,2020,430160944,3,1,0,18,19,5,1,0,0,0,0,0,0,0,3,1,6,6,1,13,3,-1,-1,-1,-1,7,E01028639,0,-1
2020160965123,2020,160965123,1,9,0,16,19,8,4,0,0,0,0,0,7,0,1,1,2,2,1,62,9,-1,-1,-1,-1,9,E01020266,0,-1
2020010280889,2020,010280889,2,1,0,15,15,5,1,0,0,8,0,0,0,0,1,1,2,2,1,29,6,-1,-1,-1,-1,6,E01001951,0,-1
2020010259162,2020,010259162,2,1,0,17,19,7,5,0,0,2,0,0,0,0,2,1,6,6,1,38,7,-1,-1,-1,-1,4,E01002650,0,-1
202060Y061385,2020,60Y061385,1,9,0,18,19,7,3,0,0,0,0,0,0,0,1,1,6,6,1,-1,-1,-1,-1,-1,-1,-1,-1,0,-1
2020990969138,2020,990969138,2,9,0,17,19,2,7,0,0,0,0,0,0,0,1,1,5,6,1,76,11,-1,-1,-1,-1,5,-1,0,-1
2020010261702,2020,010261702,1,-1,0,18,19,7,3,9,9,1,0,0,0,0,1,1,6,6,1,15,3,-1,-1,-1,-1,3,E01003296,1,-1
2020200948482,2020,200948482,1,9,0,18,19,2,6,0,0,4,0,0,0,0,1,1,6,6,3,-1,-1,-1,-1,-1,-1,-1,-1,0,-1
2020332000750,2020,332000750,4,9,0,18,19,2,6,0,0,0,0,0,0,0,1,1,6,6,1,22,5,-1,-1,-1,-1,10,E01032886,0,-1
2020470919260,2020,470919260,1,9,0,18,19,5,1,0,0,0,2,0,1,4,1,1,1,1,1,43,7,-1,-1,-1,-1,2,E01006311,0,-1
2020320380616,2020,320380616,2,97,0,18,19,1,5,0,0,0,0,0,0,0,1,1,6,6,1,55,8,-1,-1,-1,-1,-1,-1,0,-1
2020010239066,2020,010239066,1,1,0,18,19,4,8,5,5,0,0,0,0,0,1,1,6,6,1,53,8,-1,-1,-1,-1,3,E01033594,0,-1
2020137B61528,2020,137B61528,1,17,0,18,19,5,1,0,0,0,0,0,0,0,4,1,6,6,1,18,4,-1,-1,-1,-1,4,E01011319,0,-1
2020010242334,2020,010242334,2,1,0,18,19,5,1,0,0,1,0,0,0,0,1,1,6,6,1,49,8,-1,-1,-1,-1,6,E01003711,0,-1
202060Y039890,2020,60Y039890,1,9,0,18,19,1,5,0,0,0,5,0,1,7,3,1,6,6,1,33,6,-1,-1,-1,-1,-1,-1,0,-1
2020010255279,2020,010255279,1,1,9,99,99,9,9,99,99,9,9,99,9,99,0,1,6,6,2,22,5,-1,-1,-1,-1,9,E01003905,0,-1
2020010270334,2020,010270334,1,1,9,99,99,9,9,99,99,0,9,99,9,99,1,1,6,6,1,33,6,-1,-1,-1,-1,5,E01003327,0,-1
2020460939425,2020,460939425,2,21,4,18,19,8,4,0,0,0,1,0,0,0,1,2,1,1,1,45,7,-1,-1,-1,-1,-1,-1,0,-1
2020542468920,2020,542468920,3,9,0,18,19,5,1,0,0,0,0,0,0,0,2,1,6,6,2,64,9,-1,-1,-1,-1,10,E01015533,0,-1
2020332000919,2020,332000919,1,8,0,2,2,0,0,0,0,2,0,0,0,0,3,1,1,1,1,62,9,-1,-1,-1,-1,6,E01025995,0,-1