collision_index,collision_year,collision_ref_no,vehicle_reference,vehicle_type,towing_and_articulation,vehicle_manoeuvre_historic,vehicle_manoeuvre,vehicle_direction_from,vehicle_direction_to,vehicle_location_restricted_lane_historic,vehicle_location_restricted_lane,junction_location,skidding_and_overturning,hit_object_in_carriageway,vehicle_leaving_carriageway,hit_object_off_carriageway,first_point_of_impact,vehicle_left_hand_drive,journey_purpose_of_driver_historic,journey_purpose_of_driver,sex_of_driver,age_of_driver,age_band_of_driver,engine_capacity_cc,propulsion_code,age_of_vehicle,generic_make_model,driver_imd_decile,lsoa_of_driver,escooter_flag,driver_distance_banding
2020040987767,2020,040987767,2,9,0,2,2,0,0,0,0,0,0,0,0,0,3,1,5,6,1,65,9,-1,-1,-1,-1,8,E01024869,0,-1
2020470937570,2020,470937570,1,9,0,18,19,-1,-1,0,0,1,0,0,0,0,0,1,6,6,3,-1,-1,-1,-1,-1,-1,-1,-1,0,-1
202006E167135,2020,06E167135,1,9,0,18,19,2,6,0,0,0,0,0,0,0,1,1,6,6,3,-1,-1,-1,-1,-1,-1,-1,-1,0,-1
2020302001303,2020,302001303,2,1,0,7,7,2,4,9,9,5,0,0,0,0,1,1,6,6,1,14,3,-1,-1,-1,-1,5,E01019633,0,-1
2020460998135,2020,460998135,2,1,0,18,19,7,3,0,0,1,0,0,0,0,1,1,6,6,1,20,4,-1,-1,-1,-1,10,E01024325,0,-1
2020010267025,2020,010267025,1,1,9,99,99,9,9,99,99,9,9,99,9,99,9,1,6,6,3,-1,-1,-1,-1,-1,-1,-1,-1,0,-1
2020410956935,2020,410956935,2,1,0,7,7,3,7,0,0,3,0,0,0,0,3,1,6,6,1,69,10,-1,-1,-1,-1,10,E01023410,0,-1
2020137991039,2020,137991039,1,9,0,18,19,2,6,0,0,0,0,0,0,0,3,1,6,6,3,-1,-1,-1,-1,-1,-1,-1,-1,0,-1
2020440342426,2020,440342426,1,19,0,9,9,6,4,0,0,6,0,0,0,0,1,1,1,1,1,41,7,-1,-1,-1,-1,9,E01014888,0,-1
202006XN69954,2020,06XN69954,2,9,0,12,12,1,5,0,0,0,0,0,0,0,2,1,6,6,1,59,9,-1,-1,-1,-1,10,E01025380,0,-1
2020200947270,2020,200947270,3,9,0,18,19,-1,-1,0,0,0,0,0,0,0,2,1,6,6,1,23,5,-1,-1,-1,-1,10,E01009461,0,-1
202031C037420,2020,31C037420,2,8,0,18,19,1,5,9,9,1,0,0,0,0,1,1,1,1,3,-1,-1,-1,-1,-1,-1,-1,-1,0,-1
2020010278243,2020,010278243,1,1,9,99,99,9,9,99,99,9,9,99,9,99,9,1,6,6,2,31,6,-1,-1,-1,-1,5,E01001889,0,-1
2020332000404,2020,332000404,2,9,0,16,19,7,1,0,0,8,0,0,0,0,1,1,6,6,1,21,5,-1,-1,-1,-1,5,E01013606,0,-1
2020430261835,2020,430261835,2,5,0,18,19,3,7,0,0,8,0,0,0,0,4,1,6,6,1,40,7,-1,-1,-1,-1,7,E01016383,0,-1
2020160946275,2020,160946275,2,90,0,17,19,3,7,0,0,-1,0,0,0,0,1,1,6,6,3,-1,-1,-1,-1,-1,-1,-1,-1,0,-1
2020010243173,2020,010243173,2,19,9,99,99,9,9,99,99,0,9,99,9,99,9,1,6,6,3,-1,-1,-1,-1,-1,-1,-1,-1,0,-1
2020052001816,2020,052001816,1,9,0,18,19,1,5,0,0,8,0,0,0,0,3,1,6,6,1,76,11,-1,-1,-1,-1,1,E01007131,0,-1
2020440450131,2020,440450131,2,9,0,18,19,6,2,0,0,8,0,0,7,1,1,1,6,6,1,18,4,-1,-1,-1,-1,4,E01022711,0,-1
2020360953761,2020,360953761,2,11,0,-1,-1,-1,-1,-1,-1,0,-1,-1,-1,0,3,1,1,1,1,43,7,-1,-1,-1,-1,1,E01026690,0,-1
2020010250335,2020,010250335,1,1,0,4,4,1,5,0,0,9,0,0,0,0,2,-1,6,6,1,35,6,-1,-1,-1,-1,3,E01001318,0,-1
2020500921766,2020,500921766,3,1,0,18,19,2,6,0,0,0,0,0,1,9,1,1,6,6,1,66,10,-1,-1,-1,-1,8,E01019890,0,-1
2020010260182,2020,010260182,2,3,0,18,19,5,1,0,0,8,0,0,0,0,1,1,6,6,1,24,5,-1,-1,-1,-1,3,E01002235,0,-1
2020332000400,2020,332000400,2,19,0,5,5,6,8,0,0,4,0,0,0,0,0,1,1,1,1,51,8,-1,-1,-1,-1,5,E01013764,0,-1
2020010269957,2020,010269957,2,9,0,99,99,9,9,99,99,9,9,99,9,99,1,9,6,6,3,25,5,-1,-1,-1,-1,8,E01002658,0,-1
202060Y115564,2020,60Y115564,1,5,0,16,19,1,4,0,0,1,0,0,7,0,3,1,6,6,1,70,10,-1,-1,-1,-1,-1,-1,0,-1
2020460985728,2020,460985728,2,1,0,18,19,5,1,9,9,0,0,0,1,0,3,1,2,2,1,-1,-1,-1,-1,-1,-1,2,E01024633,0,-1
2020010277915,2020,010277915,2,1,0,5,5,3,7,0,0,4,0,0,0,0,4,1,6,6,1,47,8,-1,-1,-1,-1,8,E01001585,0,-1
202031D153420,2020,31D153420,2,1,0,18,19,6,2,0,0,8,0,0,0,0,1,1,6,6,2,37,7,-1,-1,-1,-1,9,E01028196,0,-1
2020450982458,2020,450982458,1,1,0,9,9,3,1,0,0,0,0,0,0,0,2,1,5,6,1,33,6,-1,-1,-1,-1,9,E01002967,0,-1
20201377E1507,2020,1377E1507,1,1,0,18,19,1,5,0,0,6,5,0,0,0,4,1,6,6,1,11,3,-1,-1,-1,-1,6,E01011480,0,-1
202006Q276240,2020,06Q276240,2,1,0,18,19,2,6,0,0,8,0,0,0,0,2,1,6,6,2,54,8,-1,-1,-1,-1,2,E01005447,0,-1
2020160954049,2020,160954049,2,1,0,18,19,7,3,0,0,2,0,0,0,0,1,1,6,6,1,23,5,-1,-1,-1,-1,4,E01012870,0,-1
2020332001240,2020,332001240,1,9,0,18,19,3,7,0,0,0,0,0,0,0,0,1,6,6,1,56,9,-1,-1,-1,-1,-1,-1,0,-1
2020170H10400,2020,170H10400,2,1,0,18,19,1,5,0,0,0,0,0,0,0,1,1,6,6,1,48,8,-1,-1,-1,-1,2,E01011954,0,-1
2020170S21170,2020,170S21170,1,9,0,18,19,7,3,0,0,0,0,0,0,0,1,1,6,6,3,-1,-1,-1,-1,-1,-1,-1,-1,0,-1
2020420958669,2020,420958669,2,1,0,18,19,1,5,4,4,2,0,0,0,0,2,1,6,6,1,34,6,-1,-1,-1,-1,5,E01021838,0,-1
2020010262003,2020,010262003,1,9,0,18,19,5,1,0,0,1,0,0,0,0,2,1,6,6,1,-1,-1,-1,-1,-1,-1,-1,-1,0,-1
2020010277039,2020,010277039,1,1,0,14,14,5,1,0,0,1,0,0,0,0,1,1,6,6,1,40,7,-1,-1,-1,-1,2,E01000950,0,-1
2020460992387,2020,460992387,1,19,0,9,9,4,2,0,0,0,0,0,0,0,3,1,1,1,1,60,9,-1,-1,-1,-1,4,E01024669,0,-1
2020440140939,2020,440140939,1,9,0,13,13,1,5,0,0,1,0,0,0,0,4,1,6,6,1,-1,-1,-1,-1,-1,-1,-1,-1,0,-1
2020350981966,2020,350981966,2,8,-1,7,7,3,5,0,0,6,0,0,0,0,3,1,1,1,1,30,6,-1,-1,-1,-1,-1,-1,0,-1
2020052002301,2020,052002301,2,1,0,18,19,1,5,0,0,8,0,0,0,0,4,1,1,1,1,26,6,-1,-1,-1,-1,5,E01033755,0,-1
2020010269965,2020,010269965,2,9,0,99,99,9,9,99,99,9,9,99,9,99,9,9,6,6,3,-1,-1,-1,-1,-1,-1,-1,-1,0,-1
2020470954609,2020,470954609,2,9,0,4,4,1,5,0,0,4,0,0,0,0,-1,1,6,6,3,-1,-1,-1,-1,-1,-1,-1,-1,0,-1
2020520002761,2020,520002761,2,9,0,13,13,6,2,0,0,0,0,0,0,0,4,1,6,6,2,30,6,-1,-1,-1,-1,-1,-1,0,-1
202060Y031450,2020,60Y031450,1,9,0,9,9,6,4,0,0,6,0,0,0,0,1,1,6,6,2,19,4,-1,-1,-1,-1,-1,-1,0,-1
2020420934605,2020,420934605,1,19,0,16,19,2,6,0,0,0,0,0,0,0,0,1,6,6,3,-1,-1,-1,-1,-1,-1,-1,-1,0,-1
2020010258379,2020,010258379,1,19,0,5,5,7,3,0,0,0,0,0,0,0,1,1,6,6,3,-1,-1,-1,-1,-1,-1,-1,-1,0,-1
2020320622156,2020,320622156,2,1,0,7,7,6,8,0,0,2,0,0,0,0,1,1,1,1,1,18,4,-1,-1,-1,-1,-1,-1,0,-1
2020010275335,2020,010275335,1,9,0,18,19,3,7,0,0,8,0,0,0,0,1,1,6,6,3,-1,-1,-1,-1,-1,-1,-1,-1,0,-1
2020400949596,2020,400949596,1,11,0,18,19,1,5,0,0,0,0,0,0,0,1,1,1,1,1,46,8,-1,-1,-1,-1,10,E01017483,0,-1
2020460984082,2020,460984082,3,9,0,2,2,0,0,0,0,1,0,0,0,0,3,1,6,6,3,-1,-1,-1,-1,-1,-1,-1,-1,0,-1
2020140920296,2020,140920296,2,1,0,18,19,7,3,0,0,8,0,0,0,0,1,1,6,6,1,31,6,-1,-1,-1,-1,1,E01007643,0,-1
202063A029420,2020,63A029420,1,1,0,12,12,2,6,0,0,0,0,12,0,0,1,1,6,6,1,62,9,-1,-1,-1,-1,6,W01000687,0,-1
2020460940249,2020,460940249,1,9,0,18,19,1,5,0,0,1,0,0,1,0,1,1,6,6,1,-1,-1,-1,-1,-1,-1,9,E01024821,0,-1
2020140933837,2020,140933837,1,98,0,7,7,1,3,0,0,5,0,0,0,0,3,1,5,6,1,43,7,-1,-1,-1,-1,5,E01011860,0,-1
2020010249509,2020,010249509,1,1,9,99,99,9,9,99,99,9,9,99,9,99,1,-1,6,6,1,50,8,-1,-1,-1,-1,3,E01002839,0,-1
2020470985852,2020,470985852,4,9,0,2,2,0,0,0,0,1,0,0,0,0,4,1,6,6,3,-1,-1,-1,-1,-1,-1,-1,-1,0,-1
2020522005066,2020,522005066,2,5,0,13,13,4,8,0,0,0,0,0,0,0,1,1,6,6,1,29,6,-1,-1,-1,-1,3,E01014650,0,-1
2020991002859,2020,991002859,2,1,0,18,19,2,6,0,0,8,0,0,0,0,1,1,6,6,2,25,5,-1,-1,-1,-1,8,-1,0,-1
202054A938820,2020,54A938820,1,9,0,18,19,5,1,0,0,1,0,0,0,0,1,1,6,6,1,49,8,-1,-1,-1,-1,5,E01031901,0,-1
2020500962936,2020,500962936,2,1,0,18,19,7,3,0,0,0,5,0,0,0,3,1,5,6,2,47,8,-1,-1,-1,-1,10,E01020242,0,-1
2020160999091,2020,160999091,2,1,0,14,14,7,3,0,0,0,0,0,0,0,1,1,6,6,1,60,9,-1,-1,-1,-1,9,E01026401,0,-1
2020010267800,2020,010267800,2,1,0,18,19,1,5,5,5,0,0,0,0,0,0,1,2,2,1,40,7,-1,-1,-1,-1,5,E01002489,0,-1
2020010262813,2020,010262813,2,1,0,18,19,5,1,0,0,1,0,8,0,0,4,1,2,2,1,31,6,-1,-1,-1,-1,1,E01001052,0,-1
2020547218220,2020,547218220,1,9,0,9,9,2,6,0,0,8,0,0,1,0,1,1,6,6,2,21,5,-1,-1,-1,-1,9,E01028425,0,-1
2020470981371,2020,470981371,1,1,0,18,19,3,7,0,0,0,0,4,0,0,1,1,1,1,1,27,6,-1,-1,-1,-1,2,E01020923,0,-1
202006Q273579,2020,06Q273579,2,19,0,18,19,6,2,0,0,1,0,0,0,0,1,1,6,6,3,-1,-1,-1,-1,-1,-1,-1,-1,0,-1
2020420925856,2020,420925856,1,9,0,18,19,3,7,0,0,0,2,0,7,10,1,1,6,6,1,89,11,-1,-1,-1,-1,2,E01000056,0,-1
2020332000988,2020,332000988,1,19,0,7,7,3,5,0,0,3,0,0,0,0,1,1,2,2,1,46,8,-1,-1,-1,-1,7,E01025784,0,-1
2020320207819,2020,320207819,1,1,0,18,19,6,1,0,0,0,0,0,0,0,1,1,6,6,2,50,8,-1,-1,-1,-1,8,E01026258,0,-1
2020201017717,2020,201017717,2,1,0,17,19,2,8,0,0,8,0,0,0,0,4,1,1,1,1,36,7,-1,-1,-1,-1,3,E01009302,0,-1
2020410946467,2020,410946467,3,9,0,2,2,0,0,0,0,0,0,0,0,0,4,1,6,6,3,-1,-1,-1,-1,-1,-1,-1,-1,0,-1
20201371E1419,2020,1371E1419,1,9,0,18,19,6,2,0,0,8,0,0,0,0,1,1,6,6,3,-1,-1,-1,-1,-1,-1,-1,-1,0,-1
2020430062992,2020,430062992,2,3,0,17,19,2,7,0,0,0,0,0,0,0,1,1,6,6,1,30,6,-1,-1,-1,-1,9,E01028652,0,-1
202063B010820,2020,63B010820,2,1,0,4,4,6,2,0,0,0,0,0,0,0,4,1,6,6,2,43,7,-1,-1,-1,-1,6,W01000543,0,-1
2020200935812,2020,200935812,2,19,0,2,2,0,0,0,0,2,0,0,0,0,0,1,6,6,3,-1,-1,-1,-1,-1,-1,-1,-1,0,-1
2020010267463,2020,010267463,2,1,0,18,19,5,1,9,9,0,0,0,0,0,0,1,6,6,1,13,3,-1,-1,-1,-1,9,E01000897,0,-1
2020010239822,2020,010239822,2,1,0,18,19,5,1,0,0,1,0,0,0,0,1,1,2,2,1,49,8,-1,-1,-1,-1,4,E01003259,0,-1
2020302001620,2020,302001620,1,9,0,5,5,4,8,9,9,0,0,0,0,0,1,1,6,6,3,-1,-1,-1,-1,-1,-1,5,E01019456,0,-1
2020450960600,2020,450960600,1,9,0,18,19,3,7,0,0,0,0,0,0,0,0,1,6,6,1,55,8,-1,-1,-1,-1,-1,-1,0,-1
2020030964790,2020,030964790,2,1,0,18,19,1,5,0,0,0,0,0,0,0,1,1,6,6,1,16,4,-1,-1,-1,-1,3,E01019215,0,-1
2020010265350,2020,010265350,1,9,0,18,19,3,7,0,0,1,0,0,0,0,4,1,6,6,2,35,6,-1,-1,-1,-1,3,E01000741,0,-1
2020010262547,2020,010262547,2,1,9,99,99,9,9,99,99,9,9,99,9,99,9,1,6,6,3,-1,-1,-1,-1,-1,-1,-1,-1,0,-1
2020230964334,2020,230964334,1,9,0,16,19,5,8,0,0,3,0,0,0,0,1,1,5,6,3,35,6,-1,-1,-1,-1,-1,-1,0,-1
2020010267851,2020,010267851,1,1,0,99,99,9,9,4,4,0,0,0,0,0,3,1,6,6,1,27,6,-1,-1,-1,-1,3,E01004590,0,-1
2020420959347,2020,420959347,2,9,0,18,19,2,6,0,0,0,0,0,7,0,3,1,1,1,1,43,7,-1,-1,-1,-1,9,E01022060,0,-1
2020460983413,2020,460983413,2,22,0,18,19,-1,-1,0,0,1,0,0,0,0,3,1,6,6,1,-1,-1,-1,-1,-1,-1,-1,-1,0,-1
2020450959422,2020,450959422,1,10,0,4,4,1,5,0,0,1,0,0,0,0,1,1,1,1,2,21,5,-1,-1,-1,-1,5,E01032726,0,-1
2020332000859,2020,332000859,1,9,0,7,7,4,6,0,0,5,0,0,1,0,2,1,2,2,2,50,8,-1,-1,-1,-1,10,E01025616,0,-1
2020010278673,2020,010278673,2,1,0,18,19,1,5,0,0,8,0,0,0,0,1,1,6,6,1,42,7,-1,-1,-1,-1,3,E01023842,0,-1
2020010246937,2020,010246937,1,9,0,7,7,7,1,0,0,5,0,0,0,0,1,1,6,6,3,-1,-1,-1,-1,-1,-1,-1,-1,0,-1
2020440419910,2020,440419910,1,9,0,18,19,2,6,0,0,0,0,0,0,0,4,1,6,6,3,-1,-1,-1,-1,-1,-1,-1,-1,0,-1
2020010264092,2020,010264092,1,-1,0,18,19,7,3,9,9,1,0,0,0,0,3,1,6,6,1,26,6,-1,-1,-1,-1,1,E01004428,1,-1
2020040956535,2020,040956535,2,1,0,18,19,1,5,0,0,1,0,0,0,0,4,1,6,6,1,60,9,-1,-1,-1,-1,10,E01024977,0,-1
2020010262101,2020,010262101,2,1,0,18,19,1,5,0,0,8,9,0,0,0,0,1,6,6,1,19,4,-1,-1,-1,-1,3,E01001794,0,-1
2020990941947,2020,990941947,1,4,0,18,19,8,5,9,9,0,2,0,1,0,1,1,6,6,1,20,4,-1,-1,-1,-1,-1,-1,0,-1
2020430043292,2020,430043292,1,1,0,18,19,3,7,0,0,8,0,0,0,0,1,1,2,2,1,34,6,-1,-1,-1,-1,5,E01016479,0,-1
2020430208583,2020,430208583,2,9,0,3,3,8,4,0,0,0,0,0,0,0,2,1,6,6,1,72,10,-1,-1,-1,-1,9,E01016828,0,-1
202060Y024928,2020,60Y024928,1,19,0,9,9,6,4,0,0,5,0,0,0,0,1,1,6,6,1,36,7,-1,-1,-1,-1,-1,-1,0,-1
2020160952440,2020,160952440,2,1,0,18,19,3,7,0,0,1,1,0,0,0,1,1,5,6,1,16,4,-1,-1,-1,-1,9,E01013172,0,-1
2020010273468,2020,010273468,2,1,0,18,19,7,3,0,0,1,0,0,0,0,1,1,2,2,1,51,8,-1,-1,-1,-1,7,E01002888,0,-1
2020410951448,2020,410951448,2,1,0,5,5,2,6,0,0,3,0,0,0,0,1,1,5,6,1,77,11,-1,-1,-1,-1,10,E01023745,0,-1
2020010229694,2020,010229694,1,9,0,15,15,1,5,0,0,1,5,0,0,0,1,2,6,6,3,-1,-1,-1,-1,-1,-1,-1,-1,0,-1
2020320589714,2020,320589714,1,19,0,18,19,1,5,0,0,2,0,0,3,0,4,1,6,6,1,46,8,-1,-1,-1,-1,-1,-1,0,-1
2020470915493,2020,470915493,6,19,0,2,2,0,0,0,0,0,0,0,0,0,3,1,6,6,3,-1,-1,-1,-1,-1,-1,-1,-1,0,-1
2020450990889,2020,450990889,1,1,0,18,19,5,1,0,0,1,5,0,0,0,1,1,5,6,1,46,8,-1,-1,-1,-1,9,E01022496,0,-1
2020350931842,2020,350931842,2,9,0,4,4,1,5,0,0,1,0,0,1,0,1,1,6,6,2,51,8,-1,-1,-1,-1,6,E01018264,0,-1
2020010255030,2020,010255030,1,1,9,99,99,9,9,99,99,0,9,99,9,99,9,1,6,6,1,52,8,-1,-1,-1,-1,6,E01004059,0,-1
2020451006848,2020,451006848,2,19,0,18,19,1,1,0,0,0,0,0,0,0,3,1,6,6,1,50,8,-1,-1,-1,-1,-1,-1,0,-1
2020200994579,2020,200994579,1,9,0,18,19,-1,-1,0,0,0,0,0,0,0,1,1,6,6,3,-1,-1,-1,-1,-1,-1,-1,-1,0,-1
2020460920900,2020,460920900,3,20,1,17,19,1,5,0,0,0,0,0,0,0,0,2,5,6,1,29,6,-1,-1,-1,-1,-1,-1,0,-1
2020522003703,2020,522003703,2,21,0,18,19,7,4,0,0,0,0,0,0,0,2,1,6,6,1,40,7,-1,-1,-1,-1,7,E01016370,0,-1
2020040990368,2020,040990368,2,1,0,18,19,7,3,0,0,0,5,0,0,0,3,1,4,7,1,9,2,-1,-1,-1,-1,4,E01025113,0,-1
2020546795120,2020,546795120,1,1,0,7,7,1,3,0,0,5,5,0,0,0,0,1,6,6,1,74,10,-1,-1,-1,-1,7,E01031942,0,-1
2020010252909,2020,010252909,1,1,9,99,99,9,9,99,99,0,9,99,9,99,1,1,2,2,1,42,7,-1,-1,-1,-1,4,E01001376,0,-1
2020160986660,2020,160986660,1,9,0,18,19,7,3,0,0,1,0,0,0,0,1,1,6,6,3,-1,-1,-1,-1,-1,-1,-1,-1,0,-1
2020161002004,2020,161002004,1,1,0,18,19,3,7,0,0,3,0,0,0,0,1,1,6,6,1,20,4,-1,-1,-1,-1,7,E01033106,0,-1
2020332000738,2020,332000738,2,9,0,3,3,2,6,0,0,0,0,0,0,0,2,1,6,6,1,47,8,-1,-1,-1,-1,8,E01025958,0,-1
2020430146963,2020,430146963,2,1,0,18,19,5,1,0,0,8,0,0,0,0,4,1,6,6,1,60,9,-1,-1,-1,-1,10,E01016654,0,-1
2020360946587,2020,360946587,2,1,0,18,19,4,7,0,0,1,0,0,0,0,1,1,6,6,1,26,6,-1,-1,-1,-1,-1,-1,0,-1
2020542431520,2020,542431520,1,9,0,18,19,2,6,0,0,2,0,0,0,0,1,1,6,6,3,-1,-1,-1,-1,-1,-1,-1,-1,0,-1
2020100998930,2020,100998930,2,1,0,18,19,7,3,4,4,0,0,0,0,0,1,1,2,2,1,32,6,-1,-1,-1,-1,10,E01008475,0,-1
2020010274608,2020,010274608,1,11,0,18,19,1,5,0,0,1,0,0,0,0,4,1,1,1,1,51,8,-1,-1,-1,-1,3,E01001154,0,-1
2020461012378,2020,461012378,3,21,4,18,19,1,5,0,0,0,0,0,0,0,1,1,5,6,1,56,9,-1,-1,-1,-1,-1,-1,0,-1
2020470929931,2020,470929931,5,19,5,7,7,6,1,0,0,5,0,0,0,0,0,1,6,6,3,-1,-1,-1,-1,-1,-1,-1,-1,0,-1
2020440140583,2020,440140583,2,1,0,18,19,4,8,0,0,0,0,0,0,0,2,1,6,6,2,60,9,-1,-1,-1,-1,9,E01023152,0,-1
2020201019984,2020,201019984,1,9,0,9,9,6,4,0,0,5,0,0,0,0,4,1,6,6,1,-1,-1,-1,-1,-1,-1,-1,-1,0,-1
2020460943347,2020,460943347,1,9,0,12,12,5,1,0,0,0,1,0,7,10,1,1,5,6,1,27,6,-1,-1,-1,-1,7,E01024037,0,-1
2020332000787,2020,332000787,2,9,0,2,2,0,0,6,6,0,0,0,0,0,4,1,6,6,1,18,4,-1,-1,-1,-1,9,E01025809,0,-1
2020440354457,2020,440354457,2,1,0,18,19,5,1,4,4,1,0,0,0,0,1,1,6,6,2,22,5,-1,-1,-1,-1,4,E01017160,0,-1
2020990977929,2020,990977929,2,9,0,2,2,0,0,0,0,0,0,4,0,0,2,1,6,6,3,-1,-1,-1,-1,-1,-1,-1,-1,0,-1
2020410989538,2020,410989538,1,9,0,18,19,5,1,0,0,8,0,0,0,0,4,1,6,6,2,22,5,-1,-1,-1,-1,1,E01023536,0,-1
2020010269908,2020,010269908,2,9,0,99,99,9,9,99,99,9,9,99,9,0,9,9,6,6,3,-1,-1,-1,-1,-1,-1,-1,-1,0,-1
2020500973610,2020,500973610,2,1,0,18,19,8,4,0,0,1,1,0,0,0,0,1,6,6,2,49,8,-1,-1,-1,-1,4,E01019919,0,-1
2020332001152,2020,332001152,2,97,0,18,19,3,7,0,0,0,0,0,0,0,0,1,6,6,1,18,4,-1,-1,-1,-1,-1,-1,0,-1
2020500955448,2020,500955448,1,1,0,18,19,1,5,0,0,0,1,0,0,0,1,1,5,6,1,36,7,-1,-1,-1,-1,5,E01018900,0,-1
2020070758029,2020,070758029,1,9,0,4,4,2,6,0,0,8,0,0,0,0,0,1,6,6,3,-1,-1,-1,-1,-1,-1,-1,-1,0,-1
2020100948232,2020,100948232,1,97,0,9,9,2,7,0,0,2,5,0,0,0,1,1,6,6,1,40,7,-1,-1,-1,-1,-1,-1,0,-1
2020430182299,2020,430182299,1,1,0,14,14,8,4,0,0,0,0,0,0,0,4,1,6,6,1,36,7,-1,-1,-1,-1,8,E01016595,0,-1
2020010250527,2020,010250527,2,1,9,99,99,9,9,99,99,9,9,99,9,99,0,1,6,6,1,49,8,-1,-1,-1,-1,2,E01032722,0,-1
2020440448792,2020,440448792,1,1,0,18,19,8,4,0,0,1,0,0,0,0,0,1,2,2,1,27,6,-1,-1,-1,-1,4,E01017122,0,-1
2020220945246,2020,220945246,2,1,0,9,9,3,1,0,0,8,0,0,0,0,4,1,5,6,1,53,8,-1,-1,-1,-1,9,E01014170,0,-1
2020140914893,2020,140914893,2,22,0,18,19,8,4,0,0,8,5,0,0,0,2,1,5,6,1,62,9,-1,-1,-1,-1,2,E01007497,0,-1
2020010253324,2020,010253324,1,1,9,99,99,9,9,99,99,9,9,99,9,99,9,1,6,6,1,66,10,-1,-1,-1,-1,2,E01002078,0,-1
2020501000849,2020,501000849,1,1,0,18,19,1,5,0,0,0,1,0,0,0,1,1,2,2,1,20,4,-1,-1,-1,-1,7,E01015253,0,-1
2020122000138,2020,122000138,1,9,0,18,19,7,3,0,0,1,1,0,0,0,1,1,6,6,2,29,6,-1,-1,-1,-1,10,E01017380,0,-1
2020040963329,2020,040963329,1,1,0,18,19,1,5,0,0,2,0,0,0,0,1,1,6,6,3,-1,-1,-1,-1,-1,-1,-1,-1,0,-1
2020160946360,2020,160946360,2,1,0,18,19,8,4,0,0,8,0,0,0,0,3,1,6,6,1,14,3,-1,-1,-1,-1,2,E01013143,0,-1
2020010250077,2020,010250077,2,1,0,18,19,3,7,4,4,8,0,0,0,0,1,-1,6,6,2,23,5,-1,-1,-1,-1,4,E01000498,0,-1
2020332001190,2020,332001190,1,9,0,18,19,8,4,0,0,2,0,0,0,0,0,1,1,1,2,-1,-1,-1,-1,-1,-1,-1,-1,0,-1
2020010286408,2020,010286408,2,1,0,18,19,1,5,0,0,1,0,0,0,0,1,1,6,6,1,29,6,-1,-1,-1,-1,4,E01024162,0,-1
2020991003172,2020,991003172,2,9,0,2,2,0,0,0,0,0,0,0,7,11,1,1,6,6,3,-1,-1,-1,-1,-1,-1,-1,-1,0,-1
2020461001764,2020,461001764,1,19,0,11,11,8,4,0,0,0,0,0,0,0,4,1,6,6,3,-1,-1,-1,-1,-1,-1,-1,-1,0,-1
2020440077455,2020,440077455,2,9,0,16,19,2,6,0,0,8,0,0,0,0,1,1,6,6,2,68,10,-1,-1,-1,-1,10,E01022530,0,-1
2020430083857,2020,430083857,2,9,0,18,19,8,4,0,0,0,0,0,0,0,1,1,6,6,3,-1,-1,-1,-1,-1,-1,-1,-1,0,-1
2020122000931,2020,122000931,2,1,0,5,5,7,1,0,0,6,0,0,0,0,1,1,6,6,2,18,4,-1,-1,-1,-1,10,E01013378,0,-1
2020460948516,2020,460948516,1,9,0,18,19,1,5,0,0,0,0,0,0,0,1,1,6,6,1,-1,-1,-1,-1,-1,-1,-1,-1,0,-1
2020545211820,2020,545211820,1,9,0,18,19,1,5,0,0,0,0,0,0,0,4,1,6,6,3,50,8,-1,-1,-1,-1,-1,-1,0,-1
2020430290441,2020,430290441,2,9,0,18,19,2,6,0,0,6,0,0,0,0,1,1,6,6,2,-1,-1,-1,-1,-1,-1,-1,-1,0,-1
2020010258247,2020,010258247,2,1,0,15,15,1,5,0,0,1,0,8,0,0,1,1,2,2,1,29,6,-1,-1,-1,-1,4,E01003389,0,-1
2020500946362,2020,500946362,1,9,0,18,19,7,3,0,0,0,0,0,1,0,4,1,1,1,1,23,5,-1,-1,-1,-1,5,E01020137,0,-1
2020440229760,2020,440229760,2,9,0,5,5,1,6,0,0,8,0,0,0,0,1,1,6,6,3,-1,-1,-1,-1,-1,-1,-1,-1,0,-1
2020010232053,2020,010232053,1,9,0,9,9,5,3,0,0,8,0,11,9,10,4,9,-1,-1,3,-1,-1,-1,-1,-1,-1,-1,-1,0,-1
2020010259033,2020,010259033,2,1,0,18,19,1,5,0,0,8,0,0,1,0,4,1,6,6,1,37,7,-1,-1,-1,-1,9,E01003883,0,-1
2020420956386,2020,420956386,1,90,0,17,19,3,7,0,0,0,0,0,0,0,3,1,6,6,3,-1,-1,-1,-1,-1,-1,-1,-1,0,-1
2020010263002,2020,010263002,1,1,9,99,99,9,9,99,99,0,9,99,9,99,1,1,6,6,1,22,5,-1,-1,-1,-1,3,E01003104,0,-1
202006E273752,2020,06E273752,2,8,0,9,9,2,7,0,0,5,0,0,0,0,4,1,6,6,3,-1,-1,-1,-1,-1,-1,-1,-1,0,-1
2020420937106,2020,420937106,1,9,0,4,4,5,1,0,0,0,0,0,0,0,1,1,2,2,1,40,7,-1,-1,-1,-1,5,E01021357,0,-1
20201376G1230,2020,1376G1230,2,1,0,2,2,5,1,0,0,0,0,0,0,0,4,1,6,6,2,6,2,-1,-1,-1,-1,1,E01011863,0,-1
2020360974433,2020,360974433,1,9,0,5,5,6,2,0,0,8,0,0,0,0,1,1,6,6,3,-1,-1,-1,-1,-1,-1,-1,-1,0,-1
2020010238236,2020,010238236,1,1,9,7,7,7,1,0,0,8,5,0,9,99,4,1,2,2,2,26,6,-1,-1,-1,-1,2,E01001202,0,-1
2020460994194,2020,460994194,2,1,0,18,19,5,1,0,0,1,5,0,0,0,1,1,5,6,1,39,7,-1,-1,-1,-1,1,E01016063,0,-1
2020010263102,2020,010263102,1,9,0,7,7,5,7,0,0,1,0,0,0,0,4,1,2,2,2,34,6,-1,-1,-1,-1,7,E01004500,0,-1
2020100945512,2020,100945512,2,1,0,18,19,3,6,4,4,0,0,0,0,0,1,1,6,6,1,27,6,-1,-1,-1,-1,5,E01008359,0,-1
2020010277789,2020,010277789,1,1,0,18,19,1,5,0,0,1,0,0,1,10,0,1,1,1,1,17,4,-1,-1,-1,-1,2,E01003578,0,-1