collision_index,collision_year,collision_ref_no,vehicle_reference,vehicle_type,towing_and_articulation,vehicle_manoeuvre_historic,vehicle_manoeuvre,vehicle_direction_from,vehicle_direction_to,vehicle_location_restricted_lane_historic,vehicle_location_restricted_lane,junction_location,skidding_and_overturning,hit_object_in_carriageway,vehicle_leaving_carriageway,hit_object_off_carriageway,first_point_of_impact,vehicle_left_hand_drive,journey_purpose_of_driver_historic,journey_purpose_of_driver,sex_of_driver,age_of_driver,age_band_of_driver,engine_capacity_cc,propulsion_code,age_of_vehicle,generic_make_model,driver_imd_decile,lsoa_of_driver,escooter_flag,driver_distance_banding
2020122001002,2020,122001002,1,1,0,9,9,3,7,0,0,8,0,0,0,0,1,1,6,6,1,48,8,-1,-1,-1,-1,1,E01007370,0,-1
2020320394993,2020,320394993,2,9,0,18,19,5,1,0,0,0,0,0,0,0,0,1,6,6,3,-1,-1,-1,-1,-1,-1,10,E01026395,0,-1
2020040992922,2020,040992922,1,1,0,18,19,1,5,0,0,1,0,0,0,0,1,1,5,6,1,56,9,-1,-1,-1,-1,10,E01025403,0,-1
2020100950987,2020,100950987,1,9,0,18,19,1,5,0,0,4,0,0,0,0,1,1,1,1,1,50,8,-1,-1,-1,-1,2,E01008719,0,-1
2020522001735,2020,522001735,1,9,0,18,19,1,5,0,0,8,0,0,0,0,1,1,6,6,1,29,6,-1,-1,-1,-1,6,E01014923,0,-1
2020990982496,2020,990982496,1,1,0,18,19,5,1,0,0,0,5,10,0,0,3,1,6,6,2,52,8,-1,-1,-1,-1,8,-1,0,-1
2020332000646,2020,332000646,1,9,0,18,19,6,2,0,0,8,0,0,0,0,3,1,6,6,1,44,7,-1,-1,-1,-1,2,E01013646,0,-1
2020010232069,2020,010232069,2,1,0,18,19,8,4,0,0,1,0,0,0,0,3,-1,2,2,1,74,10,-1,-1,-1,-1,9,E01030391,0,-1
2020010268672,2020,010268672,2,9,0,99,99,9,9,99,99,9,9,99,9,99,9,9,6,6,3,-1,-1,-1,-1,-1,-1,-1,-1,0,-1
2020010281327,2020,010281327,1,1,9,99,99,9,9,99,99,0,9,99,9,99,0,1,6,6,1,56,9,-1,-1,-1,-1,2,E01004405,0,-1
2020010247359,2020,010247359,2,1,9,99,99,9,9,99,99,9,9,99,9,99,9,1,6,6,2,46,8,-1,-1,-1,-1,-1,-1,0,-1
2020530960200,2020,530960200,2,1,0,18,19,5,1,0,0,0,0,0,0,0,0,1,5,6,1,40,7,-1,-1,-1,-1,4,E01022309,0,-1
2020140982668,2020,140982668,1,9,0,18,19,6,1,0,0,0,0,0,0,0,1,1,6,6,3,-1,-1,-1,-1,-1,-1,-1,-1,0,-1
2020461005404,2020,461005404,2,9,0,18,19,7,3,0,0,8,0,0,1,0,3,1,5,6,1,41,7,-1,-1,-1,-1,-1,-1,0,-1
2020430033804,2020,430033804,2,9,0,18,19,5,1,0,0,8,0,0,0,0,2,1,1,1,1,34,6,-1,-1,-1,-1,3,-1,0,-1
202006Q272656,2020,06Q272656,2,1,0,18,19,5,1,0,0,8,0,0,0,0,1,1,6,6,1,14,3,-1,-1,-1,-1,9,E01005418,0,-1
2020370980454,2020,370980454,2,1,0,18,19,4,7,0,0,1,0,0,0,0,1,1,6,6,2,34,6,-1,-1,-1,-1,10,E01033444,0,-1
2020990976887,2020,990976887,2,1,0,9,9,3,8,0,0,1,5,0,1,0,2,1,5,6,1,39,7,-1,-1,-1,-1,8,-1,0,-1
2020320121466,2020,320121466,1,9,0,18,19,5,1,0,0,1,0,0,0,0,1,1,6,6,1,68,10,-1,-1,-1,-1,9,E01026335,0,-1
2020052001253,2020,052001253,1,1,0,18,19,7,3,0,0,1,0,0,0,0,4,1,6,6,1,72,10,-1,-1,-1,-1,5,E01006640,0,-1
2020040978774,2020,040978774,4,98,0,18,19,3,7,0,0,0,0,0,0,0,1,1,5,6,1,69,10,-1,-1,-1,-1,8,E01025012,0,-1
2020010247513,2020,010247513,1,9,0,99,99,9,9,99,99,9,9,99,9,99,9,9,6,6,3,30,6,-1,-1,-1,-1,-1,-1,0,-1
202031A135120,2020,31A135120,2,1,0,18,19,1,5,0,0,8,0,0,0,0,2,1,6,6,1,45,7,-1,-1,-1,-1,6,E01027925,0,-1
2020470931864,2020,470931864,2,22,0,18,19,5,1,0,0,2,0,0,0,0,2,1,5,6,1,70,10,-1,-1,-1,-1,5,E01031512,0,-1
2020320136411,2020,320136411,1,9,0,9,9,5,3,0,0,5,0,0,8,1,1,1,6,6,1,30,6,-1,-1,-1,-1,6,E01026058,0,-1
2020430201071,2020,430201071,1,9,0,18,19,6,2,0,0,0,0,0,1,4,1,1,6,6,1,31,6,-1,-1,-1,-1,9,E01016543,0,-1
2020410999546,2020,410999546,1,98,0,18,19,6,2,0,0,0,0,0,0,0,1,1,5,6,1,83,11,-1,-1,-1,-1,7,E01023679,0,-1
2020200980717,2020,200980717,2,1,0,18,19,3,7,0,0,8,0,0,0,0,4,1,6,6,1,64,9,-1,-1,-1,-1,1,E01009114,0,-1
2020052002220,2020,052002220,2,1,0,4,4,7,3,0,0,1,0,0,0,0,1,1,6,6,1,18,4,-1,-1,-1,-1,1,E01006610,0,-1
202006E470944,2020,06E470944,2,9,0,18,19,1,5,0,0,8,0,0,0,0,1,1,6,6,1,39,7,-1,-1,-1,-1,1,E01005292,0,-1
202006Q270677,2020,06Q270677,1,9,0,18,19,6,2,0,0,0,0,0,0,0,1,1,6,6,3,-1,-1,-1,-1,-1,-1,-1,-1,0,-1
2020010246178,2020,010246178,2,1,0,18,19,3,7,0,0,1,0,0,0,0,2,1,6,6,1,54,8,-1,-1,-1,-1,9,E01003864,0,-1
20201371G0362,2020,1371G0362,1,1,0,18,19,7,3,0,0,8,0,0,0,0,1,1,6,6,1,48,8,-1,-1,-1,-1,6,E01010578,0,-1
2020500944374,2020,500944374,1,21,0,18,19,5,1,0,0,0,0,0,0,0,1,1,5,6,1,56,9,-1,-1,-1,-1,4,E01018894,0,-1
2020470994250,2020,470994250,1,2,0,16,19,5,7,0,0,0,1,4,0,0,1,1,6,6,1,19,4,-1,-1,-1,-1,-1,-1,0,-1
202006Q176092,2020,06Q176092,1,9,0,18,19,2,6,0,0,8,2,0,0,0,1,1,6,6,1,47,8,-1,-1,-1,-1,1,E01005253,0,-1
2020010273653,2020,010273653,2,1,9,99,99,9,9,99,99,9,9,99,9,99,1,1,6,6,3,-1,-1,-1,-1,-1,-1,-1,-1,0,-1
2020522002691,2020,522002691,1,1,0,18,19,3,7,0,0,8,0,0,0,0,1,1,6,6,1,19,4,-1,-1,-1,-1,5,E01014555,0,-1
2020420943145,2020,420943145,1,19,5,18,19,7,3,0,0,0,0,0,0,0,0,1,6,6,3,-1,-1,-1,-1,-1,-1,-1,-1,0,-1
2020460929348,2020,460929348,1,9,0,18,19,5,1,0,0,0,0,0,0,0,1,1,1,1,1,51,8,-1,-1,-1,-1,2,E01015921,0,-1
2020041011475,2020,041011475,2,1,0,9,9,1,1,0,0,1,0,0,7,0,1,1,6,6,1,30,6,-1,-1,-1,-1,3,E01012658,0,-1
2020010283629,2020,010283629,1,9,0,99,99,9,9,99,99,0,9,99,9,99,9,1,6,6,3,-1,-1,-1,-1,-1,-1,-1,-1,0,-1
2020140933820,2020,140933820,1,9,0,1,1,4,8,0,0,1,0,0,0,0,2,1,6,6,3,-1,-1,-1,-1,-1,-1,-1,-1,0,-1
2020350958602,2020,350958602,2,1,0,10,10,3,1,0,0,0,0,0,0,0,2,1,5,6,1,25,5,-1,-1,-1,-1,10,E01017406,0,-1
2020500949776,2020,500949776,2,16,0,3,3,5,1,0,0,0,0,0,0,0,0,1,5,6,2,37,7,-1,-1,-1,-1,4,E01018766,0,-1
2020100996337,2020,100996337,1,9,0,9,9,1,7,0,0,0,0,0,0,0,1,1,6,6,2,35,6,-1,-1,-1,-1,-1,-1,0,-1
2020410952841,2020,410952841,1,9,0,9,9,8,3,0,0,8,0,0,0,0,1,1,2,2,1,40,7,-1,-1,-1,-1,3,E01000195,0,-1
2020052002164,2020,052002164,1,23,0,18,19,2,6,0,0,0,0,0,0,0,1,1,6,6,2,47,8,-1,-1,-1,-1,1,E01006417,0,-1
2020440291883,2020,440291883,2,9,0,18,19,7,3,0,0,8,0,0,0,0,1,1,6,6,3,-1,-1,-1,-1,-1,-1,-1,-1,0,-1
202006E266844,2020,06E266844,1,9,0,1,1,8,4,0,0,1,0,0,0,0,2,1,6,6,3,-1,-1,-1,-1,-1,-1,-1,-1,0,-1
2020010234613,2020,010234613,2,1,0,18,19,1,5,0,0,1,0,0,0,0,1,1,2,2,1,26,6,-1,-1,-1,-1,2,E01003303,0,-1
2020990923497,2020,990923497,2,1,0,18,19,3,7,0,0,8,0,0,0,0,3,1,5,6,2,46,8,-1,-1,-1,-1,2,-1,0,-1
2020421007273,2020,421007273,2,1,0,3,3,6,2,0,0,0,0,0,0,0,3,1,6,6,1,68,10,-1,-1,-1,-1,7,E01021457,0,-1
2020010279806,2020,010279806,1,1,9,99,99,9,9,99,99,9,9,99,9,99,9,1,2,2,2,43,7,-1,-1,-1,-1,-1,-1,0,-1
202060Y133144,2020,60Y133144,1,9,0,9,9,1,8,0,0,8,0,0,0,0,3,1,6,6,1,71,10,-1,-1,-1,-1,-1,-1,0,-1
20201378A1750,2020,1378A1750,2,1,0,18,19,4,8,0,0,0,0,0,0,0,3,1,6,6,1,12,3,-1,-1,-1,-1,1,E01010944,0,-1
2020430195509,2020,430195509,1,9,0,9,9,2,7,0,0,5,0,0,0,0,1,1,6,6,1,27,6,-1,-1,-1,-1,5,E01016494,0,-1
2020522000318,2020,522000318,1,90,0,18,19,8,4,0,0,8,0,0,0,0,3,1,6,6,2,35,6,-1,-1,-1,-1,3,E01014644,0,-1
2020340D00012,2020,340D00012,2,9,0,18,19,4,2,0,0,0,0,0,0,0,0,1,6,6,3,-1,-1,-1,-1,-1,-1,-1,-1,0,-1
2020010276702,2020,010276702,1,90,0,99,99,9,9,99,99,0,9,99,9,99,9,9,6,6,1,28,6,-1,-1,-1,-1,5,E01000571,0,-1
2020460952356,2020,460952356,1,9,0,9,9,1,7,0,0,4,0,0,0,0,3,1,6,6,3,-1,-1,-1,-1,-1,-1,-1,-1,0,-1
2020201009518,2020,201009518,1,9,0,18,19,2,6,0,0,0,0,0,0,0,1,1,6,6,1,-1,-1,-1,-1,-1,-1,-1,-1,0,-1
2020520001769,2020,520001769,1,9,0,18,19,6,2,0,0,0,1,0,1,3,1,1,6,6,1,44,7,-1,-1,-1,-1,10,E01029083,0,-1
2020010251924,2020,010251924,2,1,0,18,19,1,5,0,0,0,0,0,0,0,0,1,6,6,1,50,8,-1,-1,-1,-1,8,E01001302,0,-1
2020622000647,2020,622000647,1,97,0,18,19,6,2,0,0,0,0,0,0,0,1,1,6,6,3,-1,-1,-1,-1,-1,-1,-1,-1,0,-1
2020440191582,2020,440191582,1,16,0,18,19,3,7,0,0,0,0,0,0,0,3,1,6,6,2,31,6,-1,-1,-1,-1,5,E01017324,0,-1
2020010260693,2020,010260693,1,9,0,9,9,1,7,0,0,1,0,0,3,0,1,1,2,2,1,48,8,-1,-1,-1,-1,7,E01003408,0,-1
2020140987786,2020,140987786,1,1,0,5,5,6,2,0,0,2,5,0,0,0,1,1,5,6,1,12,3,-1,-1,-1,-1,2,E01007414,0,-1
2020070457468,2020,070457468,1,1,0,18,19,1,5,0,0,1,0,0,0,0,3,1,6,6,1,45,7,-1,-1,-1,-1,4,E01012523,0,-1
2020010229968,2020,010229968,2,9,0,1,1,1,5,0,0,1,0,1,0,0,2,1,6,6,3,-1,-1,-1,-1,-1,-1,-1,-1,0,-1
202031A067520,2020,31A067520,2,9,0,13,13,4,1,0,0,0,0,0,0,0,4,1,6,6,3,-1,-1,-1,-1,-1,-1,-1,-1,0,-1
2020137760934,2020,137760934,1,9,0,18,19,6,2,0,0,0,0,0,0,0,1,1,6,6,3,-1,-1,-1,-1,-1,-1,-1,-1,0,-1
2020010280748,2020,010280748,2,9,0,99,99,9,9,99,99,9,9,99,9,99,9,9,6,6,3,-1,-1,-1,-1,-1,-1,-1,-1,0,-1
2020370947853,2020,370947853,2,1,0,18,19,2,7,0,0,0,0,0,1,0,2,1,5,6,1,73,10,-1,-1,-1,-1,5,E01030286,0,-1
2020010234899,2020,010234899,2,9,9,99,99,9,9,99,99,4,9,99,9,99,9,9,6,6,3,-1,-1,-1,-1,-1,-1,-1,-1,0,-1
2020470970866,2020,470970866,2,19,0,2,2,0,0,9,9,0,0,0,0,0,2,1,6,6,3,-1,-1,-1,-1,-1,-1,-1,-1,0,-1
2020030955020,2020,030955020,1,1,0,18,19,5,1,0,0,0,0,0,1,4,1,1,6,6,1,61,9,-1,-1,-1,-1,4,E01019332,0,-1
20201376O0617,2020,1376O0617,1,9,0,18,19,2,7,0,0,0,0,0,0,0,1,1,6,6,1,-1,-1,-1,-1,-1,-1,4,E01011462,0,-1
2020010232096,2020,010232096,1,9,0,18,19,4,8,0,0,0,0,0,0,0,4,1,6,6,1,36,7,-1,-1,-1,-1,6,E01004509,0,-1
2020040952890,2020,040952890,2,98,0,2,2,0,0,0,0,0,0,0,0,0,2,1,6,6,3,-1,-1,-1,-1,-1,-1,-1,-1,0,-1
2020332001103,2020,332001103,1,9,0,18,19,4,8,0,0,0,0,0,0,0,0,1,6,6,2,37,7,-1,-1,-1,-1,-1,-1,0,-1
2020460986900,2020,460986900,1,19,0,18,19,7,1,0,0,0,0,0,0,0,1,1,1,1,1,-1,-1,-1,-1,-1,-1,-1,-1,0,-1
2020170M10150,2020,170M10150,1,8,0,5,5,0,3,0,0,2,0,0,0,0,3,1,1,1,1,43,7,-1,-1,-1,-1,9,E01012230,0,-1
2020461005010,2020,461005010,2,1,0,18,19,6,3,0,0,1,0,0,0,0,3,1,4,7,1,15,3,-1,-1,-1,-1,3,E01024641,0,-1
2020440460551,2020,440460551,3,9,0,3,3,1,5,0,0,1,0,0,0,0,2,1,6,6,3,-1,-1,-1,-1,-1,-1,-1,-1,0,-1
2020010250468,2020,010250468,1,9,0,18,19,7,3,0,0,0,0,0,0,0,1,1,6,6,3,-1,-1,-1,-1,-1,-1,-1,-1,0,-1
2020430222340,2020,430222340,1,97,0,16,19,2,6,0,0,0,0,0,0,0,1,1,6,6,1,60,9,-1,-1,-1,-1,2,E01029827,0,-1
202060Y027750,2020,60Y027750,1,9,0,9,9,2,6,0,0,1,0,0,0,0,0,1,6,6,3,-1,-1,-1,-1,-1,-1,-1,-1,0,-1
202006K269926,2020,06K269926,2,8,0,9,9,5,2,0,0,6,0,0,0,0,4,1,6,6,3,-1,-1,-1,-1,-1,-1,-1,-1,0,-1
2020460941223,2020,460941223,1,9,0,18,19,8,4,0,0,0,0,0,4,0,3,1,5,6,1,30,6,-1,-1,-1,-1,9,E01021767,0,-1
2020360950411,2020,360950411,1,1,0,18,19,1,3,0,0,0,0,0,0,0,1,1,2,2,1,20,4,-1,-1,-1,-1,5,E01026668,0,-1
202060Y008457,2020,60Y008457,1,9,0,1,1,6,2,0,0,0,0,0,0,0,3,1,6,6,1,15,3,-1,-1,-1,-1,-1,-1,0,-1
2020450938511,2020,450938511,1,1,0,18,19,6,1,0,0,1,0,0,0,0,1,1,5,6,1,59,9,-1,-1,-1,-1,10,E01003424,0,-1
2020160990233,2020,160990233,1,1,0,18,19,1,5,0,0,1,0,0,0,0,4,1,6,6,2,14,3,-1,-1,-1,-1,2,E01032595,0,-1
2020991010159,2020,991010159,1,19,0,17,19,7,4,0,0,1,1,0,7,0,1,1,1,1,1,27,6,-1,-1,-1,-1,4,-1,0,-1
2020302001545,2020,302001545,2,21,1,11,11,1,5,0,0,0,0,0,0,0,4,2,1,1,1,-1,-1,-1,-1,-1,-1,3,E01026075,0,-1
202031C077320,2020,31C077320,1,9,0,13,13,6,2,0,0,0,0,0,0,0,4,1,6,6,1,-1,-1,-1,-1,-1,-1,-1,-1,0,-1
2020332000275,2020,332000275,3,9,0,3,3,3,7,0,0,1,0,0,0,0,0,1,6,6,1,-1,-1,-1,-1,-1,-1,8,E01025612,0,-1
2020220958800,2020,220958800,2,1,0,18,19,8,4,0,0,8,0,0,0,0,4,1,5,6,1,77,11,-1,-1,-1,-1,8,E01032441,0,-1
2020332000371,2020,332000371,1,9,0,18,19,5,1,0,0,1,0,0,0,0,4,1,6,6,2,26,6,-1,-1,-1,-1,9,E01013802,0,-1
2020990928316,2020,990928316,3,9,0,2,2,0,0,6,6,0,0,0,0,0,3,1,6,6,3,-1,-1,-1,-1,-1,-1,-1,-1,0,-1
2020010253941,2020,010253941,2,1,0,16,19,7,3,0,0,2,0,0,0,0,2,1,6,6,2,35,6,-1,-1,-1,-1,2,E01033591,0,-1
2020420920725,2020,420920725,2,1,0,9,9,8,5,0,0,4,0,0,0,0,1,1,6,6,2,46,8,-1,-1,-1,-1,7,E01033720,0,-1
2020440140676,2020,440140676,2,9,0,18,19,4,8,0,0,0,0,0,0,0,3,1,2,2,2,39,7,-1,-1,-1,-1,9,E01022719,0,-1
2020302000299,2020,302000299,2,9,0,5,5,2,8,0,0,4,0,0,0,0,1,1,6,6,3,-1,-1,-1,-1,-1,-1,5,E01019456,0,-1
2020010284938,2020,010284938,2,1,0,18,19,3,7,0,0,4,0,0,0,0,2,1,6,6,1,50,8,-1,-1,-1,-1,1,E01003047,0,-1
2020010269051,2020,010269051,1,1,9,99,99,9,9,99,99,9,9,99,9,99,2,1,6,6,3,30,6,-1,-1,-1,-1,6,E01003254,0,-1
2020010274588,2020,010274588,1,1,9,99,99,9,9,99,99,9,9,99,9,99,9,1,2,2,1,23,5,-1,-1,-1,-1,3,E01002805,0,-1
2020460952521,2020,460952521,1,21,1,12,12,5,2,0,0,0,0,0,0,0,3,1,1,1,1,39,7,-1,-1,-1,-1,-1,-1,0,-1
2020530966233,2020,530966233,2,1,0,9,9,5,1,0,0,4,0,0,0,0,4,1,5,6,1,57,9,-1,-1,-1,-1,9,E01022308,0,-1
2020340W07102,2020,340W07102,1,19,0,18,19,7,3,0,0,1,0,0,0,0,1,1,6,6,3,-1,-1,-1,-1,-1,-1,-1,-1,0,-1
2020010261211,2020,010261211,2,9,0,99,99,9,9,99,99,9,9,99,9,99,1,9,6,6,3,-1,-1,-1,-1,-1,-1,-1,-1,0,-1
2020440461785,2020,440461785,1,1,0,18,19,8,4,0,0,0,0,0,0,0,1,1,6,6,1,-1,-1,-1,-1,-1,-1,-1,-1,0,-1
202031A150720,2020,31A150720,2,1,0,18,19,5,1,0,0,8,0,0,0,0,3,1,6,6,1,13,3,-1,-1,-1,-1,-1,-1,0,-1
2020430325383,2020,430325383,1,9,0,18,19,8,4,0,0,6,0,0,0,0,3,1,6,6,2,36,7,-1,-1,-1,-1,10,E01016534,0,-1
2020110941572,2020,110941572,2,1,0,18,19,3,7,0,0,8,0,0,0,0,4,1,2,2,1,48,8,-1,-1,-1,-1,10,E01020603,0,-1
2020070770772,2020,070770772,2,1,0,18,19,3,7,0,0,8,0,0,0,0,2,1,1,1,1,16,4,-1,-1,-1,-1,6,E01018479,0,-1
2020030954388,2020,030954388,1,9,0,2,2,1,5,6,6,2,0,8,0,0,4,1,6,6,1,-1,-1,-1,-1,-1,-1,-1,-1,0,-1
2020010266073,2020,010266073,2,1,0,7,7,7,2,0,0,3,0,0,0,0,4,1,6,6,1,73,10,-1,-1,-1,-1,7,E01001580,0,-1
2020430253707,2020,430253707,2,1,0,9,9,2,8,0,0,5,0,0,0,0,3,1,2,2,2,53,8,-1,-1,-1,-1,2,E01016451,0,-1
2020010277519,2020,010277519,2,-1,0,18,19,3,7,0,0,8,0,0,1,0,0,1,2,2,1,24,5,-1,-1,-1,-1,3,E01001920,1,-1
2020460948571,2020,460948571,2,1,0,17,19,5,1,0,0,0,0,0,1,0,2,1,5,6,1,37,7,-1,-1,-1,-1,7,E01024064,0,-1
2020010249583,2020,010249583,2,9,0,99,99,9,9,99,99,9,9,99,9,99,1,9,6,6,3,-1,-1,-1,-1,-1,-1,-1,-1,0,-1
2020041001409,2020,041001409,2,1,0,18,19,5,7,0,0,3,0,0,0,0,2,1,5,6,2,45,7,-1,-1,-1,-1,10,E01025352,0,-1
2020010281022,2020,010281022,2,9,0,18,19,7,3,0,0,8,0,0,0,0,1,1,6,6,1,55,8,-1,-1,-1,-1,5,E01015780,0,-1
2020360995374,2020,360995374,2,1,0,18,19,3,7,0,0,0,0,0,0,0,3,1,6,6,2,24,5,-1,-1,-1,-1,8,E01026855,0,-1
2020010270923,2020,010270923,2,9,0,99,99,9,9,99,99,0,9,99,9,99,1,9,6,6,3,-1,-1,-1,-1,-1,-1,-1,-1,0,-1
2020411011785,2020,411011785,2,1,0,18,19,5,1,0,0,8,0,0,0,0,4,1,2,2,1,53,8,-1,-1,-1,-1,5,E01023342,0,-1
2020430360771,2020,430360771,2,1,0,18,19,1,5,0,0,0,0,0,0,0,4,1,6,6,2,26,6,-1,-1,-1,-1,3,E01028546,0,-1
2020522101307,2020,522101307,2,9,0,8,8,3,7,0,0,1,0,0,0,0,0,1,6,6,2,37,7,-1,-1,-1,-1,6,E01032519,0,-1
2020070430467,2020,070430467,1,1,0,18,19,7,3,0,0,0,0,0,0,0,1,1,6,6,1,65,9,-1,-1,-1,-1,6,E01006794,0,-1
202060Y126461,2020,60Y126461,2,9,0,9,9,6,7,0,0,1,0,0,0,0,1,1,6,6,1,54,8,-1,-1,-1,-1,-1,-1,0,-1
2020010266369,2020,010266369,2,1,0,18,19,2,6,0,0,0,0,0,0,0,2,1,1,1,2,41,7,-1,-1,-1,-1,7,E01003800,0,-1
2020350975550,2020,350975550,2,1,0,18,19,1,5,0,0,0,0,0,0,0,3,1,5,6,2,64,9,-1,-1,-1,-1,6,E01008956,0,-1
2020010259713,2020,010259713,1,1,9,99,99,9,9,99,99,9,9,99,9,99,9,1,2,2,1,28,6,-1,-1,-1,-1,7,E01015876,0,-1
2020440042865,2020,440042865,2,19,0,18,19,5,1,0,0,1,0,0,0,0,1,1,6,6,3,-1,-1,-1,-1,-1,-1,-1,-1,0,-1
2020990983815,2020,990983815,2,1,0,18,19,8,3,4,4,1,0,0,0,0,1,1,1,1,1,26,6,-1,-1,-1,-1,10,-1,0,-1
2020200930287,2020,200930287,2,1,0,18,19,2,6,0,0,0,0,0,0,0,0,1,6,6,1,44,7,-1,-1,-1,-1,1,E01010098,0,-1
2020010245111,2020,010245111,1,3,0,18,19,6,2,0,0,2,2,10,1,0,4,-1,6,6,1,20,4,-1,-1,-1,-1,6,E01023855,0,-1
2020470939885,2020,470939885,1,1,0,16,19,7,2,0,0,3,0,0,0,0,2,1,5,6,1,32,6,-1,-1,-1,-1,5,E01016884,0,-1
2020160971297,2020,160971297,2,22,0,18,19,4,8,0,0,8,0,0,0,0,1,1,6,6,1,57,9,-1,-1,-1,-1,1,E01013142,0,-1
2020040969750,2020,040969750,1,9,0,18,19,7,3,0,0,1,0,0,0,0,1,1,6,6,3,-1,-1,-1,-1,-1,-1,-1,-1,0,-1
2020440427262,2020,440427262,2,1,0,18,19,8,4,0,0,8,0,0,0,0,4,1,4,7,2,14,3,-1,-1,-1,-1,2,E01022818,0,-1
2020332000849,2020,332000849,1,9,0,11,11,5,1,0,0,0,1,0,1,9,1,1,2,2,1,22,5,-1,-1,-1,-1,6,E01025796,0,-1
2020522001809,2020,522001809,2,9,0,4,4,5,1,0,0,2,0,0,0,0,2,1,6,6,1,33,6,-1,-1,-1,-1,5,W01001328,0,-1
2020010273256,2020,010273256,2,1,0,18,19,7,3,0,0,1,0,0,0,0,1,1,6,6,1,35,6,-1,-1,-1,-1,3,E01003629,0,-1
2020010277401,2020,010277401,2,8,0,99,99,9,9,99,99,9,9,99,9,99,0,9,6,6,3,-1,-1,-1,-1,-1,-1,-1,-1,0,-1
2020547403020,2020,547403020,2,9,0,3,3,5,1,0,0,4,0,0,0,0,2,1,6,6,2,23,5,-1,-1,-1,-1,9,E01015483,0,-1
2020460975984,2020,460975984,2,1,0,18,19,5,1,0,0,1,0,0,0,0,2,1,6,6,2,60,9,-1,-1,-1,-1,2,E01016064,0,-1
2020010257705,2020,010257705,1,1,9,99,99,9,9,99,99,9,9,99,9,99,9,1,6,6,2,37,7,-1,-1,-1,-1,3,E01004266,0,-1
2020010264132,2020,010264132,1,1,0,7,7,7,2,0,0,2,1,10,1,0,1,1,2,2,1,52,8,-1,-1,-1,-1,2,E01003975,0,-1
2020480980033,2020,480980033,1,-1,0,18,19,1,5,9,9,1,0,0,0,0,1,1,2,2,1,30,6,-1,-1,-1,-1,-1,-1,1,-1
202031B062420,2020,31B062420,2,1,0,18,19,5,1,0,0,8,0,0,0,0,1,1,6,6,2,40,7,-1,-1,-1,-1,9,E01027992,0,-1
2020010249734,2020,010249734,2,1,0,18,19,1,5,0,0,1,0,0,0,0,1,-1,6,6,1,48,8,-1,-1,-1,-1,4,E01000476,0,-1
202060Y146623,2020,60Y146623,1,9,0,7,7,6,8,0,0,6,0,0,0,0,1,1,6,6,1,17,4,-1,-1,-1,-1,-1,-1,0,-1
202006E275754,2020,06E275754,2,9,0,18,19,5,1,0,0,0,0,0,0,0,1,1,6,6,3,-1,-1,-1,-1,-1,-1,-1,-1,0,-1
2020010267834,2020,010267834,2,9,0,6,6,3,3,0,0,1,0,0,0,0,4,1,6,6,3,-1,-1,-1,-1,-1,-1,-1,-1,0,-1
2020471006845,2020,471006845,1,9,0,3,3,1,5,0,0,1,0,0,0,0,4,1,6,6,3,-1,-1,-1,-1,-1,-1,-1,-1,0,-1
2020010266696,2020,010266696,1,1,9,99,99,9,9,99,99,0,9,99,9,99,1,1,2,2,1,30,6,-1,-1,-1,-1,9,E01002916,0,-1
2020100965348,2020,100965348,2,1,0,18,19,6,2,0,0,1,0,0,0,0,2,1,5,6,1,18,4,-1,-1,-1,-1,1,E01008259,0,-1
2020052001842,2020,052001842,1,9,0,4,4,1,5,0,0,0,0,0,0,0,1,1,6,6,3,-1,-1,-1,-1,-1,-1,-1,-1,0,-1
2020440355609,2020,440355609,1,9,0,6,6,1,1,8,6,0,0,0,0,0,1,1,1,1,1,47,8,-1,-1,-1,-1,6,E01033239,0,-1
2020552000509,2020,552000509,2,9,0,18,19,8,4,0,0,8,0,0,0,0,1,2,6,6,1,32,6,-1,-1,-1,-1,9,E01015395,0,-1
202006N173384,2020,06N173384,1,9,4,13,13,4,8,0,0,0,0,0,0,0,4,1,6,6,1,45,7,-1,-1,-1,-1,10,E01004788,0,-1
2020010261898,2020,010261898,2,8,0,99,99,9,9,99,99,9,9,99,9,99,0,9,6,6,3,-1,-1,-1,-1,-1,-1,-1,-1,0,-1
2020332000271,2020,332000271,2,1,0,18,19,8,4,0,0,8,0,0,0,0,1,1,6,6,2,47,8,-1,-1,-1,-1,8,E01013704,0,-1
2020460951057,2020,460951057,1,9,0,14,14,8,4,0,0,2,0,0,0,0,0,1,6,6,1,23,5,-1,-1,-1,-1,6,E01024371,0,-1
2020010250683,2020,010250683,3,9,0,99,99,9,9,99,99,9,9,99,9,99,1,9,6,6,3,-1,-1,-1,-1,-1,-1,-1,-1,0,-1
2020010265039,2020,010265039,2,98,0,18,19,8,4,0,0,1,0,0,0,0,1,1,6,6,3,-1,-1,-1,-1,-1,-1,-1,-1,0,-1
20201377U1563,2020,1377U1563,2,1,0,18,19,5,1,0,0,1,0,0,0,0,3,1,6,6,1,5,1,-1,-1,-1,-1,1,E01011737,0,-1
2020170S40900,2020,170S40900,2,1,0,18,19,2,6,0,0,0,0,0,0,0,3,1,6,6,1,15,3,-1,-1,-1,-1,-1,-1,0,-1
2020010246019,2020,010246019,1,9,0,4,4,4,8,0,0,1,0,0,0,0,4,1,1,1,1,51,8,-1,-1,-1,-1,2,E01003248,0,-1
2020500988633,2020,500988633,1,16,0,16,19,3,7,0,0,0,0,0,0,0,1,1,5,6,1,19,4,-1,-1,-1,-1,5,E01020303,0,-1
2020010260668,2020,010260668,1,1,9,99,99,9,9,4,4,9,9,0,0,0,9,1,2,2,1,37,7,-1,-1,-1,-1,3,E01003496,0,-1
2020200964305,2020,200964305,6,9,0,2,2,0,0,0,0,0,0,0,0,0,2,1,6,6,3,-1,-1,-1,-1,-1,-1,-1,-1,0,-1
2020220926094,2020,220926094,2,19,0,18,19,4,8,0,0,1,0,0,0,0,1,1,1,1,1,48,8,-1,-1,-1,-1,3,E01014141,0,-1
2020622001094,2020,622001094,2,1,0,18,19,3,7,0,0,8,0,0,0,0,1,1,6,6,1,58,9,-1,-1,-1,-1,2,W01001094,0,-1