collision_index,collision_year,collision_ref_no,vehicle_reference,vehicle_type,towing_and_articulation,vehicle_manoeuvre_historic,vehicle_manoeuvre,vehicle_direction_from,vehicle_direction_to,vehicle_location_restricted_lane_historic,vehicle_location_restricted_lane,junction_location,skidding_and_overturning,hit_object_in_carriageway,vehicle_leaving_carriageway,hit_object_off_carriageway,first_point_of_impact,vehicle_left_hand_drive,journey_purpose_of_driver_historic,journey_purpose_of_driver,sex_of_driver,age_of_driver,age_band_of_driver,engine_capacity_cc,propulsion_code,age_of_vehicle,generic_make_model,driver_imd_decile,lsoa_of_driver,escooter_flag,driver_distance_banding
2020010237127,2020,010237127,2,1,9,18,19,1,5,99,99,9,9,99,9,99,9,-1,6,6,1,41,7,-1,-1,-1,-1,3,E01003526,0,-1
2020010249137,2020,010249137,2,9,9,99,99,9,9,99,99,9,9,99,9,99,9,1,6,6,3,-1,-1,-1,-1,-1,-1,-1,-1,0,-1
2020010248017,2020,010248017,2,1,0,18,19,7,3,0,0,3,0,0,0,0,4,1,6,6,1,31,6,-1,-1,-1,-1,4,E01003213,0,-1
2020010241893,2020,010241893,2,9,0,99,99,9,9,99,99,9,9,99,9,99,2,9,6,6,3,-1,-1,-1,-1,-1,-1,-1,-1,0,-1
2020522001659,2020,522001659,1,1,0,18,19,6,2,0,0,0,0,0,0,0,1,1,6,6,1,14,3,-1,-1,-1,-1,-1,-1,0,-1
2020010259103,2020,010259103,2,-1,0,18,19,1,5,0,0,1,1,0,0,0,1,1,6,6,1,34,6,-1,-1,-1,-1,3,E01004342,1,-1
2020070343999,2020,070343999,1,1,0,18,19,6,2,0,0,0,0,11,0,0,1,1,6,6,1,53,8,-1,-1,-1,-1,8,E01018403,0,-1
2020220927804,2020,220927804,2,1,0,18,19,5,1,0,0,3,0,0,0,0,4,1,5,6,1,47,8,-1,-1,-1,-1,6,E01009924,0,-1
2020450932278,2020,450932278,2,9,0,18,19,1,5,0,0,0,0,0,0,0,4,1,6,6,3,32,6,-1,-1,-1,-1,-1,-1,0,-1
2020010266439,2020,010266439,1,1,0,18,19,3,7,0,0,0,0,0,0,0,9,1,6,6,1,34,6,-1,-1,-1,-1,4,E01000039,0,-1
2020522000884,2020,522000884,1,1,5,18,19,5,1,0,0,1,0,0,0,0,0,1,6,6,1,21,5,-1,-1,-1,-1,9,E01014796,0,-1
2020470963755,2020,470963755,1,9,0,2,2,0,0,6,6,0,0,0,0,0,0,1,6,6,3,-1,-1,-1,-1,-1,-1,-1,-1,0,-1
2020010254016,2020,010254016,1,9,9,99,99,9,9,99,99,0,9,99,9,99,9,1,6,6,3,-1,-1,-1,-1,-1,-1,-1,-1,0,-1
2020332000359,2020,332000359,1,9,0,12,12,6,2,0,0,0,0,0,0,0,1,1,6,6,1,18,4,-1,-1,-1,-1,9,E01025728,0,-1
2020030985644,2020,030985644,1,9,0,18,19,8,4,0,0,0,0,0,0,0,1,1,6,6,1,32,6,-1,-1,-1,-1,1,E01006770,0,-1
2020220994493,2020,220994493,1,1,0,9,9,8,7,0,0,8,0,0,0,0,1,1,5,6,1,60,9,-1,-1,-1,-1,2,E01032435,0,-1
2020990999635,2020,990999635,2,1,0,18,19,6,2,0,0,0,0,0,0,0,4,1,6,6,1,16,4,-1,-1,-1,-1,3,-1,0,-1
2020410934589,2020,410934589,1,9,0,18,19,5,1,0,0,0,0,0,0,0,4,1,1,1,1,44,7,-1,-1,-1,-1,8,E01026990,0,-1
2020140983060,2020,140983060,2,1,0,18,19,7,3,0,0,1,5,0,0,0,1,1,5,6,1,28,6,-1,-1,-1,-1,2,E01033270,0,-1
202060Y179194,2020,60Y179194,1,9,0,14,14,2,6,0,0,0,0,0,0,0,1,1,6,6,1,86,11,-1,-1,-1,-1,-1,-1,0,-1
2020522004790,2020,522004790,1,9,0,9,9,6,3,0,0,1,0,0,0,0,1,1,6,6,1,22,5,-1,-1,-1,-1,-1,-1,0,-1
202060Y128227,2020,60Y128227,3,9,0,10,10,7,5,0,0,8,0,0,0,0,1,1,6,6,2,48,8,-1,-1,-1,-1,-1,-1,0,-1
2020010267493,2020,010267493,1,1,9,99,99,9,9,99,99,9,9,99,9,99,9,1,2,2,1,32,6,-1,-1,-1,-1,3,E01001819,0,-1
2020350950334,2020,350950334,2,1,0,18,19,4,5,0,0,3,2,0,0,0,1,1,5,6,1,65,9,-1,-1,-1,-1,8,E01018166,0,-1
2020440084258,2020,440084258,2,9,0,17,19,5,1,0,0,0,0,0,1,0,1,1,6,6,1,47,8,-1,-1,-1,-1,10,E01022534,0,-1
2020010252809,2020,010252809,1,1,9,99,99,9,9,99,99,9,9,99,9,99,9,1,6,6,1,28,6,-1,-1,-1,-1,2,E01033491,0,-1
2020332000316,2020,332000316,2,9,0,7,7,5,7,0,0,5,0,0,0,0,1,1,6,6,2,49,8,-1,-1,-1,-1,6,E01025655,0,-1
2020137AQ0906,2020,137AQ0906,1,9,0,18,19,7,2,0,0,1,0,0,0,0,1,1,6,6,1,-1,-1,-1,-1,-1,-1,-1,-1,0,-1
2020200951476,2020,200951476,2,98,0,12,12,8,4,0,0,0,0,0,0,0,2,1,6,6,1,50,8,-1,-1,-1,-1,1,E01009051,0,-1
2020420974351,2020,420974351,2,1,0,18,19,5,1,0,0,3,0,0,0,0,4,1,2,2,1,24,5,-1,-1,-1,-1,1,E01003047,0,-1
2020990949124,2020,990949124,2,9,0,14,14,8,4,0,0,0,0,0,0,0,3,1,6,6,3,16,4,-1,-1,-1,-1,-1,-1,0,-1
2020010260692,2020,010260692,2,1,0,5,5,1,5,0,0,2,0,8,0,0,1,1,6,6,1,38,7,-1,-1,-1,-1,2,E01003205,0,-1
2020010235730,2020,010235730,1,2,0,18,19,-1,-1,0,0,0,0,0,0,0,1,1,6,6,3,-1,-1,-1,-1,-1,-1,-1,-1,0,-1
2020360980533,2020,360980533,3,9,0,18,19,2,6,0,0,0,0,0,0,0,0,1,6,6,3,-1,-1,-1,-1,-1,-1,-1,-1,0,-1
2020010230187,2020,010230187,1,1,9,99,99,9,9,99,99,0,9,99,9,99,9,1,6,6,1,21,5,-1,-1,-1,-1,7,E01001913,0,-1
2020990972753,2020,990972753,1,1,0,11,11,8,4,0,0,1,0,0,0,0,1,1,6,6,1,49,8,-1,-1,-1,-1,2,-1,0,-1
2020230932345,2020,230932345,1,9,0,13,13,8,2,0,0,4,0,0,0,0,4,1,6,6,3,34,6,-1,-1,-1,-1,-1,-1,0,-1
2020010243778,2020,010243778,2,1,0,4,4,1,5,0,0,1,5,10,7,1,1,1,6,6,1,48,8,-1,-1,-1,-1,-1,-1,0,-1
2020990970448,2020,990970448,2,9,0,18,19,3,7,0,0,0,0,0,0,0,1,1,6,6,1,56,9,-1,-1,-1,-1,9,-1,0,-1
202060Y151993,2020,60Y151993,2,9,0,18,19,5,1,0,0,8,0,0,1,7,4,1,6,6,2,70,10,-1,-1,-1,-1,-1,-1,0,-1
2020230919618,2020,230919618,2,1,0,18,19,4,8,0,0,0,0,0,0,0,3,1,4,7,2,12,3,-1,-1,-1,-1,5,E01031169,0,-1
2020991000250,2020,991000250,2,1,0,18,19,5,1,0,0,8,0,0,0,0,3,1,5,6,2,44,7,-1,-1,-1,-1,5,-1,0,-1
202001T246170,2020,01T246170,1,1,9,99,99,9,9,99,99,9,9,99,9,99,9,1,6,6,1,29,6,-1,-1,-1,-1,2,E01004719,0,-1
2020137AB1142,2020,137AB1142,1,9,0,11,11,3,7,0,0,8,0,0,0,0,4,1,6,6,3,-1,-1,-1,-1,-1,-1,-1,-1,0,-1
2020010271526,2020,010271526,1,4,0,3,3,3,7,0,0,0,0,0,0,0,1,1,1,1,1,30,6,-1,-1,-1,-1,1,E01001978,0,-1
2020332000661,2020,332000661,1,3,0,18,19,4,8,0,0,3,0,0,0,0,3,1,6,6,1,25,5,-1,-1,-1,-1,5,E01013606,0,-1
2020430173565,2020,430173565,1,1,0,18,19,5,1,0,0,6,0,0,0,0,3,1,6,6,2,16,4,-1,-1,-1,-1,5,E01028635,0,-1
2020430390708,2020,430390708,2,1,0,18,19,6,2,0,0,8,0,0,0,0,0,1,6,6,1,18,4,-1,-1,-1,-1,7,E01028521,0,-1
2020010255071,2020,010255071,1,1,9,99,99,9,9,99,99,0,9,99,9,99,1,1,6,6,1,35,6,-1,-1,-1,-1,6,E01032780,0,-1
2020140915040,2020,140915040,1,9,0,7,7,4,7,0,0,6,0,0,0,0,1,1,6,6,2,-1,-1,-1,-1,-1,-1,-1,-1,0,-1
202060Y008503,2020,60Y008503,1,3,0,18,19,5,1,0,0,1,0,0,0,0,0,1,6,6,1,54,8,-1,-1,-1,-1,-1,-1,0,-1
2020170M11740,2020,170M11740,1,1,0,7,7,6,8,0,0,2,0,0,0,0,0,1,6,6,1,37,7,-1,-1,-1,-1,-1,-1,0,-1
2020211023934,2020,211023934,1,9,-1,-1,-1,7,4,-1,-1,0,-1,-1,-1,0,-1,1,6,6,3,-1,-1,-1,-1,-1,-1,-1,-1,0,-1
2020332000298,2020,332000298,1,9,0,17,19,2,6,0,0,0,5,0,1,0,1,1,6,6,1,26,6,-1,-1,-1,-1,10,E01025813,0,-1
2020010234467,2020,010234467,1,1,9,18,19,3,7,99,99,9,9,99,9,99,9,1,6,6,2,23,5,-1,-1,-1,-1,7,E01001383,0,-1
2020010256096,2020,010256096,1,9,0,18,19,5,1,0,0,0,0,0,0,0,1,1,6,6,3,30,6,-1,-1,-1,-1,-1,-1,0,-1
2020010244434,2020,010244434,2,10,0,99,99,9,9,99,99,9,9,99,9,99,1,9,6,6,3,-1,-1,-1,-1,-1,-1,6,E01002293,0,-1
2020052002504,2020,052002504,1,9,0,18,19,3,7,0,0,8,0,0,0,0,1,1,6,6,3,-1,-1,-1,-1,-1,-1,-1,-1,0,-1
2020010261889,2020,010261889,2,1,0,18,19,1,5,0,0,1,0,0,0,0,4,1,6,6,2,19,4,-1,-1,-1,-1,2,E01004240,0,-1
2020520004473,2020,520004473,2,1,0,18,19,6,2,9,9,1,0,0,0,0,1,1,6,6,1,39,7,-1,-1,-1,-1,-1,-1,0,-1
20201372P1424,2020,1372P1424,2,1,0,18,19,5,1,0,0,8,5,0,0,0,1,1,6,6,2,32,6,-1,-1,-1,-1,3,E01011313,0,-1
2020421000487,2020,421000487,2,22,0,5,5,2,6,0,0,6,0,0,0,0,3,1,5,6,2,70,10,-1,-1,-1,-1,3,E01021889,0,-1
2020070683143,2020,070683143,2,1,0,18,19,6,2,0,0,0,0,0,0,0,3,1,6,6,1,25,5,-1,-1,-1,-1,8,E01006683,0,-1
2020430404829,2020,430404829,1,9,0,5,5,3,1,0,0,8,0,0,0,0,1,1,1,1,1,38,7,-1,-1,-1,-1,2,E01028520,0,-1
2020460956369,2020,460956369,2,1,0,18,19,8,4,0,0,0,0,0,1,4,2,1,5,6,1,63,9,-1,-1,-1,-1,2,E01024686,0,-1
202031D052020,2020,31D052020,1,9,0,18,19,4,7,0,0,1,0,0,0,0,1,1,6,6,3,-1,-1,-1,-1,-1,-1,-1,-1,0,-1
2020420935401,2020,420935401,1,1,0,18,19,3,7,0,0,0,0,0,0,0,1,1,5,6,2,26,6,-1,-1,-1,-1,6,E01021334,0,-1
2020360943697,2020,360943697,1,9,0,7,7,1,3,0,0,1,0,0,0,0,3,1,6,6,3,-1,-1,-1,-1,-1,-1,-1,-1,0,-1
2020410948135,2020,410948135,2,1,0,18,19,3,7,9,9,1,0,0,0,0,0,1,6,6,1,39,7,-1,-1,-1,-1,4,E01023530,0,-1
2020201003350,2020,201003350,2,1,0,18,19,2,6,0,0,1,0,0,0,0,3,1,6,6,2,32,6,-1,-1,-1,-1,2,E01010363,0,-1
2020400978975,2020,400978975,1,9,0,4,4,3,7,0,0,1,0,0,0,0,1,1,6,6,1,33,6,-1,-1,-1,-1,1,E01015736,0,-1
2020430270707,2020,430270707,1,9,0,3,3,2,6,0,0,1,0,0,0,0,1,1,1,1,1,42,7,-1,-1,-1,-1,3,E01002542,0,-1
2020450988394,2020,450988394,2,9,0,5,5,1,1,0,0,0,0,0,0,0,3,1,6,6,1,50,8,-1,-1,-1,-1,-1,-1,0,-1
2020110977068,2020,110977068,2,1,0,18,19,7,3,0,0,0,0,0,0,0,1,1,6,6,1,28,6,-1,-1,-1,-1,1,E01020841,0,-1
2020052001147,2020,052001147,2,1,0,17,19,1,5,0,0,1,0,0,0,0,1,1,6,6,1,50,8,-1,-1,-1,-1,9,E01007070,0,-1
2020522002076,2020,522002076,1,1,0,18,19,4,8,0,0,2,0,0,0,0,3,1,6,6,1,21,5,-1,-1,-1,-1,2,E01033361,0,-1
2020010237477,2020,010237477,1,1,0,18,19,2,6,4,4,1,0,0,0,0,1,1,6,6,1,32,6,-1,-1,-1,-1,9,E01004640,0,-1
2020137A21030,2020,137A21030,1,9,0,4,4,8,4,0,0,1,0,0,0,0,2,1,6,6,1,37,7,-1,-1,-1,-1,6,E01011062,0,-1
2020010254055,2020,010254055,1,-1,0,18,19,8,4,9,9,0,0,0,0,0,1,1,6,6,1,22,5,-1,-1,-1,-1,6,E01003653,1,-1
2020400925438,2020,400925438,1,9,0,2,2,0,0,0,0,0,0,0,0,0,4,1,1,1,2,40,7,-1,-1,-1,-1,7,E01015695,0,-1
2020990970903,2020,990970903,5,9,0,2,2,0,0,0,0,0,0,0,0,0,2,1,6,6,3,-1,-1,-1,-1,-1,-1,-1,-1,0,-1
2020332001228,2020,332001228,1,9,0,18,19,4,8,0,0,0,0,0,0,0,0,1,6,6,1,56,9,-1,-1,-1,-1,-1,-1,0,-1
2020450970340,2020,450970340,1,1,0,18,19,1,5,0,0,0,0,0,0,0,3,1,6,6,2,33,6,-1,-1,-1,-1,6,E01030751,0,-1
2020450955743,2020,450955743,2,90,0,18,19,1,5,0,0,0,0,0,0,0,4,1,6,6,3,45,7,-1,-1,-1,-1,-1,-1,0,-1
2020370926783,2020,370926783,1,9,4,13,13,7,3,0,0,8,0,0,0,0,4,1,6,6,3,-1,-1,-1,-1,-1,-1,-1,-1,0,-1
2020351011901,2020,351011901,2,1,0,18,19,5,1,0,0,8,0,0,0,0,3,1,6,6,1,19,4,-1,-1,-1,-1,10,E01018295,0,-1
2020549288120,2020,549288120,1,1,0,7,7,3,5,9,9,1,0,0,0,0,4,1,6,6,3,30,6,-1,-1,-1,-1,-1,-1,0,-1
2020010246939,2020,010246939,1,9,0,7,7,3,6,0,0,5,0,0,0,0,1,1,6,6,3,-1,-1,-1,-1,-1,-1,-1,-1,0,-1
2020401006646,2020,401006646,2,9,0,18,19,5,1,0,0,0,0,0,0,0,1,1,6,6,2,53,8,-1,-1,-1,-1,10,E01017460,0,-1
2020010242610,2020,010242610,1,1,9,99,99,9,9,99,99,9,9,99,9,99,1,1,2,2,1,21,5,-1,-1,-1,-1,1,E01000858,0,-1
2020010261117,2020,010261117,1,1,9,99,99,9,9,99,99,9,9,99,9,99,9,1,2,2,2,37,7,-1,-1,-1,-1,4,E01003282,0,-1
2020430367305,2020,430367305,1,-1,0,18,19,1,5,2,2,8,0,0,0,0,3,1,4,7,1,15,3,-1,-1,-1,-1,3,E01016377,1,-1
2020140973243,2020,140973243,3,9,0,2,2,0,0,6,6,8,0,0,0,0,2,1,6,6,3,-1,-1,-1,-1,-1,-1,-1,-1,0,-1
2020450934659,2020,450934659,2,1,0,18,19,1,4,0,0,1,0,0,0,0,1,1,5,6,1,17,4,-1,-1,-1,-1,10,E01030937,0,-1
2020430032350,2020,430032350,2,9,0,18,19,6,2,0,0,8,0,0,0,0,1,1,6,6,1,-1,-1,-1,-1,-1,-1,-1,-1,0,-1
2020010275901,2020,010275901,1,11,0,99,99,9,9,99,99,9,9,99,9,99,1,9,6,6,3,-1,-1,-1,-1,-1,-1,-1,-1,0,-1
2020010270768,2020,010270768,2,-1,0,5,5,6,2,4,4,5,0,0,0,0,3,1,2,2,1,36,7,-1,-1,-1,-1,3,E01003637,1,-1
2020010237618,2020,010237618,1,9,0,7,7,5,7,0,0,8,9,0,0,0,9,1,6,6,3,-1,-1,-1,-1,-1,-1,-1,-1,0,-1
2020332000492,2020,332000492,2,9,0,4,4,7,3,0,0,1,1,0,0,0,2,1,6,6,1,36,7,-1,-1,-1,-1,1,E01013748,0,-1
2020010276079,2020,010276079,2,-1,0,18,19,4,8,9,9,1,0,0,1,0,0,1,6,6,2,30,6,-1,-1,-1,-1,2,E01001152,1,-1
2020991003169,2020,991003169,1,9,0,18,19,5,1,0,0,0,0,0,0,0,3,1,6,6,1,24,5,-1,-1,-1,-1,2,-1,0,-1
202060Y030572,2020,60Y030572,1,9,0,18,19,7,3,0,0,0,0,4,0,0,1,1,6,6,1,75,10,-1,-1,-1,-1,-1,-1,0,-1
202031C176120,2020,31C176120,1,1,0,18,19,2,6,0,0,6,0,0,0,0,1,1,2,2,1,52,8,-1,-1,-1,-1,1,E01033399,0,-1
2020140976302,2020,140976302,1,9,0,-1,-1,-1,-1,-1,-1,1,-1,-1,-1,0,-1,1,6,6,3,-1,-1,-1,-1,-1,-1,-1,-1,0,-1
2020122000562,2020,122000562,1,1,0,18,19,7,3,0,0,8,0,0,0,0,1,1,6,6,2,59,9,-1,-1,-1,-1,8,E01012235,0,-1
2020010261894,2020,010261894,1,1,9,99,99,9,9,99,99,9,9,99,9,99,2,1,2,2,2,30,6,-1,-1,-1,-1,9,E01002951,0,-1
2020991007207,2020,991007207,1,9,0,18,19,2,5,0,0,0,0,0,0,0,1,1,5,6,2,41,7,-1,-1,-1,-1,8,-1,0,-1
2020220951794,2020,220951794,2,1,0,18,19,8,4,0,0,8,0,0,0,0,3,1,5,6,1,62,9,-1,-1,-1,-1,7,E01009811,0,-1
2020200948983,2020,200948983,1,97,0,18,19,6,2,0,0,8,0,0,0,0,1,1,6,6,1,22,5,-1,-1,-1,-1,1,E01009325,0,-1
2020990994835,2020,990994835,2,1,0,18,19,5,1,0,0,2,0,4,0,0,1,1,5,6,1,55,8,-1,-1,-1,-1,10,-1,0,-1
2020990937538,2020,990937538,1,1,0,18,19,1,5,4,4,1,0,0,0,0,1,1,2,2,1,40,7,-1,-1,-1,-1,10,-1,0,-1
2020200993814,2020,200993814,1,9,0,9,9,6,4,0,0,8,0,0,0,0,0,1,1,1,1,-1,-1,-1,-1,-1,-1,-1,-1,0,-1
2020360967700,2020,360967700,1,8,0,5,5,5,1,0,0,0,0,0,0,0,-1,1,1,1,1,-1,-1,-1,-1,-1,-1,1,E01026833,0,-1
2020170M10480,2020,170M10480,3,9,0,18,19,2,6,0,0,8,0,0,0,0,1,1,6,6,1,19,4,-1,-1,-1,-1,2,E01012217,0,-1
2020010236639,2020,010236639,1,1,9,99,99,9,9,99,99,9,9,99,9,99,1,1,6,6,1,-1,-1,-1,-1,-1,-1,10,E01004106,0,-1
2020470986658,2020,470986658,2,1,0,18,19,7,3,0,0,8,0,0,7,0,4,1,5,6,1,20,4,-1,-1,-1,-1,8,E01031617,0,-1
2020010276263,2020,010276263,2,1,0,18,19,3,7,0,0,1,5,0,0,0,1,1,6,6,1,33,6,-1,-1,-1,-1,2,E01003310,0,-1
2020622000129,2020,622000129,2,8,0,18,19,8,4,0,0,0,0,0,0,0,1,1,1,1,1,35,6,-1,-1,-1,-1,4,W01000948,0,-1
2020420949917,2020,420949917,2,1,0,18,19,1,5,0,0,0,5,0,0,0,4,1,5,6,1,85,11,-1,-1,-1,-1,10,E01021693,0,-1
2020010244635,2020,010244635,2,9,0,99,99,9,9,99,99,9,9,99,9,99,1,9,6,6,3,-1,-1,-1,-1,-1,-1,1,E01001549,0,-1
2020030937104,2020,030937104,1,10,0,18,19,1,5,0,0,1,0,0,0,0,4,1,1,1,3,30,6,-1,-1,-1,-1,-1,-1,0,-1
2020360944564,2020,360944564,3,9,0,18,19,5,1,0,0,0,0,0,0,0,0,1,6,6,3,-1,-1,-1,-1,-1,-1,-1,-1,0,-1
2020010273752,2020,010273752,2,1,0,14,14,7,3,0,0,2,1,4,1,0,1,1,6,6,1,17,4,-1,-1,-1,-1,2,E01001860,0,-1
2020010258986,2020,010258986,1,1,0,18,19,7,3,0,0,1,5,11,0,0,1,1,6,6,2,9,2,-1,-1,-1,-1,7,E01002930,0,-1
2020541811920,2020,541811920,1,9,0,18,19,3,7,0,0,0,1,0,5,-1,1,1,6,6,1,24,5,-1,-1,-1,-1,10,E01016669,0,-1
2020522100766,2020,522100766,1,9,0,11,11,7,3,0,0,0,0,0,0,0,3,1,6,6,1,33,6,-1,-1,-1,-1,10,E01014617,0,-1
2020430416329,2020,430416329,2,9,0,8,8,2,6,0,0,1,0,0,0,0,2,1,6,6,2,45,7,-1,-1,-1,-1,-1,-1,0,-1
2020440255388,2020,440255388,1,1,0,18,19,5,1,0,0,0,0,0,0,0,1,1,6,6,1,17,4,-1,-1,-1,-1,5,E01017097,0,-1
2020010252855,2020,010252855,2,9,9,99,99,9,9,99,99,9,9,99,9,99,9,9,6,6,3,-1,-1,-1,-1,-1,-1,2,E01004140,0,-1
2020070444636,2020,070444636,2,1,0,18,19,7,3,0,0,0,0,0,0,0,4,1,2,2,1,21,5,-1,-1,-1,-1,10,E01018471,0,-1
2020440214883,2020,440214883,2,1,0,18,19,7,3,0,0,8,1,0,0,0,1,1,6,6,1,50,8,-1,-1,-1,-1,6,E01016309,0,-1
2020010239118,2020,010239118,1,1,9,99,99,9,9,99,99,0,9,99,9,99,1,1,6,6,2,28,6,-1,-1,-1,-1,3,E01004228,0,-1
2020010268599,2020,010268599,1,1,9,99,99,9,9,99,99,9,9,99,9,99,1,1,2,2,1,28,6,-1,-1,-1,-1,1,E01002734,0,-1
2020552000946,2020,552000946,1,9,0,18,19,5,1,0,0,0,0,0,0,0,4,1,6,6,3,33,6,-1,-1,-1,-1,-1,-1,0,-1
2020440082199,2020,440082199,2,9,0,4,4,6,2,0,0,0,0,0,0,0,2,1,6,6,3,-1,-1,-1,-1,-1,-1,-1,-1,0,-1
2020470925486,2020,470925486,1,9,0,18,19,7,3,0,0,1,0,0,0,0,4,1,6,6,2,42,7,-1,-1,-1,-1,8,E01016992,0,-1
2020340C01782,2020,340C01782,1,97,0,18,19,4,8,0,0,0,0,0,0,0,0,1,6,6,1,19,4,-1,-1,-1,-1,1,E01026968,0,-1
2020332001124,2020,332001124,3,9,0,18,19,4,8,0,0,0,0,0,0,0,0,1,6,6,1,30,6,-1,-1,-1,-1,-1,-1,0,-1
2020430436608,2020,430436608,2,1,0,18,19,2,6,0,0,8,0,0,0,0,1,1,2,2,1,43,7,-1,-1,-1,-1,10,E01028465,0,-1
2020522100658,2020,522100658,3,9,0,18,19,7,3,0,0,0,1,10,0,0,1,1,6,6,1,30,6,-1,-1,-1,-1,-1,-1,0,-1
2020450942714,2020,450942714,3,9,0,2,2,0,0,0,0,0,0,0,0,0,1,1,6,6,3,-1,-1,-1,-1,-1,-1,-1,-1,0,-1
2020200989744,2020,200989744,1,1,0,12,12,-1,-1,0,0,8,0,0,0,0,2,1,2,2,1,26,6,-1,-1,-1,-1,3,E01010085,0,-1
2020410986924,2020,410986924,2,1,0,18,19,5,1,0,0,1,1,0,0,0,1,1,6,6,1,11,3,-1,-1,-1,-1,5,E01023546,0,-1
202031D016720,2020,31D016720,1,9,0,18,19,8,4,0,0,0,0,0,0,0,1,1,6,6,1,19,4,-1,-1,-1,-1,3,E01033402,0,-1
2020990959074,2020,990959074,1,9,0,1,1,1,5,0,0,0,0,0,0,0,2,1,6,6,1,39,7,-1,-1,-1,-1,6,-1,0,-1
2020430281917,2020,430281917,1,1,0,7,7,3,5,0,0,3,0,0,0,0,3,1,6,6,2,29,6,-1,-1,-1,-1,3,E01028621,0,-1
2020430275330,2020,430275330,2,98,0,17,19,4,1,0,0,0,1,0,0,0,3,1,1,1,1,25,5,-1,-1,-1,-1,10,E01028491,0,-1
2020610002720,2020,610002720,2,9,0,5,5,4,8,0,0,4,0,0,0,0,3,1,6,6,1,-1,-1,-1,-1,-1,-1,-1,-1,0,-1
2020160955028,2020,160955028,2,1,0,18,19,4,8,0,0,0,0,0,0,0,1,1,6,6,1,70,10,-1,-1,-1,-1,7,E01013270,0,-1
2020350955265,2020,350955265,1,1,0,18,19,1,3,0,0,6,0,0,0,0,1,1,6,6,1,59,9,-1,-1,-1,-1,8,E01017990,0,-1
2020430197527,2020,430197527,1,90,0,18,19,7,3,9,9,1,0,0,0,0,1,1,6,6,3,-1,-1,-1,-1,-1,-1,-1,-1,0,-1
2020440295814,2020,440295814,2,9,0,18,19,2,6,0,0,0,0,0,0,0,3,1,6,6,2,52,8,-1,-1,-1,-1,10,E01023188,0,-1
20201371C0281,2020,1371C0281,3,9,0,18,19,3,7,0,0,1,0,0,0,0,3,1,6,6,3,-1,-1,-1,-1,-1,-1,-1,-1,0,-1
2020520100613,2020,520100613,2,17,5,18,19,8,4,0,0,0,0,0,0,0,3,1,1,1,1,30,6,-1,-1,-1,-1,6,E01019888,0,-1
202006E475146,2020,06E475146,2,90,0,18,19,5,1,0,0,1,2,0,1,0,2,1,6,6,1,37,7,-1,-1,-1,-1,-1,-1,0,-1
2020360954828,2020,360954828,2,1,0,18,19,7,3,0,0,0,0,0,1,4,-1,1,5,6,1,54,8,-1,-1,-1,-1,3,E01026735,0,-1
2020320045409,2020,320045409,2,1,0,18,19,5,1,0,0,8,0,0,0,0,3,1,2,2,1,19,4,-1,-1,-1,-1,7,E01026039,0,-1
2020522001152,2020,522001152,2,9,0,18,19,7,3,0,0,1,0,0,0,0,1,1,6,6,3,-1,-1,-1,-1,-1,-1,-1,-1,0,-1
2020030976126,2020,030976126,2,9,0,18,19,3,7,0,0,0,0,0,0,0,2,1,6,6,2,37,7,-1,-1,-1,-1,5,E01019168,0,-1
202060Y001269,2020,60Y001269,2,9,0,18,19,3,7,0,0,1,0,0,0,0,1,1,6,6,1,34,6,-1,-1,-1,-1,-1,-1,0,-1
2020420998112,2020,420998112,2,9,0,18,19,7,3,0,0,0,0,0,2,0,3,1,2,2,1,52,8,-1,-1,-1,-1,8,E01021444,0,-1
2020302001554,2020,302001554,1,9,0,17,19,8,2,0,0,0,0,0,0,0,1,1,6,6,3,-1,-1,-1,-1,-1,-1,5,E01019456,0,-1
2020161004469,2020,161004469,1,9,0,7,7,4,6,0,0,5,0,0,0,0,4,1,6,6,1,44,7,-1,-1,-1,-1,6,E01012914,0,-1
2020010252169,2020,010252169,3,1,0,14,14,5,1,0,0,1,0,0,0,0,1,1,2,2,1,35,6,-1,-1,-1,-1,2,E01002804,0,-1
2020010256092,2020,010256092,2,19,5,13,13,3,7,0,0,4,0,0,0,0,1,1,6,6,3,-1,-1,-1,-1,-1,-1,-1,-1,0,-1
2020201001626,2020,201001626,2,9,0,18,19,6,2,0,0,1,0,0,0,0,0,1,1,1,1,27,6,-1,-1,-1,-1,-1,-1,0,-1
2020522004391,2020,522004391,2,9,0,5,5,7,3,0,0,0,0,0,0,0,2,1,6,6,2,60,9,-1,-1,-1,-1,-1,-1,0,-1
20201379B0290,2020,1379B0290,1,4,0,13,13,3,7,0,0,0,0,0,0,0,1,1,1,1,1,27,6,-1,-1,-1,-1,-1,-1,0,-1
2020332000774,2020,332000774,1,3,0,18,19,4,8,0,0,0,0,2,0,0,1,1,6,6,1,24,5,-1,-1,-1,-1,9,E01028419,0,-1
2020371014326,2020,371014326,1,1,0,18,19,4,2,0,0,8,0,0,0,0,2,1,5,6,1,57,9,-1,-1,-1,-1,4,E01030276,0,-1
2020040960206,2020,040960206,2,9,0,9,9,2,1,0,0,2,0,0,0,0,2,1,1,1,1,25,5,-1,-1,-1,-1,-1,-1,0,-1
2020170S31410,2020,170S31410,3,9,0,2,2,0,0,0,0,0,0,0,0,0,1,1,6,6,2,-1,-1,-1,-1,-1,-1,-1,-1,0,-1
2020500947100,2020,500947100,2,1,0,18,19,2,6,0,0,8,0,0,0,0,1,1,6,6,1,15,3,-1,-1,-1,-1,2,E01015072,0,-1
2020552000417,2020,552000417,2,1,0,18,19,6,2,0,0,8,0,0,0,0,4,1,2,2,1,39,7,-1,-1,-1,-1,5,E01015374,0,-1
2020010231239,2020,010231239,1,1,0,18,19,5,1,0,0,1,0,0,0,0,1,-1,6,6,2,32,6,-1,-1,-1,-1,4,E01001002,0,-1
2020100975965,2020,100975965,2,1,0,18,19,1,5,0,0,4,0,0,0,0,4,1,2,2,1,38,7,-1,-1,-1,-1,1,E01008429,0,-1
2020010236588,2020,010236588,1,19,0,18,19,-1,-1,0,0,0,0,0,0,0,1,1,6,6,3,-1,-1,-1,-1,-1,-1,-1,-1,0,-1
2020440359393,2020,440359393,1,1,0,18,19,1,5,0,0,0,0,0,0,0,1,1,6,6,1,57,9,-1,-1,-1,-1,5,E01022835,0,-1