collision_index,collision_year,collision_ref_no,vehicle_reference,vehicle_type,towing_and_articulation,vehicle_manoeuvre_historic,vehicle_manoeuvre,vehicle_direction_from,vehicle_direction_to,vehicle_location_restricted_lane_historic,vehicle_location_restricted_lane,junction_location,skidding_and_overturning,hit_object_in_carriageway,vehicle_leaving_carriageway,hit_object_off_carriageway,first_point_of_impact,vehicle_left_hand_drive,journey_purpose_of_driver_historic,journey_purpose_of_driver,sex_of_driver,age_of_driver,age_band_of_driver,engine_capacity_cc,propulsion_code,age_of_vehicle,generic_make_model,driver_imd_decile,lsoa_of_driver,escooter_flag,driver_distance_banding
2020100953217,2020,100953217,2,1,0,15,15,1,5,0,0,2,0,11,0,0,1,1,5,6,1,37,7,-1,-1,-1,-1,-1,-1,0,-1
2020010249612,2020,010249612,1,1,9,99,99,9,9,99,99,0,9,99,9,99,1,1,2,2,1,34,6,-1,-1,-1,-1,6,E01001952,0,-1
2020522100750,2020,522100750,2,11,0,18,19,6,2,0,0,0,0,0,0,0,1,1,6,6,1,55,8,-1,-1,-1,-1,7,E01014959,0,-1
2020430305692,2020,430305692,2,1,0,18,19,5,1,0,0,8,0,0,0,0,1,1,2,2,1,48,8,-1,-1,-1,-1,10,E01028706,0,-1
2020440303517,2020,440303517,1,19,0,4,4,8,4,0,0,2,0,0,0,0,2,1,1,1,1,30,6,-1,-1,-1,-1,-1,-1,0,-1
202063C084620,2020,63C084620,2,9,0,4,4,1,4,0,0,1,0,0,0,0,3,1,1,1,1,55,8,-1,-1,-1,-1,2,W01000600,0,-1
2020140982341,2020,140982341,1,9,0,-1,-1,-1,-1,-1,-1,-1,-1,-1,-1,0,-1,1,6,6,3,-1,-1,-1,-1,-1,-1,-1,-1,0,-1
2020010242212,2020,010242212,2,1,9,99,99,9,9,99,99,9,9,99,9,99,1,1,6,6,1,-1,-1,-1,-1,-1,-1,7,E01003270,0,-1
2020170L30250,2020,170L30250,2,19,0,4,4,8,4,0,0,0,0,0,0,0,2,1,6,6,1,57,9,-1,-1,-1,-1,2,E01012288,0,-1
2020010283901,2020,010283901,2,1,0,18,19,7,3,0,0,7,2,0,0,0,1,1,6,6,1,23,5,-1,-1,-1,-1,5,E01001782,0,-1
2020460999190,2020,460999190,1,9,0,18,19,2,6,0,0,1,0,0,0,0,4,1,6,6,1,-1,-1,-1,-1,-1,-1,-1,-1,0,-1
2020010259389,2020,010259389,3,9,0,99,99,9,9,99,99,9,9,99,9,99,1,9,6,6,3,-1,-1,-1,-1,-1,-1,-1,-1,0,-1
2020010252688,2020,010252688,2,1,0,18,19,5,1,0,0,1,0,0,1,10,3,1,6,6,1,26,6,-1,-1,-1,-1,7,E01003369,0,-1
2020010252204,2020,010252204,2,9,0,99,99,9,9,99,99,8,9,99,9,99,4,9,6,6,3,-1,-1,-1,-1,-1,-1,-1,-1,0,-1
2020010259067,2020,010259067,1,1,9,99,99,9,9,99,99,9,9,99,9,99,1,1,6,6,1,53,8,-1,-1,-1,-1,5,E01004701,0,-1
202006P269860,2020,06P269860,1,9,0,18,19,4,8,0,0,2,0,0,0,0,1,1,6,6,1,30,6,-1,-1,-1,-1,-1,-1,0,-1
2020351002980,2020,351002980,1,19,0,3,3,3,7,0,0,1,0,0,0,0,1,1,1,1,1,45,7,-1,-1,-1,-1,7,E01022477,0,-1
2020332000534,2020,332000534,2,9,0,18,19,4,8,0,0,8,0,0,0,0,0,1,6,6,2,35,6,-1,-1,-1,-1,-1,-1,0,-1
2020430129391,2020,430129391,1,9,0,13,13,8,4,0,0,0,2,0,7,1,3,1,6,6,1,38,7,-1,-1,-1,-1,6,E01016304,0,-1
2020010276260,2020,010276260,1,9,0,99,99,9,9,99,99,9,9,99,9,99,9,9,6,6,3,-1,-1,-1,-1,-1,-1,-1,-1,0,-1
2020010233225,2020,010233225,3,11,0,99,99,9,9,99,99,9,9,99,9,99,0,1,6,6,3,-1,-1,-1,-1,-1,-1,-1,-1,0,-1
2020370967889,2020,370967889,2,9,0,13,13,-1,-1,0,0,1,0,0,1,0,-1,1,6,6,3,-1,-1,-1,-1,-1,-1,-1,-1,0,-1
2020100969399,2020,100969399,2,1,0,18,19,8,4,0,0,8,0,0,0,0,4,1,5,6,1,24,5,-1,-1,-1,-1,5,E01008811,0,-1
2020302001253,2020,302001253,3,97,0,5,5,4,8,0,0,0,0,0,0,0,0,1,6,6,3,-1,-1,-1,-1,-1,-1,5,E01019456,0,-1
2020010234365,2020,010234365,2,9,0,99,99,9,9,99,99,0,9,99,9,99,9,9,6,6,3,-1,-1,-1,-1,-1,-1,-1,-1,0,-1
2020552001002,2020,552001002,2,1,0,18,19,8,4,0,0,0,0,0,0,0,3,1,2,2,1,46,8,-1,-1,-1,-1,5,E01015334,0,-1
2020230967022,2020,230967022,1,1,0,18,19,7,3,0,0,0,0,11,0,0,1,1,5,6,1,66,10,-1,-1,-1,-1,8,E01010192,0,-1
2020010250471,2020,010250471,2,1,0,18,19,7,3,4,4,1,0,10,1,0,0,1,1,1,1,48,8,-1,-1,-1,-1,4,E01002594,0,-1
202060Y126486,2020,60Y126486,3,9,0,4,4,3,7,0,0,0,0,0,0,0,2,1,6,6,2,20,4,-1,-1,-1,-1,-1,-1,0,-1
2020440452795,2020,440452795,1,1,0,18,19,1,5,0,0,8,0,0,0,0,1,1,1,1,1,20,4,-1,-1,-1,-1,2,E01022949,0,-1
2020110974270,2020,110974270,1,9,0,13,13,5,1,0,0,0,2,0,1,0,1,1,6,6,1,32,6,-1,-1,-1,-1,9,E01020628,0,-1
2020211001384,2020,211001384,1,9,-1,12,12,5,2,0,0,4,0,0,0,0,3,1,6,6,3,-1,-1,-1,-1,-1,-1,-1,-1,0,-1
2020100947852,2020,100947852,3,9,0,18,19,3,7,0,0,1,0,0,0,0,2,1,6,6,3,-1,-1,-1,-1,-1,-1,-1,-1,0,-1
2020137CH0970,2020,137CH0970,2,1,0,18,19,5,1,0,0,0,0,0,0,0,1,1,1,1,1,-1,-1,-1,-1,-1,-1,-1,-1,0,-1
2020010252757,2020,010252757,1,1,9,99,99,9,9,99,99,9,9,99,9,99,9,-1,2,2,1,34,6,-1,-1,-1,-1,6,E01003698,0,-1
2020360979536,2020,360979536,1,97,0,18,19,-1,-1,0,0,0,0,0,0,0,1,1,5,6,1,38,7,-1,-1,-1,-1,8,E01026439,0,-1
2020520001714,2020,520001714,1,9,0,18,19,4,8,0,0,8,0,0,0,0,1,1,6,6,1,61,9,-1,-1,-1,-1,8,E01029126,0,-1
2020332000444,2020,332000444,1,9,0,18,19,6,2,0,0,0,5,0,2,0,4,1,6,6,2,22,5,-1,-1,-1,-1,8,E01032598,0,-1
2020140951470,2020,140951470,2,9,0,2,2,0,0,9,9,2,0,0,0,0,2,1,6,6,3,-1,-1,-1,-1,-1,-1,-1,-1,0,-1
2020010253752,2020,010253752,2,1,0,16,19,5,7,0,0,2,0,0,0,0,3,-1,6,6,2,53,8,-1,-1,-1,-1,2,E01004584,0,-1
202031C158720,2020,31C158720,1,11,0,13,13,5,1,0,0,0,0,0,0,0,0,1,1,1,1,-1,-1,-1,-1,-1,-1,-1,-1,0,-1
2020140984711,2020,140984711,1,9,0,18,19,2,6,0,0,1,0,0,0,0,2,1,6,6,1,25,5,-1,-1,-1,-1,8,E01007527,0,-1
2020501015145,2020,501015145,1,9,0,18,19,1,8,0,0,1,0,0,0,0,1,1,6,6,3,-1,-1,-1,-1,-1,-1,-1,-1,0,-1
2020460995084,2020,460995084,1,9,0,9,9,3,1,0,0,1,0,0,7,0,4,1,2,2,2,41,7,-1,-1,-1,-1,7,E01016167,0,-1
2020200937190,2020,200937190,2,1,0,18,19,4,8,0,0,0,0,0,0,0,1,1,6,6,1,14,3,-1,-1,-1,-1,2,E01010302,0,-1
2020990954938,2020,990954938,2,9,0,2,2,6,7,0,0,0,0,0,7,0,3,1,6,6,3,-1,-1,-1,-1,-1,-1,-1,-1,0,-1
2020110989340,2020,110989340,1,97,0,18,19,7,3,9,9,0,0,0,0,0,0,1,6,6,3,18,4,-1,-1,-1,-1,-1,-1,0,-1
2020430444762,2020,430444762,2,9,0,3,3,6,2,0,0,0,0,0,0,0,2,1,6,6,1,30,6,-1,-1,-1,-1,3,E01024508,0,-1
2020010257084,2020,010257084,2,9,0,17,19,4,8,0,0,0,0,0,0,0,1,2,6,6,1,30,6,-1,-1,-1,-1,-1,-1,0,-1
2020052000983,2020,052000983,2,1,0,18,19,8,4,0,0,8,0,0,0,0,4,1,6,6,1,51,8,-1,-1,-1,-1,1,E01006632,0,-1
2020302000967,2020,302000967,2,9,0,3,3,8,4,0,0,0,0,0,0,0,1,1,6,6,3,-1,-1,-1,-1,-1,-1,5,E01019456,0,-1
2020440022492,2020,440022492,1,3,0,18,19,7,3,0,0,0,1,0,0,0,0,1,6,6,2,24,5,-1,-1,-1,-1,2,E01020347,0,-1
2020050178976,2020,050178976,1,9,0,4,4,8,4,0,0,0,0,0,0,0,2,1,6,6,3,-1,-1,-1,-1,-1,-1,-1,-1,0,-1
2020220928759,2020,220928759,2,1,0,18,19,1,5,0,0,8,0,0,0,0,1,1,5,6,1,40,7,-1,-1,-1,-1,3,E01014086,0,-1
2020990949154,2020,990949154,2,1,0,18,19,6,2,0,0,0,1,0,0,0,1,1,6,6,1,47,8,-1,-1,-1,-1,4,-1,0,-1
2020340C00042,2020,340C00042,2,9,0,3,3,2,6,0,0,1,0,0,0,0,1,1,6,6,3,-1,-1,-1,-1,-1,-1,-1,-1,0,-1
2020411014154,2020,411014154,2,9,0,2,2,0,0,0,0,0,0,0,0,0,4,1,6,6,3,-1,-1,-1,-1,-1,-1,-1,-1,0,-1
2020010235659,2020,010235659,2,1,0,18,19,3,7,0,0,8,0,0,0,0,3,-1,2,2,1,28,6,-1,-1,-1,-1,6,E01001751,0,-1
2020470920650,2020,470920650,2,1,0,18,19,4,8,0,0,0,0,0,0,0,2,1,2,2,1,17,4,-1,-1,-1,-1,9,E01031769,0,-1
2020140972273,2020,140972273,2,9,0,1,1,7,3,0,0,0,0,0,0,0,2,1,6,6,3,-1,-1,-1,-1,-1,-1,-1,-1,0,-1
2020010285833,2020,010285833,1,1,9,99,99,9,9,99,99,5,9,99,9,99,1,1,2,2,1,32,6,-1,-1,-1,-1,1,E01004324,0,-1
2020432003223,2020,432003223,1,8,0,18,19,9,9,0,0,0,0,0,0,0,4,1,6,6,3,-1,-1,-1,-1,-1,-1,-1,-1,0,-1
2020400926702,2020,400926702,1,9,0,18,19,1,5,0,0,1,0,11,0,0,1,1,6,6,1,57,9,-1,-1,-1,-1,5,W01000522,0,-1
2020010251403,2020,010251403,2,11,0,4,4,1,5,0,0,0,0,0,0,0,0,1,1,1,1,37,7,-1,-1,-1,-1,2,E01001553,0,-1
20201371R0409,2020,1371R0409,1,9,0,18,19,4,8,0,0,0,0,0,0,0,1,1,6,6,3,-1,-1,-1,-1,-1,-1,-1,-1,0,-1
2020010268015,2020,010268015,1,9,0,9,9,1,6,0,0,5,0,0,0,0,1,1,6,6,3,-1,-1,-1,-1,-1,-1,-1,-1,0,-1
2020010264198,2020,010264198,2,-1,9,99,99,9,9,99,99,0,9,99,9,99,9,1,6,6,3,-1,-1,-1,-1,-1,-1,-1,-1,1,-1
2020220969846,2020,220969846,2,1,0,18,19,2,6,0,0,2,0,0,0,0,3,1,5,6,1,22,5,-1,-1,-1,-1,-1,-1,0,-1
2020010243410,2020,010243410,1,1,9,99,99,9,9,99,99,9,9,99,9,99,1,1,6,6,1,45,7,-1,-1,-1,-1,5,E01000911,0,-1
2020010286586,2020,010286586,2,9,0,99,99,9,9,99,99,9,9,99,9,99,2,9,6,6,3,-1,-1,-1,-1,-1,-1,-1,-1,0,-1
202006A376635,2020,06A376635,1,90,0,18,19,6,2,5,5,7,0,0,0,0,1,1,6,6,1,19,4,-1,-1,-1,-1,1,E01005077,0,-1
2020160989220,2020,160989220,2,98,0,18,19,3,7,0,0,0,0,0,0,0,2,1,1,1,1,34,6,-1,-1,-1,-1,9,E01007380,0,-1
2020140925745,2020,140925745,2,1,0,5,5,6,2,0,0,0,0,0,0,0,1,1,5,6,1,15,3,-1,-1,-1,-1,2,E01007694,0,-1
2020030958021,2020,030958021,2,1,0,18,19,7,3,0,0,8,0,0,0,0,1,1,6,6,1,38,7,-1,-1,-1,-1,3,E01019205,0,-1
2020220980921,2020,220980921,2,1,0,18,19,3,7,0,0,1,1,0,0,0,2,1,5,6,1,45,7,-1,-1,-1,-1,9,E01028986,0,-1
202006A369884,2020,06A369884,1,9,0,1,1,1,5,0,0,1,0,0,0,0,2,1,6,6,3,-1,-1,-1,-1,-1,-1,-1,-1,0,-1
2020470950885,2020,470950885,2,1,0,18,19,8,4,0,0,8,0,0,0,0,4,1,6,6,1,36,7,-1,-1,-1,-1,9,E01021123,0,-1
2020140928255,2020,140928255,4,9,0,2,2,0,0,0,0,0,0,0,0,0,2,1,6,6,3,-1,-1,-1,-1,-1,-1,-1,-1,0,-1
2020351003143,2020,351003143,1,9,0,18,19,2,6,0,0,0,0,0,0,0,1,1,6,6,1,25,5,-1,-1,-1,-1,-1,-1,0,-1
2020332001000,2020,332001000,1,9,0,16,19,6,3,0,0,0,2,0,1,10,1,1,6,6,1,25,5,-1,-1,-1,-1,7,E01025911,0,-1
2020230949831,2020,230949831,2,1,0,18,19,4,8,0,0,8,0,0,0,0,1,1,5,6,1,22,5,-1,-1,-1,-1,10,E01031255,0,-1
2020160986034,2020,160986034,2,19,0,13,13,5,1,0,0,0,0,0,0,0,1,1,6,6,3,-1,-1,-1,-1,-1,-1,-1,-1,0,-1
2020430050315,2020,430050315,2,9,0,9,9,8,6,0,0,6,0,0,0,0,3,1,6,6,1,-1,-1,-1,-1,-1,-1,-1,-1,0,-1
202006A268245,2020,06A268245,2,1,0,18,19,5,1,0,0,1,0,0,0,0,4,1,2,2,2,35,6,-1,-1,-1,-1,5,E01005301,0,-1
2020340N00672,2020,340N00672,1,19,0,18,19,7,3,0,0,3,0,0,0,0,4,1,6,6,1,-1,-1,-1,-1,-1,-1,-1,-1,0,-1
202060Y001980,2020,60Y001980,1,9,0,17,19,3,8,0,0,0,0,0,7,4,1,1,6,6,1,22,5,-1,-1,-1,-1,-1,-1,0,-1
2020430169753,2020,430169753,1,9,0,9,9,8,5,0,0,8,0,0,0,0,1,1,6,6,2,32,6,-1,-1,-1,-1,-1,-1,0,-1
202006K371873,2020,06K371873,2,9,0,18,19,5,1,0,0,8,0,0,0,0,1,1,6,6,1,51,8,-1,-1,-1,-1,10,E01004893,0,-1
2020622000107,2020,622000107,1,9,0,9,9,2,8,0,0,8,5,0,0,0,4,1,2,2,1,66,10,-1,-1,-1,-1,4,W01000980,0,-1
2020040987513,2020,040987513,2,9,0,2,2,0,0,0,0,1,0,0,0,0,3,1,6,6,3,-1,-1,-1,-1,-1,-1,-1,-1,0,-1
2020010263098,2020,010263098,1,9,0,18,19,1,5,0,0,0,0,0,0,0,4,1,6,6,3,-1,-1,-1,-1,-1,-1,-1,-1,0,-1
2020460925511,2020,460925511,4,9,0,2,2,0,0,9,9,0,0,0,0,0,3,1,6,6,3,-1,-1,-1,-1,-1,-1,-1,-1,0,-1
2020332000721,2020,332000721,2,9,0,18,19,5,1,0,0,8,1,0,0,0,1,1,6,6,3,-1,-1,-1,-1,-1,-1,1,E01013640,0,-1
2020421010269,2020,421010269,2,9,0,2,2,0,0,0,0,0,0,0,0,0,1,1,6,6,3,-1,-1,-1,-1,-1,-1,-1,-1,0,-1
2020122001230,2020,122001230,1,9,0,1,1,5,1,0,0,0,0,0,0,0,2,1,6,6,1,81,11,-1,-1,-1,-1,8,E01027886,0,-1
202031D124620,2020,31D124620,1,9,0,12,12,5,1,0,0,0,1,0,0,0,2,1,6,6,1,29,6,-1,-1,-1,-1,2,E01007541,0,-1
2020340K00772,2020,340K00772,1,9,0,9,9,2,6,0,0,6,0,0,0,0,1,1,6,6,2,73,10,-1,-1,-1,-1,8,E01027097,0,-1
2020410980056,2020,410980056,1,1,0,18,19,2,6,0,0,0,0,4,0,0,1,1,5,6,1,71,10,-1,-1,-1,-1,4,E01023652,0,-1
2020552000555,2020,552000555,2,1,0,4,4,6,2,0,0,0,0,4,0,0,1,1,6,6,1,61,9,-1,-1,-1,-1,5,E01015377,0,-1
2020360997408,2020,360997408,2,-1,0,18,19,3,5,0,0,0,0,0,0,0,1,1,5,6,1,14,3,-1,-1,-1,-1,6,E01026534,1,-1
2020332000334,2020,332000334,1,8,0,16,19,4,7,0,0,0,0,0,1,9,1,1,6,6,1,39,7,-1,-1,-1,-1,2,E01029409,0,-1
2020122000654,2020,122000654,2,1,0,16,19,2,5,0,0,8,0,0,0,0,1,1,6,6,1,42,7,-1,-1,-1,-1,9,E01013370,0,-1
2020340W80102,2020,340W80102,1,9,0,18,19,1,5,0,0,0,5,0,2,11,1,1,6,6,1,25,5,-1,-1,-1,-1,9,E01027353,0,-1
2020010266846,2020,010266846,2,9,0,99,99,9,9,99,99,9,9,99,9,99,0,9,6,6,3,59,9,-1,-1,-1,-1,2,E01001621,0,-1
2020470941934,2020,470941934,2,1,0,18,19,3,7,0,0,8,0,0,0,0,3,1,6,6,2,30,6,-1,-1,-1,-1,4,E01033329,0,-1
2020302001011,2020,302001011,1,9,0,1,1,1,4,0,0,0,0,0,0,0,2,1,6,6,3,-1,-1,-1,-1,-1,-1,5,E01019456,0,-1
2020320426586,2020,320426586,1,19,0,18,19,4,8,0,0,0,0,0,0,0,0,1,6,6,3,40,7,-1,-1,-1,-1,-1,-1,0,-1
2020010280912,2020,010280912,2,9,9,18,19,1,5,99,99,9,9,99,9,99,9,9,6,6,3,-1,-1,-1,-1,-1,-1,-1,-1,0,-1
2020990997597,2020,990997597,1,17,0,1,1,2,6,0,0,0,0,0,0,0,2,1,1,1,2,62,9,-1,-1,-1,-1,7,-1,0,-1
2020220964498,2020,220964498,3,1,0,4,4,8,3,0,0,0,0,0,0,0,1,1,5,6,1,18,4,-1,-1,-1,-1,5,E01028959,0,-1
2020010238451,2020,010238451,2,9,0,7,7,2,4,0,0,1,0,0,0,0,1,1,6,6,3,-1,-1,-1,-1,-1,-1,-1,-1,0,-1
2020010234313,2020,010234313,2,1,0,9,9,8,5,0,0,4,0,0,0,0,4,1,6,6,2,29,6,-1,-1,-1,-1,-1,-1,0,-1
2020010249446,2020,010249446,1,1,9,99,99,9,9,99,99,9,9,99,9,99,9,-1,2,2,1,41,7,-1,-1,-1,-1,4,E01003527,0,-1
2020100968246,2020,100968246,1,9,0,18,19,7,3,0,0,2,0,0,0,0,1,1,5,6,1,20,4,-1,-1,-1,-1,2,E01033716,0,-1
2020010249237,2020,010249237,2,9,9,5,5,1,5,0,0,4,9,0,0,0,3,9,6,6,3,-1,-1,-1,-1,-1,-1,-1,-1,0,-1
2020440353315,2020,440353315,2,1,0,18,19,4,8,0,0,8,0,0,0,0,1,1,6,6,1,32,6,-1,-1,-1,-1,5,E01017131,0,-1
2020122000812,2020,122000812,1,1,0,18,19,6,2,0,0,0,0,0,0,0,1,1,6,6,1,16,4,-1,-1,-1,-1,8,E01012360,0,-1
2020010268613,2020,010268613,1,9,0,18,19,1,5,0,0,1,0,0,0,0,1,1,6,6,3,-1,-1,-1,-1,-1,-1,-1,-1,0,-1
2020410931355,2020,410931355,2,9,0,18,19,1,5,0,0,0,0,0,0,0,1,1,1,1,1,38,7,-1,-1,-1,-1,4,E01023202,0,-1
2020360980637,2020,360980637,2,1,0,18,19,6,2,5,5,8,0,0,0,0,1,1,2,2,1,57,9,-1,-1,-1,-1,7,E01030096,0,-1
2020010242744,2020,010242744,3,9,0,2,2,0,0,0,0,2,0,0,0,0,1,1,6,6,3,-1,-1,-1,-1,-1,-1,-1,-1,0,-1
20201376Q1785,2020,1376Q1785,2,1,0,18,19,3,7,0,0,8,0,0,0,0,1,1,6,6,1,28,6,-1,-1,-1,-1,1,E01010612,0,-1
2020420958705,2020,420958705,1,21,1,12,12,3,7,0,0,0,1,0,0,0,1,1,1,1,1,30,6,-1,-1,-1,-1,-1,-1,0,-1
2020010251173,2020,010251173,2,9,0,99,99,9,9,99,99,9,9,99,9,99,9,9,6,6,3,-1,-1,-1,-1,-1,-1,1,E01000891,0,-1
2020440228537,2020,440228537,2,3,0,18,19,7,3,0,0,8,0,0,0,0,1,1,1,1,1,23,5,-1,-1,-1,-1,5,E01017126,0,-1
2020010274329,2020,010274329,1,-1,9,99,99,9,9,99,99,9,9,99,9,99,9,9,6,6,3,-1,-1,-1,-1,-1,-1,-1,-1,1,-1
2020350954310,2020,350954310,1,1,0,18,19,5,1,0,0,0,0,0,0,0,0,1,6,6,2,42,7,-1,-1,-1,-1,5,E01026306,0,-1
2020122000237,2020,122000237,1,1,0,18,19,1,5,0,0,8,0,0,0,0,1,1,1,1,1,49,8,-1,-1,-1,-1,10,E01013436,0,-1
2020010265454,2020,010265454,2,9,0,99,99,9,9,99,99,9,9,99,9,99,9,9,6,6,3,-1,-1,-1,-1,-1,-1,-1,-1,0,-1
202060Y139314,2020,60Y139314,3,9,0,18,19,4,8,0,0,0,0,0,0,0,0,1,6,6,1,74,10,-1,-1,-1,-1,-1,-1,0,-1
2020500961258,2020,500961258,1,19,0,9,9,1,5,0,0,0,0,0,0,0,4,1,6,6,1,34,6,-1,-1,-1,-1,6,E01004717,0,-1
2020010281626,2020,010281626,1,1,9,99,99,9,9,99,99,0,9,99,9,99,1,1,6,6,1,36,7,-1,-1,-1,-1,5,E01004052,0,-1
2020460935498,2020,460935498,2,1,0,18,19,2,6,0,0,1,0,0,0,0,2,1,2,2,2,-1,-1,-1,-1,-1,-1,1,E01024659,0,-1
2020430105368,2020,430105368,2,1,0,18,19,4,8,0,0,8,0,0,0,0,1,1,6,6,1,54,8,-1,-1,-1,-1,7,E01016680,0,-1
2020100937284,2020,100937284,1,9,0,18,19,5,1,0,0,2,0,0,0,0,4,1,6,6,1,60,9,-1,-1,-1,-1,-1,-1,0,-1
2020010302554,2020,010302554,1,19,9,99,99,9,9,99,99,1,9,0,0,0,3,9,6,6,3,-1,-1,-1,-1,-1,-1,-1,-1,0,-1
202060Y028191,2020,60Y028191,1,9,0,18,19,5,1,0,0,8,0,0,0,0,1,1,6,6,1,24,5,-1,-1,-1,-1,-1,-1,0,-1
202031A068020,2020,31A068020,1,97,0,18,19,8,4,0,0,8,0,4,0,0,2,1,6,6,1,34,6,-1,-1,-1,-1,-1,-1,0,-1
2020160972519,2020,160972519,2,1,0,14,14,7,3,0,0,0,0,0,0,0,1,1,2,2,2,20,4,-1,-1,-1,-1,1,E01012889,0,-1
2020200936168,2020,200936168,5,9,0,18,19,8,4,0,0,0,0,0,0,0,1,1,6,6,2,53,8,-1,-1,-1,-1,2,E01009389,0,-1
2020440035856,2020,440035856,1,1,0,18,19,5,1,0,0,8,0,0,0,0,3,1,2,2,2,42,7,-1,-1,-1,-1,5,E01017096,0,-1
2020040967928,2020,040967928,4,9,0,2,2,0,0,0,0,2,0,0,0,0,1,1,6,6,3,-1,-1,-1,-1,-1,-1,-1,-1,0,-1
2020332000383,2020,332000383,1,9,0,7,7,3,5,0,0,4,0,0,0,0,1,1,6,6,2,24,5,-1,-1,-1,-1,2,E01013624,0,-1
2020470984676,2020,470984676,2,98,0,18,19,3,7,0,0,1,0,0,0,0,2,1,1,1,1,41,7,-1,-1,-1,-1,3,E01016926,0,-1
2020110989881,2020,110989881,1,9,0,18,19,3,7,0,0,0,0,0,0,0,1,1,6,6,2,19,4,-1,-1,-1,-1,2,E01020820,0,-1
2020350917028,2020,350917028,1,1,0,7,7,1,3,0,0,1,5,0,0,0,1,1,4,7,1,17,4,-1,-1,-1,-1,8,E01033116,0,-1
2020530944027,2020,530944027,2,16,0,18,19,8,4,0,0,0,0,0,0,0,1,1,5,6,2,50,8,-1,-1,-1,-1,-1,-1,0,-1
2020460973367,2020,460973367,1,21,1,13,13,1,5,0,0,0,0,0,0,0,4,1,1,1,2,48,8,-1,-1,-1,-1,-1,-1,0,-1
2020332000393,2020,332000393,1,9,0,18,19,3,7,0,0,0,0,0,0,0,1,1,2,2,2,37,7,-1,-1,-1,-1,10,E01025665,0,-1
2020010270451,2020,010270451,2,9,9,99,99,9,9,99,99,9,9,99,9,99,9,9,6,6,3,-1,-1,-1,-1,-1,-1,-1,-1,0,-1
2020320359912,2020,320359912,2,1,0,18,19,2,6,9,9,0,0,0,0,0,0,1,4,7,1,13,3,-1,-1,-1,-1,9,E01026119,0,-1
2020990966341,2020,990966341,3,9,0,2,2,0,0,0,0,1,0,0,0,0,1,1,6,6,3,-1,-1,-1,-1,-1,-1,-1,-1,0,-1
2020501007822,2020,501007822,2,21,1,18,19,3,7,0,0,0,0,0,0,0,4,1,1,1,1,50,8,-1,-1,-1,-1,2,E01015072,0,-1
2020100965992,2020,100965992,1,9,0,18,19,4,8,2,2,4,0,0,0,0,1,1,6,6,1,-1,-1,-1,-1,-1,-1,-1,-1,0,-1
2020101000605,2020,101000605,2,9,0,3,3,1,5,0,0,1,0,0,0,0,2,1,5,6,1,24,5,-1,-1,-1,-1,1,E01027533,0,-1
202031A113020,2020,31A113020,2,9,0,18,19,6,2,0,0,1,0,0,0,0,1,1,6,6,1,46,8,-1,-1,-1,-1,5,E01019582,0,-1
2020070060357,2020,070060357,1,1,0,18,19,6,2,0,0,6,0,0,0,0,1,1,4,7,1,12,3,-1,-1,-1,-1,3,E01012522,0,-1
2020010239307,2020,010239307,1,9,0,2,2,0,0,0,0,0,0,0,0,0,2,1,6,6,3,-1,-1,-1,-1,-1,-1,-1,-1,0,-1
2020010268307,2020,010268307,1,9,0,3,3,1,5,0,0,0,0,0,0,0,2,1,6,6,1,41,7,-1,-1,-1,-1,4,E01001165,0,-1
2020010262437,2020,010262437,2,21,9,99,99,9,9,99,99,0,9,99,9,99,9,9,6,6,3,-1,-1,-1,-1,-1,-1,-1,-1,0,-1
2020160916437,2020,160916437,2,1,0,18,19,6,2,0,0,2,0,0,0,0,4,1,4,7,2,11,3,-1,-1,-1,-1,1,E01012798,0,-1
2020010255205,2020,010255205,1,97,0,18,19,3,7,0,0,8,0,0,0,0,1,1,6,6,3,-1,-1,-1,-1,-1,-1,-1,-1,0,-1
2020450947952,2020,450947952,1,1,0,9,9,5,3,0,0,8,0,0,0,0,0,1,5,6,1,22,5,-1,-1,-1,-1,8,E01030972,0,-1
2020622000275,2020,622000275,2,1,0,18,19,8,4,0,0,0,1,4,0,0,1,1,6,6,1,39,7,-1,-1,-1,-1,1,W01001739,0,-1
2020411024617,2020,411024617,2,9,0,18,19,8,8,0,0,0,0,0,0,0,1,1,2,2,1,51,8,-1,-1,-1,-1,7,E01023373,0,-1
2020200993058,2020,200993058,1,9,0,13,13,1,5,0,0,0,0,7,1,0,1,1,6,6,1,19,4,-1,-1,-1,-1,8,E01029435,0,-1
2020470959328,2020,470959328,1,22,0,18,19,5,7,0,0,2,0,0,0,0,0,1,5,6,1,80,11,-1,-1,-1,-1,8,E01021129,0,-1
2020302001502,2020,302001502,2,19,0,13,13,2,6,0,0,0,0,0,0,0,4,1,6,6,3,-1,-1,-1,-1,-1,-1,5,E01019456,0,-1
2020170S20780,2020,170S20780,1,1,0,18,19,8,4,0,0,0,0,0,0,0,0,1,6,6,2,41,7,-1,-1,-1,-1,8,E01033476,0,-1
2020460959553,2020,460959553,2,1,0,9,9,5,1,0,0,3,0,0,0,0,1,1,5,6,1,35,6,-1,-1,-1,-1,3,E01024103,0,-1
2020440255818,2020,440255818,1,9,0,10,10,3,1,0,0,1,0,0,0,0,2,1,2,2,2,56,9,-1,-1,-1,-1,6,E01017212,0,-1
2020530935287,2020,530935287,3,9,0,2,2,0,0,0,0,0,0,4,0,0,3,1,6,6,3,-1,-1,-1,-1,-1,-1,-1,-1,0,-1
2020140962038,2020,140962038,2,9,0,18,19,2,6,0,0,0,0,0,0,0,1,1,6,6,3,35,6,-1,-1,-1,-1,-1,-1,0,-1
2020070436882,2020,070436882,2,1,0,3,3,1,7,0,0,8,0,0,0,0,2,1,6,6,1,75,10,-1,-1,-1,-1,8,E01007142,0,-1
2020332000594,2020,332000594,2,9,0,2,2,0,0,0,0,0,0,0,0,0,2,1,6,6,1,23,5,-1,-1,-1,-1,4,E01013749,0,-1
2020410999007,2020,410999007,1,1,0,18,19,7,3,5,5,0,0,0,0,0,1,1,5,6,1,60,9,-1,-1,-1,-1,7,E01023799,0,-1
2020010277755,2020,010277755,4,9,0,99,99,9,9,99,99,9,9,99,9,99,1,9,6,6,3,-1,-1,-1,-1,-1,-1,-1,-1,0,-1