collision_index,collision_year,collision_ref_no,vehicle_reference,vehicle_type,towing_and_articulation,vehicle_manoeuvre_historic,vehicle_manoeuvre,vehicle_direction_from,vehicle_direction_to,vehicle_location_restricted_lane_historic,vehicle_location_restricted_lane,junction_location,skidding_and_overturning,hit_object_in_carriageway,vehicle_leaving_carriageway,hit_object_off_carriageway,first_point_of_impact,vehicle_left_hand_drive,journey_purpose_of_driver_historic,journey_purpose_of_driver,sex_of_driver,age_of_driver,age_band_of_driver,engine_capacity_cc,propulsion_code,age_of_vehicle,generic_make_model,driver_imd_decile,lsoa_of_driver,escooter_flag,driver_distance_banding
2020531008529,2020,531008529,2,22,0,18,19,3,7,0,0,8,5,0,0,0,3,1,5,6,1,79,11,-1,-1,-1,-1,1,E01022323,0,-1
2020451003835,2020,451003835,2,1,0,18,19,1,5,0,0,4,0,0,0,0,1,1,5,6,1,56,9,-1,-1,-1,-1,8,E01030954,0,-1
2020370980069,2020,370980069,1,9,0,15,15,-1,-1,0,0,1,0,0,0,0,0,1,6,6,3,-1,-1,-1,-1,-1,-1,-1,-1,0,-1
2020170S10930,2020,170S10930,2,1,0,18,19,6,1,0,0,8,0,0,0,0,1,1,2,2,2,43,7,-1,-1,-1,-1,7,E01012202,0,-1
2020461000414,2020,461000414,1,1,0,18,19,6,2,0,0,0,2,0,0,0,0,1,5,6,1,54,8,-1,-1,-1,-1,9,E01001096,0,-1
2020350929725,2020,350929725,2,9,0,18,19,3,7,0,0,0,0,0,0,0,1,1,1,1,2,22,5,-1,-1,-1,-1,7,E01018210,0,-1
2020010234890,2020,010234890,1,9,0,99,99,9,9,99,99,9,9,99,9,99,2,9,2,2,2,22,5,-1,-1,-1,-1,6,E01002955,0,-1
2020460973974,2020,460973974,1,20,0,18,19,8,4,0,0,0,0,0,0,0,1,1,5,6,1,20,4,-1,-1,-1,-1,-1,-1,0,-1
2020420935215,2020,420935215,2,9,0,8,8,8,3,0,0,0,0,0,0,0,1,1,2,2,1,42,7,-1,-1,-1,-1,8,E01022077,0,-1
2020160993232,2020,160993232,1,9,0,1,1,5,1,0,0,0,0,0,0,0,0,1,6,6,3,-1,-1,-1,-1,-1,-1,-1,-1,0,-1
202060Y111094,2020,60Y111094,2,9,0,1,1,2,6,0,0,0,0,0,0,0,2,1,6,6,1,-1,-1,-1,-1,-1,-1,-1,-1,0,-1
2020440407255,2020,440407255,1,8,0,18,19,5,1,0,0,1,0,0,0,0,1,1,1,1,1,45,7,-1,-1,-1,-1,7,E01023203,0,-1
2020332000565,2020,332000565,3,9,0,18,19,7,3,0,0,3,0,0,0,0,1,1,2,2,2,57,9,-1,-1,-1,-1,3,E01009604,0,-1
2020070531692,2020,070531692,2,1,0,18,19,4,8,0,0,0,0,0,1,0,2,1,6,6,1,35,6,-1,-1,-1,-1,7,E01007225,0,-1
2020332001116,2020,332001116,1,9,0,18,19,4,8,0,0,0,0,0,0,0,0,1,6,6,1,48,8,-1,-1,-1,-1,-1,-1,0,-1
2020200942817,2020,200942817,2,1,0,18,19,4,8,0,0,8,0,0,0,0,1,1,6,6,1,52,8,-1,-1,-1,-1,7,E01009443,0,-1
2020430225902,2020,430225902,1,11,0,5,5,5,1,2,2,1,0,0,0,0,0,1,1,1,1,59,9,-1,-1,-1,-1,6,E01031209,0,-1
2020010284100,2020,010284100,2,1,0,17,19,7,3,0,0,0,0,0,0,0,1,1,2,2,1,28,6,-1,-1,-1,-1,3,E01004540,0,-1
202031A154420,2020,31A154420,2,1,0,18,19,1,5,4,4,0,0,0,0,0,0,1,4,7,1,16,4,-1,-1,-1,-1,2,E01027942,0,-1
2020170S41100,2020,170S41100,1,5,0,13,13,6,2,0,0,8,0,0,0,0,1,1,6,6,1,47,8,-1,-1,-1,-1,9,E01012236,0,-1
2020460922020,2020,460922020,1,1,0,7,7,5,6,4,4,1,0,0,0,0,1,1,5,6,1,64,9,-1,-1,-1,-1,7,E01024802,0,-1
2020010245243,2020,010245243,1,1,0,18,19,3,7,0,0,1,0,0,0,0,1,1,6,6,2,44,7,-1,-1,-1,-1,2,E01001820,0,-1
2020010264651,2020,010264651,1,1,0,15,15,3,7,2,2,2,0,0,0,0,1,1,6,6,1,-1,-1,-1,-1,-1,-1,-1,-1,0,-1
2020160962064,2020,160962064,1,1,0,5,5,1,5,0,0,8,0,0,0,0,1,1,5,6,1,18,4,-1,-1,-1,-1,1,E01013298,0,-1
2020350979773,2020,350979773,2,1,0,9,9,1,7,0,0,3,0,0,0,0,4,1,5,6,2,21,5,-1,-1,-1,-1,8,E01017990,0,-1
2020430029505,2020,430029505,2,1,0,18,19,1,1,0,0,0,0,0,0,0,2,1,6,6,1,46,8,-1,-1,-1,-1,8,E01032071,0,-1
2020200970290,2020,200970290,2,9,0,18,19,4,8,0,0,8,0,0,0,0,4,1,6,6,1,44,7,-1,-1,-1,-1,8,E01009425,0,-1
2020470958594,2020,470958594,3,9,0,2,2,0,0,0,0,0,0,0,0,0,3,1,6,6,3,-1,-1,-1,-1,-1,-1,-1,-1,0,-1
2020010235576,2020,010235576,2,9,0,18,19,5,1,0,0,1,0,0,0,0,1,1,6,6,3,-1,-1,-1,-1,-1,-1,-1,-1,0,-1
2020332000498,2020,332000498,1,9,0,18,19,4,8,0,0,8,0,0,0,0,1,1,6,6,2,42,7,-1,-1,-1,-1,7,E01025954,0,-1
2020100916775,2020,100916775,2,19,0,2,2,1,5,0,0,0,0,0,0,0,3,1,1,1,1,63,9,-1,-1,-1,-1,2,E01027493,0,-1
202060Y172151,2020,60Y172151,1,9,0,18,19,8,4,0,0,3,0,0,3,1,1,1,6,6,2,88,11,-1,-1,-1,-1,-1,-1,0,-1
2020361014217,2020,361014217,2,1,0,18,19,8,4,0,0,4,0,0,0,0,-1,1,5,6,1,33,6,-1,-1,-1,-1,9,E01026550,0,-1
2020501005001,2020,501005001,2,9,0,5,5,5,1,0,0,0,0,0,0,0,3,1,2,2,1,33,6,-1,-1,-1,-1,9,E01019965,0,-1
2020332000439,2020,332000439,1,9,0,7,7,3,5,0,0,5,0,0,0,0,2,1,1,1,1,41,7,-1,-1,-1,-1,7,E01025864,0,-1
20201375L1545,2020,1375L1545,1,9,0,13,13,6,2,0,0,8,0,0,0,0,4,1,6,6,1,-1,-1,-1,-1,-1,-1,-1,-1,0,-1
20201377E0714,2020,1377E0714,2,1,0,18,19,1,4,0,0,1,1,0,0,0,1,1,6,6,1,35,6,-1,-1,-1,-1,7,E01011895,0,-1
2020500949829,2020,500949829,2,1,0,9,9,7,3,0,0,1,1,0,0,0,1,1,5,6,1,15,3,-1,-1,-1,-1,1,E01018898,0,-1
202031A024320,2020,31A024320,2,1,0,18,19,8,4,9,9,8,0,0,0,0,1,1,6,6,1,13,3,-1,-1,-1,-1,8,E01027940,0,-1
2020010268183,2020,010268183,1,1,9,99,99,9,9,99,99,9,9,99,9,99,9,1,6,6,2,29,6,-1,-1,-1,-1,3,E01004202,0,-1
2020371027788,2020,371027788,1,1,0,18,19,2,6,0,0,2,0,0,0,0,1,1,5,6,1,14,3,-1,-1,-1,-1,9,E01029973,0,-1
2020480975006,2020,480975006,2,1,0,18,19,1,5,0,0,0,0,0,0,0,1,1,5,6,1,28,6,-1,-1,-1,-1,3,E01003969,0,-1
2020430121492,2020,430121492,1,9,0,18,19,3,7,0,0,1,0,0,0,0,3,1,6,6,2,33,6,-1,-1,-1,-1,-1,-1,0,-1
2020010274775,2020,010274775,1,9,0,9,9,1,6,0,0,6,0,0,0,0,1,1,3,7,2,29,6,-1,-1,-1,-1,2,E01032564,0,-1
2020040998189,2020,040998189,1,1,0,18,19,3,7,0,0,6,0,0,0,0,1,1,5,6,1,20,4,-1,-1,-1,-1,4,E01024945,0,-1
2020332000596,2020,332000596,3,19,0,3,3,5,1,0,0,1,0,0,0,0,4,1,1,1,1,48,8,-1,-1,-1,-1,3,E01019665,0,-1
2020332000885,2020,332000885,1,19,0,18,19,8,4,0,0,1,0,0,0,0,1,1,1,1,3,-1,-1,-1,-1,-1,-1,-1,-1,0,-1
2020332000546,2020,332000546,3,9,0,3,3,3,7,0,0,0,0,0,0,0,2,1,2,2,1,60,9,-1,-1,-1,-1,9,E01025975,0,-1
2020470977891,2020,470977891,3,9,0,18,19,7,3,0,0,8,0,0,0,0,0,1,6,6,3,-1,-1,-1,-1,-1,-1,-1,-1,0,-1
2020010230262,2020,010230262,2,1,0,18,19,3,7,0,0,8,0,0,0,0,2,1,2,2,1,40,7,-1,-1,-1,-1,4,E01000611,0,-1
2020544249820,2020,544249820,2,1,0,18,19,2,6,0,0,4,0,0,0,0,4,1,6,6,1,42,7,-1,-1,-1,-1,4,E01032101,0,-1
2020200960071,2020,200960071,2,9,0,4,4,3,7,0,0,0,0,0,0,0,2,1,2,2,1,32,6,-1,-1,-1,-1,4,E01010072,0,-1
2020470935752,2020,470935752,3,19,0,9,9,6,4,0,0,6,0,0,0,0,0,1,6,6,3,-1,-1,-1,-1,-1,-1,-1,-1,0,-1
202063A043820,2020,63A043820,1,9,0,1,1,-1,-1,0,0,8,0,0,0,0,2,1,6,6,3,-1,-1,-1,-1,-1,-1,-1,-1,0,-1
2020470916059,2020,470916059,1,19,0,13,13,7,3,0,0,1,0,0,0,0,4,1,6,6,3,-1,-1,-1,-1,-1,-1,-1,-1,0,-1
2020552100164,2020,552100164,2,1,0,18,19,7,3,0,0,8,0,0,0,0,1,1,6,6,1,16,4,-1,-1,-1,-1,3,E01020393,0,-1
2020440298072,2020,440298072,2,11,0,12,12,4,7,0,0,8,0,0,0,0,4,1,1,1,3,-1,-1,-1,-1,-1,-1,-1,-1,0,-1
2020530949335,2020,530949335,2,9,0,2,2,0,0,0,0,0,0,0,0,0,2,1,6,6,3,-1,-1,-1,-1,-1,-1,-1,-1,0,-1
2020440252426,2020,440252426,2,1,0,18,19,8,4,0,0,8,0,0,0,0,1,1,2,2,2,35,6,-1,-1,-1,-1,9,E01023158,0,-1
202006A268258,2020,06A268258,2,4,0,18,19,4,8,0,0,0,0,0,0,0,1,1,6,6,1,46,8,-1,-1,-1,-1,1,E01005196,0,-1
2020460972398,2020,460972398,2,9,0,18,19,3,7,0,0,0,0,0,0,0,0,1,6,6,3,-1,-1,-1,-1,-1,-1,-1,-1,0,-1
2020052001080,2020,052001080,1,1,0,16,19,3,7,0,0,0,1,0,7,0,3,1,6,6,1,20,4,-1,-1,-1,-1,5,E01006887,0,-1
2020522002589,2020,522002589,2,-1,0,13,13,8,4,0,0,8,0,0,0,0,4,1,4,7,1,10,2,-1,-1,-1,-1,-1,-1,1,-1
2020461010820,2020,461010820,2,22,0,18,19,3,7,9,9,1,0,0,0,0,3,1,6,6,2,48,8,-1,-1,-1,-1,1,E01024657,0,-1
2020470988701,2020,470988701,1,-1,0,18,19,2,8,0,0,2,0,4,0,0,1,1,5,6,1,23,5,-1,-1,-1,-1,4,E01031652,1,-1
2020432000487,2020,432000487,1,9,0,13,13,5,1,0,0,0,0,0,0,0,1,1,6,6,1,-1,-1,-1,-1,-1,-1,-1,-1,0,-1
2020430013090,2020,430013090,1,9,0,13,13,8,4,0,0,0,0,0,0,0,4,1,2,2,1,54,8,-1,-1,-1,-1,9,E01028425,0,-1
2020332001182,2020,332001182,1,9,0,18,19,5,1,0,0,8,0,0,0,0,0,1,6,6,2,44,7,-1,-1,-1,-1,-1,-1,0,-1
2020460992959,2020,460992959,1,9,0,9,9,7,5,0,0,6,0,0,0,0,4,1,2,2,1,46,8,-1,-1,-1,-1,7,E01021009,0,-1
2020030953745,2020,030953745,2,5,0,18,19,1,5,0,0,2,0,0,0,0,4,1,2,2,1,28,6,-1,-1,-1,-1,4,E01019150,0,-1
2020332000219,2020,332000219,2,9,0,18,19,1,5,0,0,0,0,0,0,0,1,1,6,6,1,-1,-1,-1,-1,-1,-1,-1,-1,0,-1
2020530980580,2020,530980580,1,16,0,7,7,2,5,0,0,3,0,0,0,0,0,1,6,6,2,48,8,-1,-1,-1,-1,8,E01022385,0,-1
202006A276906,2020,06A276906,3,11,0,18,19,1,5,0,0,2,0,0,0,0,1,1,6,6,1,30,6,-1,-1,-1,-1,1,E01005213,0,-1
2020140933967,2020,140933967,3,9,0,2,2,0,0,0,0,0,0,0,0,0,2,1,6,6,3,-1,-1,-1,-1,-1,-1,-1,-1,0,-1
2020010258586,2020,010258586,1,1,0,18,19,1,5,0,0,1,0,0,0,0,1,1,6,6,1,21,5,-1,-1,-1,-1,2,E01000483,0,-1
2020991007207,2020,991007207,2,9,0,3,3,2,5,0,0,0,0,0,0,0,2,1,1,1,1,38,7,-1,-1,-1,-1,4,-1,0,-1
2020361008246,2020,361008246,2,1,0,10,10,1,7,0,0,8,0,0,0,0,-1,1,4,7,1,14,3,-1,-1,-1,-1,6,E01026451,0,-1
2020990971666,2020,990971666,2,1,0,4,4,4,8,0,0,8,0,0,0,0,2,1,6,6,2,38,7,-1,-1,-1,-1,6,-1,0,-1
2020522004045,2020,522004045,1,1,0,18,19,1,5,0,0,8,0,0,0,0,3,1,6,6,2,35,6,-1,-1,-1,-1,2,E01014664,0,-1
20201373P1523,2020,1373P1523,1,9,0,18,19,7,3,0,0,1,0,0,0,0,4,1,6,6,1,-1,-1,-1,-1,-1,-1,4,E01010902,0,-1
2020530955603,2020,530955603,1,97,0,18,19,5,1,0,0,0,0,0,0,0,0,1,6,6,3,-1,-1,-1,-1,-1,-1,-1,-1,0,-1
2020350953292,2020,350953292,2,1,0,18,19,4,8,0,0,1,0,0,1,0,3,1,5,6,2,79,11,-1,-1,-1,-1,7,E01015627,0,-1
2020220961202,2020,220961202,1,9,0,18,19,8,4,0,0,0,0,0,4,6,1,1,5,6,1,33,6,-1,-1,-1,-1,7,E01010932,0,-1
2020052000169,2020,052000169,1,1,0,9,9,1,5,0,0,3,0,0,0,0,4,1,6,6,1,13,3,-1,-1,-1,-1,3,E01007233,0,-1
2020440485069,2020,440485069,1,9,0,18,19,1,5,0,0,8,0,0,0,0,1,1,6,6,1,30,6,-1,-1,-1,-1,4,E01032858,0,-1
202060Y116206,2020,60Y116206,1,9,0,17,19,8,6,0,0,0,0,0,0,0,0,1,6,6,1,20,4,-1,-1,-1,-1,-1,-1,0,-1
2020137CI0235,2020,137CI0235,1,9,0,18,19,8,4,0,0,0,0,0,0,0,1,1,1,1,1,35,6,-1,-1,-1,-1,-1,-1,0,-1
2020010252535,2020,010252535,2,1,0,18,19,5,1,0,0,8,0,0,0,0,1,-1,6,6,1,33,6,-1,-1,-1,-1,6,E01004581,0,-1
2020010279035,2020,010279035,2,19,0,16,19,1,5,0,0,8,0,0,0,0,1,1,6,6,1,35,6,-1,-1,-1,-1,6,E01000165,0,-1
202006J376667,2020,06J376667,2,9,0,18,19,8,4,0,0,8,0,0,0,0,3,1,1,1,1,40,7,-1,-1,-1,-1,6,E01005885,0,-1
2020332000357,2020,332000357,2,19,0,3,3,4,8,0,0,1,0,0,0,0,1,1,1,1,1,47,8,-1,-1,-1,-1,1,E01013679,0,-1
2020430173315,2020,430173315,2,5,0,13,13,2,6,0,0,0,0,0,0,0,2,1,6,6,1,43,7,-1,-1,-1,-1,2,E01017665,0,-1
2020160992675,2020,160992675,2,9,0,2,2,0,0,0,0,2,0,0,0,0,3,1,6,6,3,-1,-1,-1,-1,-1,-1,-1,-1,0,-1
2020010246399,2020,010246399,2,1,0,18,19,3,7,0,0,1,0,0,0,0,1,1,6,6,2,37,7,-1,-1,-1,-1,7,E01002377,0,-1
2020340K07392,2020,340K07392,2,1,0,18,19,3,7,0,0,8,0,0,0,0,4,1,6,6,2,18,4,-1,-1,-1,-1,10,E01027115,0,-1
2020340N07162,2020,340N07162,1,1,0,18,19,6,2,0,0,2,0,0,0,0,3,1,6,6,1,15,3,-1,-1,-1,-1,2,E01027248,0,-1
2020030983260,2020,030983260,2,19,0,9,9,7,3,0,0,1,0,0,0,0,2,1,6,6,1,44,7,-1,-1,-1,-1,3,E01019208,0,-1
2020010250844,2020,010250844,2,19,0,99,99,9,9,99,99,9,9,99,9,99,9,9,6,6,3,-1,-1,-1,-1,-1,-1,-1,-1,0,-1
2020460973291,2020,460973291,2,1,0,18,19,7,3,0,0,0,0,0,0,0,2,1,6,6,1,50,8,-1,-1,-1,-1,4,E01024178,0,-1
2020450982039,2020,450982039,1,90,0,18,19,3,7,0,0,0,5,0,0,0,1,1,3,7,2,16,4,-1,-1,-1,-1,4,E01030619,0,-1
2020010246326,2020,010246326,1,1,9,99,99,9,9,99,99,9,9,99,9,99,9,1,2,2,1,57,9,-1,-1,-1,-1,3,E01030744,0,-1
2020450967205,2020,450967205,1,1,0,18,19,5,1,0,0,0,0,11,0,0,1,1,5,6,1,59,9,-1,-1,-1,-1,8,E01030313,0,-1
2020010265244,2020,010265244,1,9,0,9,9,5,4,0,0,8,0,0,0,0,2,1,6,6,3,-1,-1,-1,-1,-1,-1,-1,-1,0,-1
2020010244608,2020,010244608,1,9,0,18,19,1,5,0,0,1,0,0,0,0,1,1,1,1,1,25,5,-1,-1,-1,-1,5,E01023843,0,-1
2020010241131,2020,010241131,2,1,0,18,19,1,5,0,0,1,0,0,0,0,0,1,6,6,1,26,6,-1,-1,-1,-1,5,E01004521,0,-1
2020332000670,2020,332000670,1,9,0,2,2,0,0,0,0,0,0,0,0,0,3,1,6,6,2,53,8,-1,-1,-1,-1,7,E01025954,0,-1
2020500988989,2020,500988989,2,1,0,18,19,7,3,0,0,6,0,0,0,0,3,1,5,6,1,12,3,-1,-1,-1,-1,4,W01000216,0,-1
2020070123506,2020,070123506,1,1,0,18,19,3,7,0,0,8,0,0,0,0,4,1,6,6,1,41,7,-1,-1,-1,-1,2,E01012525,0,-1
2020350999700,2020,350999700,2,1,0,18,19,8,2,0,0,1,0,0,0,0,2,1,6,6,1,45,7,-1,-1,-1,-1,3,E01018093,0,-1
2020160985483,2020,160985483,2,1,0,17,19,6,2,0,0,8,0,0,0,0,4,1,6,6,2,47,8,-1,-1,-1,-1,1,E01012944,0,-1
2020010270342,2020,010270342,1,1,9,99,99,9,9,99,99,9,9,99,9,99,9,1,6,6,1,24,5,-1,-1,-1,-1,5,E01003022,0,-1
2020522002610,2020,522002610,1,1,0,18,19,5,1,5,5,8,0,0,0,0,4,1,6,6,1,52,8,-1,-1,-1,-1,2,E01014575,0,-1
2020520003828,2020,520003828,1,9,5,18,19,3,7,0,0,8,0,0,0,0,1,1,6,6,2,29,6,-1,-1,-1,-1,8,E01029035,0,-1
2020470943680,2020,470943680,2,1,0,18,19,1,5,0,0,3,0,0,0,0,4,1,2,2,1,43,7,-1,-1,-1,-1,5,E01031467,0,-1
2020040957000,2020,040957000,1,9,0,9,9,8,7,0,0,8,0,0,0,0,1,1,6,6,1,52,8,-1,-1,-1,-1,1,E01006254,0,-1
2020522000210,2020,522000210,2,9,0,5,5,1,5,0,0,0,0,0,0,0,4,1,6,6,2,25,5,-1,-1,-1,-1,-1,-1,0,-1
2020211023191,2020,211023191,2,1,-1,-1,-1,8,4,-1,-1,-1,-1,-1,-1,0,-1,1,6,6,1,32,6,-1,-1,-1,-1,6,E01014288,0,-1
2020010281706,2020,010281706,2,9,0,18,19,7,3,0,0,0,0,0,0,0,1,1,6,6,3,-1,-1,-1,-1,-1,-1,-1,-1,0,-1
2020140959650,2020,140959650,2,1,0,16,19,6,1,0,0,1,5,0,0,0,1,1,6,6,2,20,4,-1,-1,-1,-1,8,E01008066,0,-1
2020400964033,2020,400964033,1,9,0,18,19,6,7,0,0,1,0,0,0,0,3,1,5,6,2,30,6,-1,-1,-1,-1,2,E01017474,0,-1
2020200970047,2020,200970047,1,98,0,14,14,2,6,0,0,0,0,0,0,0,1,1,6,6,3,-1,-1,-1,-1,-1,-1,-1,-1,0,-1
2020210954427,2020,210954427,2,9,0,2,2,6,-1,0,0,2,0,0,0,0,2,1,6,6,2,20,4,-1,-1,-1,-1,-1,-1,0,-1
2020450945606,2020,450945606,1,16,0,18,19,1,5,0,0,0,5,0,0,0,0,1,5,6,2,63,9,-1,-1,-1,-1,7,E01030629,0,-1
2020460921085,2020,460921085,1,9,0,18,19,5,1,0,0,0,0,0,0,0,1,1,6,6,3,-1,-1,-1,-1,-1,-1,-1,-1,0,-1
2020990951947,2020,990951947,1,1,0,16,19,6,4,0,0,0,0,0,0,0,0,1,6,6,1,35,6,-1,-1,-1,-1,5,-1,0,-1
2020420966363,2020,420966363,2,9,0,17,19,3,5,0,0,0,0,0,0,0,1,1,5,6,1,48,8,-1,-1,-1,-1,6,E01021761,0,-1
2020400997546,2020,400997546,2,1,0,18,19,5,8,0,0,8,0,0,0,0,4,1,6,6,2,23,5,-1,-1,-1,-1,9,E01017372,0,-1
2020440310363,2020,440310363,2,9,0,3,3,3,7,0,0,1,0,0,0,0,2,1,6,6,1,53,8,-1,-1,-1,-1,5,E01030971,0,-1
2020991010048,2020,991010048,2,-1,0,18,19,6,2,4,4,8,0,0,0,0,4,1,6,6,1,17,4,-1,-1,-1,-1,3,-1,1,-1
2020200947802,2020,200947802,1,9,0,18,19,3,7,0,0,2,0,4,0,0,4,1,6,6,3,-1,-1,-1,-1,-1,-1,-1,-1,0,-1
202060Y129256,2020,60Y129256,2,9,0,18,19,2,6,0,0,3,1,10,0,0,4,1,6,6,1,23,5,-1,-1,-1,-1,-1,-1,0,-1
2020010254682,2020,010254682,1,1,0,15,15,5,1,0,0,0,5,0,0,0,0,1,6,6,1,40,7,-1,-1,-1,-1,7,E01002888,0,-1
2020010229830,2020,010229830,1,5,0,9,9,1,6,0,0,5,0,0,0,0,3,-1,6,6,1,30,6,-1,-1,-1,-1,2,E01004686,0,-1
2020137A21030,2020,137A21030,2,1,0,18,19,8,4,0,0,1,0,0,0,0,1,1,6,6,1,40,7,-1,-1,-1,-1,-1,-1,0,-1
2020450985174,2020,450985174,2,9,0,2,2,0,0,0,0,0,0,0,0,0,2,1,6,6,3,-1,-1,-1,-1,-1,-1,-1,-1,0,-1
2020010252047,2020,010252047,2,23,0,18,19,1,5,0,0,8,0,0,0,0,1,1,6,6,1,25,5,-1,-1,-1,-1,3,E01004367,0,-1
2020470967139,2020,470967139,3,9,0,2,2,0,0,0,0,0,0,0,0,0,3,1,6,6,3,-1,-1,-1,-1,-1,-1,-1,-1,0,-1
202063D041520,2020,63D041520,2,1,0,18,19,3,7,0,0,8,0,0,0,0,1,1,6,6,1,70,10,-1,-1,-1,-1,6,W01000455,0,-1
2020010254063,2020,010254063,2,1,0,18,19,1,5,0,0,1,0,0,0,0,2,1,2,2,1,25,5,-1,-1,-1,-1,2,E01002096,0,-1
2020220978961,2020,220978961,2,1,0,18,19,4,8,0,0,0,0,0,0,0,2,1,5,6,1,11,3,-1,-1,-1,-1,3,E01032422,0,-1
2020010257563,2020,010257563,1,1,9,99,99,9,9,99,99,9,9,99,9,99,9,1,2,2,1,28,6,-1,-1,-1,-1,8,E01004593,0,-1
202060Y059138,2020,60Y059138,1,9,0,18,19,4,8,0,0,0,0,0,1,4,1,1,6,6,2,23,5,-1,-1,-1,-1,-1,-1,0,-1
2020440223736,2020,440223736,1,1,0,3,3,5,1,0,0,0,0,0,0,0,2,1,6,6,1,21,5,-1,-1,-1,-1,6,E01023121,0,-1
2020010239975,2020,010239975,1,1,9,99,99,9,9,99,99,9,9,99,9,99,1,-1,2,2,2,28,6,-1,-1,-1,-1,5,E01001803,0,-1
2020450941874,2020,450941874,1,1,0,18,19,1,5,0,0,0,2,0,0,0,2,1,5,6,1,55,8,-1,-1,-1,-1,10,E01030322,0,-1
2020332000355,2020,332000355,2,9,0,18,19,6,2,0,0,8,0,0,0,0,1,1,6,6,1,42,7,-1,-1,-1,-1,3,E01019877,0,-1
2020010250625,2020,010250625,1,1,9,99,99,9,9,99,99,9,9,99,9,99,1,-1,6,6,1,22,5,-1,-1,-1,-1,8,E01001907,0,-1
2020430424542,2020,430424542,1,19,0,18,19,1,5,0,0,1,0,0,0,0,1,1,1,1,2,30,6,-1,-1,-1,-1,-1,-1,0,-1
2020470971576,2020,470971576,2,1,0,18,19,1,5,0,0,8,0,0,0,0,2,1,6,6,1,25,5,-1,-1,-1,-1,7,E01031701,0,-1
2020990950941,2020,990950941,2,9,0,2,2,0,0,0,0,0,0,0,0,0,2,1,6,6,3,-1,-1,-1,-1,-1,-1,-1,-1,0,-1
2020420961219,2020,420961219,1,1,0,18,19,7,7,0,0,0,0,0,0,0,4,1,6,6,1,11,3,-1,-1,-1,-1,7,E01021920,0,-1
2020200935672,2020,200935672,2,1,0,18,19,3,7,0,0,8,0,0,0,0,2,1,6,6,1,46,8,-1,-1,-1,-1,7,E01032122,0,-1
2020137231007,2020,137231007,2,1,0,14,14,3,7,0,0,0,0,0,0,0,0,1,6,6,1,22,5,-1,-1,-1,-1,1,E01011730,0,-1
2020332000962,2020,332000962,1,9,0,18,19,1,5,0,0,6,0,0,0,0,3,1,6,6,3,-1,-1,-1,-1,-1,-1,-1,-1,0,-1
2020010260188,2020,010260188,1,1,0,18,19,4,8,0,0,1,0,0,0,0,1,1,6,6,1,29,6,-1,-1,-1,-1,6,E01002656,0,-1
2020040969327,2020,040969327,2,1,0,18,19,5,1,0,0,8,0,0,0,0,1,1,6,6,1,15,3,-1,-1,-1,-1,4,E01012712,0,-1
2020010235606,2020,010235606,1,9,0,99,99,9,9,99,99,9,9,99,9,99,9,9,6,6,3,-1,-1,-1,-1,-1,-1,-1,-1,0,-1
2020332000208,2020,332000208,1,9,0,13,13,6,2,0,0,0,0,0,0,0,4,1,6,6,3,-1,-1,-1,-1,-1,-1,-1,-1,0,-1
2020230962245,2020,230962245,2,1,0,5,5,4,8,0,0,4,0,0,0,0,3,1,5,6,1,58,9,-1,-1,-1,-1,7,E01031324,0,-1
2020440061937,2020,440061937,2,9,0,18,19,4,8,0,0,8,0,0,0,0,1,1,6,6,3,-1,-1,-1,-1,-1,-1,-1,-1,0,-1
202006Q276462,2020,06Q276462,1,9,0,3,3,6,2,0,0,0,0,0,0,0,1,1,1,1,1,27,6,-1,-1,-1,-1,1,E01005427,0,-1
2020010267957,2020,010267957,2,1,0,18,19,7,3,0,0,0,0,4,0,0,1,1,2,2,1,47,8,-1,-1,-1,-1,3,E01001371,0,-1
2020010262713,2020,010262713,2,1,0,12,12,5,1,0,0,2,0,0,0,0,3,1,2,2,1,33,6,-1,-1,-1,-1,2,E01004014,0,-1
2020010247206,2020,010247206,2,1,0,7,7,6,7,0,0,1,0,0,1,0,1,1,6,6,1,31,6,-1,-1,-1,-1,4,E01001738,0,-1
2020070743738,2020,070743738,2,1,0,18,19,2,6,0,0,1,0,0,0,0,3,1,4,7,1,12,3,-1,-1,-1,-1,8,E01018609,0,-1
2020332000063,2020,332000063,1,9,0,16,19,1,4,0,0,0,0,0,0,0,1,1,6,6,1,64,9,-1,-1,-1,-1,10,E01025783,0,-1
2020470949217,2020,470949217,3,1,0,18,19,7,3,0,0,0,0,4,0,0,3,1,6,6,1,25,5,-1,-1,-1,-1,5,E01031431,0,-1
2020420974168,2020,420974168,1,1,0,18,19,7,3,0,0,0,0,0,0,0,3,1,6,6,1,25,5,-1,-1,-1,-1,3,E01021358,0,-1
2020500947785,2020,500947785,2,1,0,18,19,8,2,4,4,8,0,0,0,0,3,1,1,1,1,-1,-1,-1,-1,-1,-1,3,E01015084,0,-1
2020010283362,2020,010283362,2,1,0,18,19,1,5,0,0,8,0,0,0,0,3,1,2,2,1,38,7,-1,-1,-1,-1,6,E01000624,0,-1
2020990986180,2020,990986180,1,9,0,16,19,4,8,0,0,0,5,0,1,0,1,1,2,2,1,20,4,-1,-1,-1,-1,6,-1,0,-1
2020400927671,2020,400927671,2,1,0,18,19,-1,-1,0,0,8,5,0,0,0,4,1,6,6,1,24,5,-1,-1,-1,-1,3,E01015715,0,-1
2020522002259,2020,522002259,1,1,0,18,19,7,3,0,0,0,0,0,0,0,1,1,6,6,1,56,9,-1,-1,-1,-1,9,E01014752,0,-1
2020410952036,2020,410952036,2,1,0,9,9,1,7,0,0,3,0,0,0,0,2,1,5,6,1,50,8,-1,-1,-1,-1,7,E01023662,0,-1
2020350921987,2020,350921987,2,1,0,9,9,5,3,0,0,0,0,0,0,0,2,1,5,6,1,52,8,-1,-1,-1,-1,9,E01018172,0,-1
2020201020051,2020,201020051,1,9,0,18,19,1,5,0,0,2,0,0,0,0,1,1,6,6,1,-1,-1,-1,-1,-1,-1,-1,-1,0,-1
2020040958029,2020,040958029,1,9,0,18,19,3,7,0,0,0,0,0,0,0,1,1,6,6,3,-1,-1,-1,-1,-1,-1,-1,-1,0,-1