collision_index,collision_year,collision_ref_no,vehicle_reference,vehicle_type,towing_and_articulation,vehicle_manoeuvre_historic,vehicle_manoeuvre,vehicle_direction_from,vehicle_direction_to,vehicle_location_restricted_lane_historic,vehicle_location_restricted_lane,junction_location,skidding_and_overturning,hit_object_in_carriageway,vehicle_leaving_carriageway,hit_object_off_carriageway,first_point_of_impact,vehicle_left_hand_drive,journey_purpose_of_driver_historic,journey_purpose_of_driver,sex_of_driver,age_of_driver,age_band_of_driver,engine_capacity_cc,propulsion_code,age_of_vehicle,generic_make_model,driver_imd_decile,lsoa_of_driver,escooter_flag,driver_distance_banding
2020522100519,2020,522100519,1,9,0,18,19,4,8,0,0,2,0,10,1,0,1,1,6,6,3,50,8,-1,-1,-1,-1,-1,-1,0,-1
2020010245460,2020,010245460,1,97,0,18,19,7,3,0,0,3,1,10,0,0,4,1,1,1,1,57,9,-1,-1,-1,-1,7,E01021606,0,-1
2020200961848,2020,200961848,1,9,0,9,9,2,8,0,0,8,0,0,0,0,1,1,6,6,3,-1,-1,-1,-1,-1,-1,-1,-1,0,-1
2020010249935,2020,010249935,1,1,9,99,99,9,9,99,99,9,9,99,9,99,1,-1,6,6,1,52,8,-1,-1,-1,-1,6,E01002113,0,-1
2020440319001,2020,440319001,3,9,0,18,19,3,7,0,0,1,1,0,0,0,1,1,1,1,1,28,6,-1,-1,-1,-1,4,E01017359,0,-1
2020470930417,2020,470930417,1,9,0,18,19,8,4,0,0,0,0,0,0,0,1,1,6,6,1,-1,-1,-1,-1,-1,-1,-1,-1,0,-1
2020052002117,2020,052002117,2,9,0,9,9,1,3,0,0,8,0,0,0,0,1,1,1,1,3,-1,-1,-1,-1,-1,-1,-1,-1,0,-1
2020460944798,2020,460944798,1,19,0,18,19,-1,-1,0,0,0,0,0,0,0,1,1,6,6,3,-1,-1,-1,-1,-1,-1,-1,-1,0,-1
2020350951664,2020,350951664,2,9,0,18,19,6,2,0,0,8,0,0,0,0,1,1,5,6,1,55,8,-1,-1,-1,-1,9,E01018241,0,-1
2020010270849,2020,010270849,2,1,0,14,14,1,5,0,0,1,1,0,0,0,1,1,6,6,1,49,8,-1,-1,-1,-1,9,E01003356,0,-1
2020421002917,2020,421002917,2,1,0,18,19,3,7,0,0,8,0,0,0,0,4,1,1,1,1,46,8,-1,-1,-1,-1,8,E01021350,0,-1
2020350970314,2020,350970314,2,5,0,18,19,1,6,0,0,8,0,0,0,0,4,1,5,6,1,73,10,-1,-1,-1,-1,10,E01018295,0,-1
2020332000621,2020,332000621,3,9,0,18,19,2,6,0,0,1,0,0,0,0,1,1,6,6,2,59,9,-1,-1,-1,-1,10,E01031139,0,-1
2020522002919,2020,522002919,1,1,0,9,9,5,3,0,0,8,0,0,0,0,2,1,6,6,1,29,6,-1,-1,-1,-1,5,E01014530,0,-1
2020332001206,2020,332001206,2,97,0,18,19,2,6,0,0,0,0,0,0,0,0,1,6,6,1,47,8,-1,-1,-1,-1,-1,-1,0,-1
2020010259965,2020,010259965,2,9,9,99,99,9,9,99,99,9,9,99,9,99,9,9,6,6,3,-1,-1,-1,-1,-1,-1,-1,-1,0,-1
2020350944667,2020,350944667,2,1,0,18,19,8,4,9,9,2,0,0,0,0,3,1,4,7,1,5,1,-1,-1,-1,-1,6,E01018150,0,-1
2020400982673,2020,400982673,2,1,0,18,19,3,7,0,0,1,0,0,0,0,1,1,6,6,1,31,6,-1,-1,-1,-1,9,E01017470,0,-1
2020460943876,2020,460943876,1,9,0,18,19,5,1,0,0,0,1,0,0,0,4,1,1,1,1,50,8,-1,-1,-1,-1,6,E01024783,0,-1
2020546434320,2020,546434320,1,9,0,18,19,3,7,0,0,1,0,0,0,0,1,1,6,6,1,17,4,-1,-1,-1,-1,8,E01031931,0,-1
202060Y026359,2020,60Y026359,1,9,0,18,19,1,5,0,0,0,5,0,1,4,4,1,1,1,1,24,5,-1,-1,-1,-1,-1,-1,0,-1
202006L171208,2020,06L171208,1,9,0,5,5,5,1,0,0,6,0,0,0,0,1,1,6,6,1,31,6,-1,-1,-1,-1,8,E01006407,0,-1
2020332000401,2020,332000401,2,9,0,18,19,5,1,0,0,0,0,0,0,0,1,1,6,6,1,23,5,-1,-1,-1,-1,3,E01013611,0,-1
2020010256045,2020,010256045,2,1,0,18,19,8,4,0,0,1,0,0,0,0,1,1,6,6,2,60,9,-1,-1,-1,-1,8,E01000177,0,-1
2020990921119,2020,990921119,3,9,0,2,2,0,0,0,0,0,0,4,0,0,1,1,6,6,3,-1,-1,-1,-1,-1,-1,-1,-1,0,-1
2020052000467,2020,052000467,2,1,0,9,9,1,7,0,0,1,0,0,0,0,1,1,1,1,2,57,9,-1,-1,-1,-1,2,E01033097,0,-1
2020440267130,2020,440267130,1,9,0,18,19,7,3,0,0,8,0,0,0,0,1,1,6,6,2,28,6,-1,-1,-1,-1,10,E01022884,0,-1
2020010243982,2020,010243982,2,3,0,9,9,1,6,0,0,1,0,0,0,0,1,-1,6,6,1,27,6,-1,-1,-1,-1,7,E01002226,0,-1
2020552001187,2020,552001187,1,1,0,15,15,6,2,4,4,8,0,0,0,0,3,1,6,6,1,31,6,-1,-1,-1,-1,7,E01020361,0,-1
2020471001186,2020,471001186,3,9,-1,1,1,1,5,0,0,0,0,0,0,0,0,1,6,6,3,-1,-1,-1,-1,-1,-1,-1,-1,0,-1
2020140951801,2020,140951801,2,9,0,18,19,3,7,0,0,0,0,0,0,0,1,1,6,6,3,-1,-1,-1,-1,-1,-1,-1,-1,0,-1
202006N274660,2020,06N274660,1,1,0,18,19,1,5,0,0,1,0,0,0,0,1,1,6,6,1,18,4,-1,-1,-1,-1,1,E01010755,0,-1
2020200952023,2020,200952023,2,9,0,18,19,4,8,0,0,8,0,0,0,0,1,1,6,6,1,18,4,-1,-1,-1,-1,6,E01010167,0,-1
2020070330071,2020,070330071,1,9,0,7,7,1,7,2,2,1,0,0,0,0,3,1,6,6,1,59,9,-1,-1,-1,-1,6,E01012515,0,-1
202006K277537,2020,06K277537,2,20,0,2,2,0,0,0,0,1,5,0,0,0,4,1,6,6,1,37,7,-1,-1,-1,-1,-1,-1,0,-1
2020470959817,2020,470959817,2,1,0,18,19,6,2,0,0,0,0,0,0,0,2,1,6,6,1,42,7,-1,-1,-1,-1,9,E01016934,0,-1
2020552000605,2020,552000605,1,1,0,18,19,1,5,0,0,0,0,0,0,0,1,1,6,6,1,17,4,-1,-1,-1,-1,3,E01015292,0,-1
2020100967650,2020,100967650,2,9,0,2,2,2,6,0,0,8,0,0,0,0,4,1,6,6,3,-1,-1,-1,-1,-1,-1,-1,-1,0,-1
2020530960146,2020,530960146,2,1,0,18,19,2,7,0,0,1,0,0,0,0,2,1,6,6,1,-1,-1,-1,-1,-1,-1,8,E01022313,0,-1
2020137631489,2020,137631489,2,1,0,18,19,1,5,0,0,0,0,0,0,0,1,1,6,6,1,32,6,-1,-1,-1,-1,8,E01011687,0,-1
2020011001459,2020,011001459,1,1,0,4,4,7,3,0,0,1,1,0,0,0,1,1,2,2,1,53,8,-1,-1,-1,-1,4,E01000923,0,-1
2020010274644,2020,010274644,1,1,0,18,19,1,5,0,0,0,0,0,0,0,0,1,2,2,2,36,7,-1,-1,-1,-1,6,E01033570,0,-1
2020360998648,2020,360998648,1,9,0,13,13,6,2,0,0,0,0,0,0,0,4,1,6,6,3,-1,-1,-1,-1,-1,-1,-1,-1,0,-1
2020302001354,2020,302001354,2,1,0,18,19,6,2,0,0,0,1,0,7,0,1,1,6,6,1,74,10,-1,-1,-1,-1,10,E01019793,0,-1
2020200930891,2020,200930891,2,1,0,18,19,6,2,0,0,8,0,0,0,0,3,1,6,6,1,64,9,-1,-1,-1,-1,8,E01010124,0,-1
202006E478407,2020,06E478407,1,9,0,18,19,5,1,0,0,8,0,0,0,0,1,1,6,6,3,-1,-1,-1,-1,-1,-1,-1,-1,0,-1
2020470923654,2020,470923654,2,9,0,17,19,4,1,0,0,8,0,0,1,11,1,1,1,1,1,33,6,-1,-1,-1,-1,10,E01031702,0,-1
2020010276153,2020,010276153,1,97,0,99,99,9,9,99,99,0,9,99,9,99,9,1,6,6,3,-1,-1,-1,-1,-1,-1,-1,-1,0,-1
2020470927893,2020,470927893,1,9,0,16,19,2,5,0,0,0,0,0,0,0,1,1,6,6,1,27,6,-1,-1,-1,-1,5,E01021074,0,-1
2020430366990,2020,430366990,1,9,0,18,19,8,4,0,0,2,0,0,0,0,1,1,6,6,2,-1,-1,-1,-1,-1,-1,-1,-1,0,-1
2020160928507,2020,160928507,1,9,0,-1,-1,-1,-1,-1,-1,0,-1,-1,-1,0,-1,1,6,6,3,-1,-1,-1,-1,-1,-1,-1,-1,0,-1
2020430016798,2020,430016798,2,1,0,9,9,9,9,0,0,1,0,0,0,0,1,1,2,2,1,33,6,-1,-1,-1,-1,2,E01016839,0,-1
2020530988291,2020,530988291,2,1,0,18,19,5,8,0,0,0,0,0,0,0,1,1,6,6,1,34,6,-1,-1,-1,-1,5,E01022155,0,-1
2020160957313,2020,160957313,1,97,0,18,19,7,3,0,0,0,0,0,0,0,1,1,6,6,1,-1,-1,-1,-1,-1,-1,-1,-1,0,-1
2020430250324,2020,430250324,2,9,0,11,11,5,1,0,0,1,0,0,0,0,0,1,6,6,2,-1,-1,-1,-1,-1,-1,-1,-1,0,-1
2020400930844,2020,400930844,1,9,0,18,19,4,8,0,0,1,0,0,0,0,1,1,2,2,2,57,9,-1,-1,-1,-1,10,E01017407,0,-1
2020122000789,2020,122000789,2,1,0,15,15,8,3,0,0,1,0,0,0,0,3,1,6,6,2,29,6,-1,-1,-1,-1,8,E01013391,0,-1
2020070725605,2020,070725605,2,1,0,18,19,5,1,0,0,8,0,0,0,0,1,1,6,6,1,59,9,-1,-1,-1,-1,4,E01012432,0,-1
2020010257236,2020,010257236,1,19,0,99,99,9,9,99,99,9,9,99,9,99,9,9,6,6,3,-1,-1,-1,-1,-1,-1,-1,-1,0,-1
2020010240787,2020,010240787,1,1,9,99,99,9,9,99,99,9,9,99,9,99,9,1,2,2,2,35,6,-1,-1,-1,-1,6,E01002022,0,-1
2020460967698,2020,460967698,1,9,0,16,19,1,5,0,0,0,0,0,0,0,1,1,5,6,1,67,10,-1,-1,-1,-1,-1,-1,0,-1
2020332000558,2020,332000558,2,21,0,4,4,3,7,0,0,1,0,0,0,0,1,1,2,2,1,28,6,-1,-1,-1,-1,3,E01025987,0,-1
2020421007752,2020,421007752,2,9,0,4,4,5,1,0,0,0,0,0,0,0,2,1,1,1,1,44,7,-1,-1,-1,-1,-1,-1,0,-1
2020010240582,2020,010240582,2,1,0,18,19,5,1,0,0,6,0,0,0,0,1,-1,6,6,1,27,6,-1,-1,-1,-1,4,E01002798,0,-1
2020350956674,2020,350956674,1,9,0,18,19,1,2,0,0,0,0,0,0,0,1,1,6,6,2,16,4,-1,-1,-1,-1,4,E01018024,0,-1
2020010266543,2020,010266543,2,19,0,99,99,9,9,99,99,9,9,99,9,99,2,9,6,6,3,-1,-1,-1,-1,-1,-1,3,E01000128,0,-1
2020052001345,2020,052001345,1,19,0,12,12,7,3,0,0,0,0,0,0,0,3,1,6,6,3,-1,-1,-1,-1,-1,-1,-1,-1,0,-1
202060Y103007,2020,60Y103007,1,9,0,18,19,2,6,7,6,1,0,0,0,0,1,1,6,6,3,-1,-1,-1,-1,-1,-1,-1,-1,0,-1
2020360953648,2020,360953648,2,1,0,18,19,5,1,0,0,1,0,0,1,9,3,1,5,6,2,35,6,-1,-1,-1,-1,8,E01033538,0,-1
2020010247263,2020,010247263,2,9,0,99,99,9,9,99,99,9,9,99,9,99,9,9,6,6,3,-1,-1,-1,-1,-1,-1,-1,-1,0,-1
2020101004832,2020,101004832,1,9,0,18,19,3,7,0,0,0,0,0,0,0,3,1,6,6,3,-1,-1,-1,-1,-1,-1,-1,-1,0,-1
2020010267331,2020,010267331,2,1,0,18,19,5,1,0,0,8,0,0,0,0,1,1,6,6,1,22,5,-1,-1,-1,-1,6,E01001678,0,-1
2020340N04212,2020,340N04212,1,9,0,9,9,7,5,0,0,5,0,0,0,0,0,1,6,6,1,-1,-1,-1,-1,-1,-1,-1,-1,0,-1
2020201020899,2020,201020899,1,9,0,18,19,7,3,0,0,1,0,0,0,0,1,1,6,6,3,-1,-1,-1,-1,-1,-1,-1,-1,0,-1
202060Y027144,2020,60Y027144,1,9,0,17,19,7,4,0,0,0,0,0,0,0,1,1,6,6,2,62,9,-1,-1,-1,-1,-1,-1,0,-1
2020410979371,2020,410979371,1,9,-1,-1,-1,-1,-1,-1,-1,0,-1,-1,-1,0,-1,1,5,6,1,-1,-1,-1,-1,-1,-1,-1,-1,0,-1
202006L267985,2020,06L267985,1,9,0,10,10,8,6,0,0,1,0,0,0,0,2,1,6,6,1,19,4,-1,-1,-1,-1,4,E01006269,0,-1
2020522000057,2020,522000057,1,1,0,18,19,1,5,0,0,8,0,0,0,0,3,1,6,6,1,38,7,-1,-1,-1,-1,9,E01014667,0,-1
2020430233641,2020,430233641,1,9,0,18,19,8,4,0,0,0,0,0,0,0,0,1,1,1,1,-1,-1,-1,-1,-1,-1,-1,-1,0,-1
2020410990223,2020,410990223,2,1,0,18,19,8,4,0,0,0,0,0,0,0,2,1,6,6,1,41,7,-1,-1,-1,-1,10,E01023370,0,-1
2020430221798,2020,430221798,2,1,0,18,19,3,5,0,0,8,0,0,0,0,2,1,2,2,1,28,6,-1,-1,-1,-1,2,E01028514,0,-1
2020332000246,2020,332000246,2,1,0,18,19,7,3,0,0,0,0,0,0,0,1,1,6,6,2,21,5,-1,-1,-1,-1,8,E01025671,0,-1
2020010249497,2020,010249497,2,1,0,18,19,1,5,0,0,2,0,0,0,0,3,1,6,6,1,24,5,-1,-1,-1,-1,6,E01004379,0,-1
2020010261666,2020,010261666,2,9,0,99,99,9,9,99,99,0,9,99,9,99,9,9,6,6,3,-1,-1,-1,-1,-1,-1,-1,-1,0,-1
2020450934665,2020,450934665,2,9,0,2,2,0,0,0,0,0,0,0,0,0,2,1,6,6,3,-1,-1,-1,-1,-1,-1,-1,-1,0,-1
2020990925953,2020,990925953,2,1,0,18,19,2,6,0,0,1,0,0,0,0,1,1,5,6,1,49,8,-1,-1,-1,-1,6,-1,0,-1
2020010241671,2020,010241671,2,9,0,99,99,9,9,99,99,9,9,99,9,99,9,9,6,6,2,21,5,-1,-1,-1,-1,4,E01000380,0,-1
2020440375464,2020,440375464,1,1,0,18,19,8,4,0,0,8,0,0,0,0,1,1,6,6,1,19,4,-1,-1,-1,-1,2,E01017032,0,-1
2020440208445,2020,440208445,1,1,0,17,19,2,8,0,0,8,0,0,0,0,2,1,6,6,2,32,6,-1,-1,-1,-1,3,E01017099,0,-1
2020122000785,2020,122000785,2,1,0,10,10,3,8,0,0,1,0,0,0,0,2,1,1,1,2,36,7,-1,-1,-1,-1,7,E01013345,0,-1
2020302001357,2020,302001357,2,98,0,18,19,1,4,0,0,0,0,0,0,0,0,1,1,1,3,-1,-1,-1,-1,-1,-1,5,E01019456,0,-1
2020101008147,2020,101008147,1,1,0,18,19,5,1,0,0,0,2,0,0,0,0,1,6,6,1,-1,-1,-1,-1,-1,-1,-1,-1,0,-1
2020220964498,2020,220964498,2,1,0,4,4,8,3,0,0,0,0,0,0,0,1,1,5,6,1,15,3,-1,-1,-1,-1,5,E01028959,0,-1
2020010275634,2020,010275634,1,9,0,3,3,7,3,0,0,8,0,0,0,0,1,1,6,6,2,40,7,-1,-1,-1,-1,-1,-1,0,-1
2020302000973,2020,302000973,1,9,0,4,4,8,3,0,0,1,0,0,0,0,1,1,6,6,3,-1,-1,-1,-1,-1,-1,5,E01019456,0,-1
2020990985162,2020,990985162,2,1,0,18,19,4,8,0,0,8,0,0,0,0,3,1,6,6,1,58,9,-1,-1,-1,-1,6,-1,0,-1
2020332000371,2020,332000371,2,1,0,18,19,7,3,0,0,6,0,0,0,0,1,1,6,6,1,25,5,-1,-1,-1,-1,6,E01013801,0,-1
2020520100047,2020,520100047,1,9,0,2,2,0,0,0,0,0,0,0,0,0,2,1,6,6,1,40,7,-1,-1,-1,-1,7,E01029147,0,-1
2020430161834,2020,430161834,1,9,0,18,19,2,6,0,0,1,0,0,0,0,1,1,6,6,1,49,8,-1,-1,-1,-1,-1,-1,0,-1
2020302001582,2020,302001582,1,9,0,18,19,2,8,0,0,0,0,0,0,0,1,1,6,6,3,-1,-1,-1,-1,-1,-1,5,E01019456,0,-1
2020332000554,2020,332000554,1,9,0,9,9,8,4,0,0,6,0,0,0,0,1,1,6,6,2,59,9,-1,-1,-1,-1,6,E01026339,0,-1
2020110964402,2020,110964402,2,1,0,9,9,2,6,0,0,1,0,0,0,0,1,1,6,6,2,54,8,-1,-1,-1,-1,6,E01008750,0,-1
2020010273750,2020,010273750,1,1,9,99,99,9,9,99,99,9,9,99,9,99,1,1,6,6,1,27,6,-1,-1,-1,-1,5,E01003019,0,-1
2020030927283,2020,030927283,1,1,0,18,19,7,3,0,0,4,0,0,0,0,1,1,6,6,1,14,3,-1,-1,-1,-1,-1,-1,0,-1
2020010248037,2020,010248037,1,9,0,18,19,7,3,9,9,0,0,10,1,0,1,1,6,6,3,-1,-1,-1,-1,-1,-1,-1,-1,0,-1
2020010238466,2020,010238466,1,97,0,99,99,9,9,99,99,9,9,99,9,99,9,9,6,6,3,-1,-1,-1,-1,-1,-1,-1,-1,0,-1
2020411008007,2020,411008007,1,9,0,18,19,7,2,0,0,0,0,0,1,11,1,1,2,2,2,28,6,-1,-1,-1,-1,10,E01017762,0,-1
2020450940767,2020,450940767,1,1,0,4,4,3,7,0,0,0,0,0,0,0,1,1,6,6,1,11,3,-1,-1,-1,-1,3,E01030711,0,-1
202006E275285,2020,06E275285,2,1,0,18,19,2,6,0,0,8,0,0,0,0,1,1,6,6,1,28,6,-1,-1,-1,-1,1,E01005948,0,-1
2020470983080,2020,470983080,2,9,0,2,2,0,0,0,0,0,0,0,0,0,2,1,6,6,3,-1,-1,-1,-1,-1,-1,-1,-1,0,-1
2020400935791,2020,400935791,1,9,0,9,9,8,4,0,0,6,0,0,0,0,1,1,1,1,2,18,4,-1,-1,-1,-1,4,E01017600,0,-1
2020040962264,2020,040962264,1,1,0,18,19,5,5,9,9,8,0,0,0,0,1,1,5,6,1,18,4,-1,-1,-1,-1,2,E01025275,0,-1
2020140925870,2020,140925870,2,9,0,18,19,4,8,0,0,0,0,0,0,0,1,1,5,6,2,48,8,-1,-1,-1,-1,7,E01007911,0,-1
2020010238408,2020,010238408,1,9,0,99,99,9,9,99,99,1,9,99,9,99,1,1,6,6,3,-1,-1,-1,-1,-1,-1,-1,-1,0,-1
2020010287012,2020,010287012,1,9,0,18,19,1,5,0,0,0,0,0,0,0,1,1,6,6,3,-1,-1,-1,-1,-1,-1,-1,-1,0,-1
2020010257232,2020,010257232,2,9,0,99,99,9,9,0,0,9,0,99,0,0,9,9,6,6,1,-1,-1,-1,-1,-1,-1,10,E01022070,0,-1
2020420969875,2020,420969875,1,9,0,18,19,6,2,0,0,3,0,0,0,0,4,1,6,6,2,-1,-1,-1,-1,-1,-1,-1,-1,0,-1
2020010271927,2020,010271927,2,1,0,8,8,5,7,0,0,5,0,0,0,0,1,1,1,1,1,73,10,-1,-1,-1,-1,3,E01001759,0,-1
2020340N07002,2020,340N07002,1,1,0,18,19,1,5,0,0,8,0,0,0,0,3,1,6,6,1,46,8,-1,-1,-1,-1,8,E01027162,0,-1
2020340C02952,2020,340C02952,1,9,0,18,19,1,5,0,0,0,0,0,0,0,1,1,6,6,3,-1,-1,-1,-1,-1,-1,-1,-1,0,-1
202060Y007535,2020,60Y007535,1,9,0,18,19,5,1,0,0,0,0,0,0,0,1,1,6,6,3,-1,-1,-1,-1,-1,-1,-1,-1,0,-1
2020010245342,2020,010245342,1,1,9,99,99,9,9,99,99,9,9,99,9,99,1,1,6,6,1,27,6,-1,-1,-1,-1,1,E01033585,0,-1
2020990964644,2020,990964644,2,1,0,18,19,4,7,0,0,8,5,0,0,0,1,1,5,6,1,46,8,-1,-1,-1,-1,8,-1,0,-1
2020040975171,2020,040975171,2,9,0,4,4,3,7,0,0,0,0,0,0,0,2,1,1,1,1,58,9,-1,-1,-1,-1,3,E01007058,0,-1
2020231009877,2020,231009877,2,1,0,18,19,2,6,0,0,0,0,0,1,0,2,1,1,1,1,28,6,-1,-1,-1,-1,1,E01009585,0,-1
2020440450381,2020,440450381,2,-1,0,18,19,7,2,0,0,0,0,0,0,0,1,1,6,6,1,17,4,-1,-1,-1,-1,10,E01022870,1,-1
202063B080120,2020,63B080120,1,90,0,18,19,7,3,0,0,6,0,0,0,0,1,1,6,6,1,18,4,-1,-1,-1,-1,7,W01000548,0,-1
2020990969020,2020,990969020,2,1,0,18,19,4,8,0,0,1,0,0,0,0,1,1,5,6,1,44,7,-1,-1,-1,-1,5,-1,0,-1
2020101003287,2020,101003287,2,1,0,18,19,7,5,0,0,8,0,9,0,0,4,1,5,6,1,27,6,-1,-1,-1,-1,8,E01008372,0,-1
2020010242414,2020,010242414,2,9,0,18,19,1,5,0,0,2,0,0,0,0,4,1,1,1,1,30,6,-1,-1,-1,-1,4,E01000612,0,-1
202006A275882,2020,06A275882,1,9,0,18,19,7,3,0,0,1,0,0,0,0,1,1,6,6,2,30,6,-1,-1,-1,-1,-1,-1,0,-1
2020470952455,2020,470952455,1,1,0,18,19,3,2,0,0,1,0,0,0,0,1,1,6,6,1,17,4,-1,-1,-1,-1,8,E01021082,0,-1
2020450973928,2020,450973928,2,9,0,18,19,1,1,0,0,1,0,0,0,0,1,1,6,6,2,30,6,-1,-1,-1,-1,-1,-1,0,-1
202031C123720,2020,31C123720,2,9,0,18,19,6,2,0,0,6,0,0,0,0,1,1,6,6,3,-1,-1,-1,-1,-1,-1,-1,-1,0,-1
2020420946975,2020,420946975,2,9,0,2,2,0,0,0,0,1,0,0,0,0,2,1,6,6,3,-1,-1,-1,-1,-1,-1,-1,-1,0,-1
2020220953706,2020,220953706,2,1,0,18,19,8,5,0,0,8,0,0,0,0,1,1,5,6,1,23,5,-1,-1,-1,-1,5,E01032264,0,-1
2020010239912,2020,010239912,2,9,0,18,19,3,7,0,0,0,0,99,0,0,1,9,6,6,3,-1,-1,-1,-1,-1,-1,-1,-1,0,-1
2020990947948,2020,990947948,2,1,0,18,19,4,8,0,0,0,0,0,0,0,4,1,5,6,1,25,5,-1,-1,-1,-1,7,-1,0,-1
2020211025309,2020,211025309,1,9,0,18,19,7,3,0,0,8,0,0,3,11,1,1,5,6,1,18,4,-1,-1,-1,-1,5,E01009913,0,-1
2020440303517,2020,440303517,2,9,0,18,19,8,4,0,0,2,0,0,0,0,1,1,6,6,2,27,6,-1,-1,-1,-1,-1,-1,0,-1
2020410944093,2020,410944093,2,1,0,3,3,3,7,0,0,1,0,0,0,0,3,1,6,6,1,21,5,-1,-1,-1,-1,6,E01023671,0,-1
2020990960248,2020,990960248,3,1,0,18,19,3,3,0,0,0,1,11,0,0,1,1,5,6,1,67,10,-1,-1,-1,-1,5,-1,0,-1
2020440215498,2020,440215498,1,1,0,18,19,7,3,0,0,1,0,0,0,0,1,1,6,6,1,60,9,-1,-1,-1,-1,3,E01022680,0,-1
2020471013388,2020,471013388,1,9,0,5,5,3,7,-1,-1,1,-1,-1,-1,0,0,1,6,6,3,30,6,-1,-1,-1,-1,-1,-1,0,-1
2020450930624,2020,450930624,2,9,0,18,19,1,5,0,0,2,0,0,0,0,0,1,6,6,3,54,8,-1,-1,-1,-1,-1,-1,0,-1
2020010285647,2020,010285647,2,9,0,9,9,1,7,0,0,1,0,0,0,0,0,1,6,6,1,35,6,-1,-1,-1,-1,4,E01000546,0,-1
2020010241717,2020,010241717,1,9,0,18,19,3,7,0,0,1,0,0,0,0,4,1,6,6,1,64,9,-1,-1,-1,-1,4,E01001321,0,-1
2020430003955,2020,430003955,2,3,0,18,19,5,1,0,0,8,0,0,0,0,1,1,1,1,1,35,6,-1,-1,-1,-1,7,E01001346,0,-1
2020552000941,2020,552000941,1,-1,0,9,9,4,2,4,4,8,0,0,0,0,1,1,2,2,2,27,6,-1,-1,-1,-1,2,E01015288,1,-1
2020010249151,2020,010249151,2,19,0,99,99,9,9,99,99,9,9,99,9,99,2,9,6,6,3,-1,-1,-1,-1,-1,-1,-1,-1,0,-1
20201377E1700,2020,1377E1700,2,1,0,4,4,3,7,0,0,1,0,0,0,0,1,1,6,6,1,10,2,-1,-1,-1,-1,-1,-1,0,-1
2020010249901,2020,010249901,1,1,9,99,99,9,9,99,99,0,9,99,9,99,1,1,6,6,1,36,7,-1,-1,-1,-1,10,E01022861,0,-1
2020440278791,2020,440278791,1,3,0,4,4,3,7,0,0,1,0,0,0,0,0,1,6,6,1,45,7,-1,-1,-1,-1,4,E01017124,0,-1
2020421001992,2020,421001992,1,21,1,12,12,8,4,0,0,0,0,0,0,0,4,1,1,1,1,53,8,-1,-1,-1,-1,-1,-1,0,-1
2020010253929,2020,010253929,1,9,0,99,99,9,9,0,0,8,0,0,0,0,1,9,6,6,3,-1,-1,-1,-1,-1,-1,-1,-1,0,-1
2020010274520,2020,010274520,1,9,0,18,19,2,6,0,0,2,0,0,1,0,1,1,6,6,3,-1,-1,-1,-1,-1,-1,-1,-1,0,-1
2020430162928,2020,430162928,2,1,0,18,19,2,6,0,0,8,0,0,0,0,4,1,6,6,1,45,7,-1,-1,-1,-1,8,E01016274,0,-1
2020421008360,2020,421008360,2,1,0,9,9,5,2,0,0,1,1,0,0,0,1,1,5,6,1,57,9,-1,-1,-1,-1,8,E01021719,0,-1
2020320208917,2020,320208917,2,19,0,18,19,7,3,0,0,0,0,0,0,0,2,1,1,1,1,37,7,-1,-1,-1,-1,3,E01026012,0,-1
2020010253484,2020,010253484,2,1,0,15,15,5,1,0,0,1,0,0,0,0,4,1,6,6,1,27,6,-1,-1,-1,-1,3,E01004489,0,-1
2020010265257,2020,010265257,2,1,0,18,19,1,5,0,0,6,0,0,0,0,1,1,6,6,1,32,6,-1,-1,-1,-1,5,E01001403,0,-1
202054C087620,2020,54C087620,2,9,0,18,19,2,6,0,0,4,0,0,0,0,3,1,6,6,2,22,5,-1,-1,-1,-1,9,E01031968,0,-1
2020440081342,2020,440081342,3,9,0,18,19,2,6,0,0,0,0,0,0,0,2,1,6,6,1,28,6,-1,-1,-1,-1,9,E01022826,0,-1
2020460920163,2020,460920163,1,9,0,5,5,5,1,0,0,1,0,0,0,0,1,1,6,6,2,-1,-1,-1,-1,-1,-1,-1,-1,0,-1
2020990969572,2020,990969572,2,1,0,17,19,6,3,0,0,4,0,0,0,0,1,1,5,6,1,28,6,-1,-1,-1,-1,4,-1,0,-1
2020010282258,2020,010282258,2,1,0,18,19,1,5,0,0,1,0,0,0,0,3,1,3,7,1,14,3,-1,-1,-1,-1,6,E01003694,0,-1
202031C169520,2020,31C169520,2,9,0,18,19,1,5,0,0,1,0,0,0,0,1,1,6,6,2,23,5,-1,-1,-1,-1,6,E01027997,0,-1
2020010268809,2020,010268809,1,3,0,5,5,1,5,0,0,0,0,0,0,0,3,1,6,6,3,-1,-1,-1,-1,-1,-1,-1,-1,0,-1
2020010272289,2020,010272289,2,19,0,18,19,2,6,0,0,1,0,0,0,0,4,1,1,1,1,25,5,-1,-1,-1,-1,8,E01002178,0,-1
2020137A81358,2020,137A81358,2,1,0,18,19,3,7,0,0,8,5,0,0,0,1,1,6,6,1,19,4,-1,-1,-1,-1,5,E01010708,0,-1
2020010246763,2020,010246763,2,19,0,9,9,4,1,0,0,1,0,0,0,0,1,1,6,6,1,42,7,-1,-1,-1,-1,3,E01000035,0,-1
2020160952514,2020,160952514,2,9,0,18,19,6,2,0,0,8,0,0,0,0,4,1,6,6,1,26,6,-1,-1,-1,-1,6,E01013176,0,-1
2020522001622,2020,522001622,2,1,0,18,19,5,1,0,0,0,0,0,0,0,3,1,6,6,1,63,9,-1,-1,-1,-1,8,E01014896,0,-1
2020010252126,2020,010252126,1,1,0,7,7,3,5,9,9,6,0,0,0,0,1,1,6,6,2,32,6,-1,-1,-1,-1,2,E01003623,0,-1
2020430032034,2020,430032034,2,1,0,18,19,2,6,0,0,8,0,0,0,0,1,1,1,1,1,24,5,-1,-1,-1,-1,8,E01031861,0,-1
2020010274372,2020,010274372,2,-1,0,18,19,1,5,0,0,6,0,0,0,0,1,1,6,6,1,25,5,-1,-1,-1,-1,1,E01002857,1,-1
2020420972157,2020,420972157,2,1,0,4,4,5,3,0,0,1,0,0,0,0,2,1,6,6,1,49,8,-1,-1,-1,-1,10,E01021480,0,-1