collision_index,collision_year,collision_ref_no,vehicle_reference,vehicle_type,towing_and_articulation,vehicle_manoeuvre_historic,vehicle_manoeuvre,vehicle_direction_from,vehicle_direction_to,vehicle_location_restricted_lane_historic,vehicle_location_restricted_lane,junction_location,skidding_and_overturning,hit_object_in_carriageway,vehicle_leaving_carriageway,hit_object_off_carriageway,first_point_of_impact,vehicle_left_hand_drive,journey_purpose_of_driver_historic,journey_purpose_of_driver,sex_of_driver,age_of_driver,age_band_of_driver,engine_capacity_cc,propulsion_code,age_of_vehicle,generic_make_model,driver_imd_decile,lsoa_of_driver,escooter_flag,driver_distance_banding
2020010254176,2020,010254176,1,19,0,4,4,5,1,0,0,0,0,0,0,0,0,1,6,6,1,51,8,-1,-1,-1,-1,-1,-1,0,-1
2020010275752,2020,010275752,1,1,9,99,99,9,9,99,99,9,9,99,9,99,9,1,6,6,1,46,8,-1,-1,-1,-1,4,E01002063,0,-1
2020200953600,2020,200953600,2,1,0,18,19,6,2,0,0,8,0,0,0,0,4,1,6,6,1,60,9,-1,-1,-1,-1,2,E01009022,0,-1
2020010285287,2020,010285287,2,1,0,18,19,5,1,0,0,1,0,0,0,0,1,1,6,6,1,27,6,-1,-1,-1,-1,5,E01000354,0,-1
202060Y166764,2020,60Y166764,1,9,0,18,19,1,5,0,0,1,0,0,0,0,1,1,6,6,2,57,9,-1,-1,-1,-1,-1,-1,0,-1
2020200963044,2020,200963044,2,1,0,11,11,2,6,0,0,1,0,0,0,0,2,1,6,6,2,57,9,-1,-1,-1,-1,1,E01009637,0,-1
2020332000578,2020,332000578,1,9,0,18,19,7,3,0,0,8,0,0,0,0,3,1,2,2,2,50,8,-1,-1,-1,-1,9,E01025617,0,-1
2020010247711,2020,010247711,1,1,9,99,99,9,9,99,99,9,9,99,9,99,9,1,6,6,1,46,8,-1,-1,-1,-1,3,E01003113,0,-1
2020010258177,2020,010258177,2,1,0,18,19,5,1,0,0,0,0,0,0,0,1,1,2,2,1,47,8,-1,-1,-1,-1,4,E01001724,0,-1
2020040953135,2020,040953135,2,1,0,17,19,4,1,0,0,1,0,0,0,0,1,1,5,6,1,30,6,-1,-1,-1,-1,9,E01025240,0,-1
2020010282175,2020,010282175,2,1,0,18,19,7,3,9,9,1,1,0,0,0,4,1,2,2,2,38,7,-1,-1,-1,-1,5,E01001232,0,-1
2020332000300,2020,332000300,1,9,0,9,9,1,7,0,0,4,1,10,0,0,1,1,6,6,2,83,11,-1,-1,-1,-1,10,E01025651,0,-1
2020010240316,2020,010240316,1,9,0,99,99,9,9,99,99,9,9,99,9,99,1,9,6,6,3,-1,-1,-1,-1,-1,-1,-1,-1,0,-1
2020302000270,2020,302000270,1,9,0,12,12,4,8,0,0,8,0,0,0,0,0,1,6,6,2,-1,-1,-1,-1,-1,-1,-1,-1,0,-1
2020340S03562,2020,340S03562,1,1,0,18,19,5,1,0,0,8,2,0,0,0,1,1,6,6,1,-1,-1,-1,-1,-1,-1,-1,-1,0,-1
2020010270917,2020,010270917,1,9,0,9,9,7,6,0,0,1,0,0,0,0,1,1,1,1,2,52,8,-1,-1,-1,-1,3,E01000107,0,-1
2020220988964,2020,220988964,3,21,0,18,19,3,7,0,0,0,0,0,0,0,3,1,1,1,1,47,8,-1,-1,-1,-1,-1,-1,0,-1
2020111001680,2020,111001680,2,9,0,18,19,3,7,0,0,0,0,0,0,0,3,1,6,6,1,46,8,-1,-1,-1,-1,9,E01020666,0,-1
2020100982511,2020,100982511,4,9,0,2,2,3,3,0,0,1,0,0,0,0,2,1,6,6,3,-1,-1,-1,-1,-1,-1,-1,-1,0,-1
2020990950162,2020,990950162,2,1,0,18,19,5,1,0,0,1,0,0,0,0,0,1,2,2,1,55,8,-1,-1,-1,-1,1,-1,0,-1
2020137CN1043,2020,137CN1043,2,1,0,18,19,5,1,0,0,6,0,0,0,0,3,1,2,2,1,25,5,-1,-1,-1,-1,-1,-1,0,-1
2020522001313,2020,522001313,1,1,0,18,19,8,4,0,0,8,0,0,0,0,4,1,6,6,2,30,6,-1,-1,-1,-1,4,E01014485,0,-1
2020500975629,2020,500975629,2,9,0,16,19,5,1,0,0,0,0,0,1,0,1,1,6,6,1,19,4,-1,-1,-1,-1,-1,-1,0,-1
2020420998424,2020,420998424,2,9,0,18,19,5,1,0,0,0,0,0,0,0,0,1,6,6,3,-1,-1,-1,-1,-1,-1,-1,-1,0,-1
2020552000806,2020,552000806,2,1,0,12,12,7,3,0,0,8,0,0,0,0,1,1,6,6,2,55,8,-1,-1,-1,-1,4,E01015303,0,-1
2020332000703,2020,332000703,1,9,0,18,19,1,5,0,0,4,0,0,0,0,4,1,6,6,1,42,7,-1,-1,-1,-1,4,E01017475,0,-1
2020450967345,2020,450967345,1,1,0,18,19,3,7,0,0,0,0,0,0,0,0,1,5,6,2,31,6,-1,-1,-1,-1,10,E01030454,0,-1
2020140963851,2020,140963851,1,1,0,18,19,4,8,4,4,0,0,0,0,0,1,1,6,6,1,38,7,-1,-1,-1,-1,8,E01007801,0,-1
2020430121492,2020,430121492,2,1,0,18,19,1,5,0,0,8,0,0,0,0,4,1,6,6,2,53,8,-1,-1,-1,-1,6,E01028700,0,-1
2020140981980,2020,140981980,1,9,0,18,19,6,2,0,0,0,0,0,0,0,1,1,6,6,3,-1,-1,-1,-1,-1,-1,-1,-1,0,-1
2020332000820,2020,332000820,1,9,0,18,19,1,5,0,0,8,0,10,0,0,1,1,6,6,1,22,5,-1,-1,-1,-1,5,E01013627,0,-1
2020070202142,2020,070202142,1,1,0,3,3,7,5,0,0,8,0,0,0,0,1,1,2,2,1,29,6,-1,-1,-1,-1,7,E01018361,0,-1
2020411013627,2020,411013627,1,98,-1,-1,-1,-1,-1,-1,-1,0,-1,-1,-1,0,-1,1,6,6,3,-1,-1,-1,-1,-1,-1,-1,-1,0,-1
2020220946007,2020,220946007,1,9,0,7,7,4,5,0,0,5,1,0,1,4,1,1,5,6,1,56,9,-1,-1,-1,-1,8,E01014167,0,-1
2020230922799,2020,230922799,1,9,0,11,11,7,3,0,0,0,0,0,5,6,1,1,5,6,2,54,8,-1,-1,-1,-1,10,E01025814,0,-1
2020122001387,2020,122001387,1,1,0,17,19,8,5,0,0,0,1,0,2,11,4,1,6,6,1,43,7,-1,-1,-1,-1,8,E01011276,0,-1
202031D149620,2020,31D149620,1,9,0,18,19,2,6,0,0,1,0,0,0,0,1,1,6,6,3,-1,-1,-1,-1,-1,-1,-1,-1,0,-1
2020040965432,2020,040965432,2,1,0,18,19,3,7,0,0,3,0,0,0,0,2,1,6,6,1,10,2,-1,-1,-1,-1,2,E01025140,0,-1
2020440267968,2020,440267968,1,1,0,18,19,5,1,0,0,0,0,0,0,0,1,1,6,6,1,22,5,-1,-1,-1,-1,4,E01022804,0,-1
2020010269425,2020,010269425,1,23,0,99,99,9,9,99,99,0,9,99,9,99,9,1,6,6,1,39,7,-1,-1,-1,-1,2,E01001761,0,-1
2020010275915,2020,010275915,2,1,0,18,19,4,8,0,0,2,0,0,7,0,4,1,6,6,2,42,7,-1,-1,-1,-1,3,E01001816,0,-1
2020137660614,2020,137660614,2,9,0,18,19,8,4,0,0,0,0,0,0,0,1,1,6,6,2,30,6,-1,-1,-1,-1,9,E01027575,0,-1
2020522101301,2020,522101301,2,1,0,18,19,4,8,0,0,8,0,0,0,0,1,1,6,6,2,33,6,-1,-1,-1,-1,3,E01014572,0,-1
2020200966967,2020,200966967,2,1,0,18,19,2,6,0,0,8,0,0,0,0,1,1,6,6,1,16,4,-1,-1,-1,-1,3,E01009232,0,-1
2020160950118,2020,160950118,2,1,0,18,19,5,1,0,0,8,5,0,0,0,3,1,6,6,1,67,10,-1,-1,-1,-1,1,E01033110,0,-1
2020541887820,2020,541887820,1,9,0,18,19,1,5,0,0,0,0,0,3,0,1,1,6,6,1,40,7,-1,-1,-1,-1,-1,-1,0,-1
2020990923073,2020,990923073,2,9,0,2,2,0,0,0,0,0,0,0,0,0,2,1,5,6,1,51,8,-1,-1,-1,-1,3,-1,0,-1
2020010272366,2020,010272366,1,1,9,99,99,9,9,99,99,0,9,99,9,99,9,1,2,2,1,36,7,-1,-1,-1,-1,5,E01003018,0,-1
2020010266794,2020,010266794,2,9,0,99,99,9,9,99,99,9,9,99,9,99,1,9,6,6,3,-1,-1,-1,-1,-1,-1,-1,-1,0,-1
2020221002870,2020,221002870,2,2,0,18,19,5,1,0,0,8,0,0,0,0,4,1,2,2,1,54,8,-1,-1,-1,-1,7,E01032315,0,-1
2020470960281,2020,470960281,2,1,0,18,19,6,2,0,0,0,0,0,0,0,2,1,6,6,1,58,9,-1,-1,-1,-1,8,E01031535,0,-1
2020430107043,2020,430107043,1,9,0,18,19,8,4,0,0,0,0,0,0,0,2,1,6,6,1,-1,-1,-1,-1,-1,-1,-1,-1,0,-1
2020410964420,2020,410964420,2,1,0,18,19,7,1,0,0,0,0,0,0,0,1,1,5,6,1,39,7,-1,-1,-1,-1,6,E01023855,0,-1
2020010261737,2020,010261737,2,1,0,10,10,1,6,0,0,1,0,0,0,0,2,1,6,6,2,30,6,-1,-1,-1,-1,7,E01003475,0,-1
2020010250752,2020,010250752,2,9,0,99,99,9,9,99,99,9,9,99,9,99,9,9,6,6,3,-1,-1,-1,-1,-1,-1,-1,-1,0,-1
2020320407044,2020,320407044,1,9,0,18,19,5,1,0,0,3,0,0,0,0,3,1,6,6,3,40,7,-1,-1,-1,-1,-1,-1,0,-1
202006M167782,2020,06M167782,2,1,0,18,19,5,1,0,0,0,0,0,0,0,1,1,2,2,1,51,8,-1,-1,-1,-1,2,E01006112,0,-1
2020052000690,2020,052000690,2,1,0,18,19,8,4,0,0,8,0,0,0,0,1,1,6,6,1,20,4,-1,-1,-1,-1,5,E01006550,0,-1
2020552000852,2020,552000852,2,1,0,18,19,8,4,0,0,0,0,0,0,0,1,1,6,6,1,68,10,-1,-1,-1,-1,6,E01015462,0,-1
2020010253619,2020,010253619,2,19,9,99,99,9,9,99,99,1,9,99,9,99,9,1,6,6,3,-1,-1,-1,-1,-1,-1,-1,-1,0,-1
2020302000661,2020,302000661,1,1,0,18,19,5,1,0,0,0,0,0,0,0,4,1,2,2,1,26,6,-1,-1,-1,-1,4,E01019516,0,-1
2020430024099,2020,430024099,2,1,0,7,7,2,5,0,0,2,0,8,0,0,4,1,6,6,1,58,9,-1,-1,-1,-1,8,E01028536,0,-1
202006M271212,2020,06M271212,2,9,0,10,10,7,6,0,0,6,0,0,0,0,2,1,6,6,1,31,6,-1,-1,-1,-1,8,E01006090,0,-1
202006E371664,2020,06E371664,1,9,0,18,19,5,1,0,0,0,1,10,0,0,1,1,6,6,1,48,8,-1,-1,-1,-1,1,E01005108,0,-1
202063B068220,2020,63B068220,2,1,0,18,19,8,4,0,0,0,0,0,0,0,-1,1,6,6,1,36,7,-1,-1,-1,-1,6,W01000701,0,-1
2020010257345,2020,010257345,2,1,0,17,19,1,5,0,0,8,0,0,0,0,4,1,6,6,1,35,6,-1,-1,-1,-1,7,E01000786,0,-1
202031C173020,2020,31C173020,1,9,0,18,19,5,1,0,0,6,0,0,0,0,1,1,6,6,3,-1,-1,-1,-1,-1,-1,-1,-1,0,-1
2020302000183,2020,302000183,2,1,0,7,7,8,2,0,0,1,0,0,0,0,1,1,6,6,1,67,10,-1,-1,-1,-1,9,E01019518,0,-1
2020450925275,2020,450925275,1,9,0,5,5,1,5,0,0,2,0,0,0,0,1,1,6,6,2,46,8,-1,-1,-1,-1,10,E01022602,0,-1
2020332001161,2020,332001161,2,19,0,18,19,5,1,0,0,0,0,0,0,0,0,1,6,6,1,31,6,-1,-1,-1,-1,-1,-1,0,-1
2020140920465,2020,140920465,2,97,0,18,19,8,4,0,0,2,1,0,0,0,0,1,6,6,1,19,4,-1,-1,-1,-1,2,E01007392,0,-1
2020430305688,2020,430305688,2,97,0,7,7,4,6,0,0,1,0,0,0,0,2,1,1,1,1,25,5,-1,-1,-1,-1,7,E01016470,0,-1
2020990958499,2020,990958499,2,1,0,18,19,1,5,0,0,1,0,0,1,0,1,1,6,6,1,77,11,-1,-1,-1,-1,2,-1,0,-1
202060Y014651,2020,60Y014651,1,9,0,5,5,8,4,0,0,4,0,0,0,0,1,1,6,6,2,50,8,-1,-1,-1,-1,-1,-1,0,-1
2020522004908,2020,522004908,1,1,0,18,19,5,1,0,0,0,0,0,0,0,1,1,6,6,1,30,6,-1,-1,-1,-1,1,E01014639,0,-1
202060Y116633,2020,60Y116633,3,9,0,10,10,5,1,0,0,1,0,0,0,0,1,1,6,6,1,39,7,-1,-1,-1,-1,-1,-1,0,-1
2020320411079,2020,320411079,1,22,0,18,19,5,1,0,0,0,0,0,1,9,1,1,6,6,2,84,11,-1,-1,-1,-1,9,E01026222,0,-1
2020010271294,2020,010271294,2,1,0,18,19,5,1,0,0,1,0,0,0,0,1,1,1,1,1,38,7,-1,-1,-1,-1,5,E01000530,0,-1
2020990978402,2020,990978402,1,1,0,18,19,4,8,0,0,0,5,12,0,0,1,1,6,6,1,71,10,-1,-1,-1,-1,7,-1,0,-1
2020990915350,2020,990915350,1,9,0,18,19,8,4,0,0,0,2,0,8,9,1,1,5,6,1,55,8,-1,-1,-1,-1,2,E01025091,0,-1
2020010254533,2020,010254533,2,3,0,9,9,1,6,0,0,5,2,0,0,0,0,1,6,6,1,-1,-1,-1,-1,-1,-1,4,E01003203,0,-1
2020440251387,2020,440251387,1,9,0,2,2,0,0,0,0,0,0,0,0,0,2,1,6,6,3,-1,-1,-1,-1,-1,-1,-1,-1,0,-1
2020200979501,2020,200979501,2,1,0,9,9,5,2,0,0,8,0,0,0,0,4,1,6,6,1,29,6,-1,-1,-1,-1,4,E01008961,0,-1
2020010246707,2020,010246707,1,9,0,18,19,1,5,0,0,0,0,0,0,0,0,1,6,6,1,31,6,-1,-1,-1,-1,4,E01016003,0,-1
2020010257097,2020,010257097,1,97,9,99,99,9,9,99,99,0,9,99,9,99,1,1,6,6,3,-1,-1,-1,-1,-1,-1,-1,-1,0,-1
2020040988611,2020,040988611,2,1,0,18,19,1,5,0,0,1,0,4,0,0,1,1,4,7,1,15,3,-1,-1,-1,-1,2,E01025275,0,-1
2020470923646,2020,470923646,3,9,0,7,7,7,2,0,0,1,0,0,0,0,0,1,1,1,3,-1,-1,-1,-1,-1,-1,-1,-1,0,-1
2020470939972,2020,470939972,1,9,0,15,15,3,7,0,0,0,0,0,0,0,3,1,6,6,1,20,4,-1,-1,-1,-1,-1,-1,0,-1
2020400964758,2020,400964758,1,9,0,18,19,1,5,0,0,0,0,0,0,0,3,1,6,6,1,-1,-1,-1,-1,-1,-1,2,E01013911,0,-1
2020622000702,2020,622000702,2,1,0,4,4,5,7,0,0,4,0,0,0,0,3,1,6,6,1,32,6,-1,-1,-1,-1,10,W01001854,0,-1
2020400940144,2020,400940144,2,9,0,3,3,5,1,0,0,1,0,0,0,0,1,1,6,6,3,-1,-1,-1,-1,-1,-1,-1,-1,0,-1
2020010272916,2020,010272916,2,9,0,6,6,3,3,0,0,0,0,0,0,0,1,1,6,6,3,-1,-1,-1,-1,-1,-1,-1,-1,0,-1
2020610040020,2020,610040020,1,4,0,18,19,4,1,0,0,1,0,0,0,0,0,1,6,6,1,38,7,-1,-1,-1,-1,4,W01001337,0,-1
2020052002503,2020,052002503,2,1,0,18,19,1,5,0,0,8,0,0,0,0,1,1,6,6,1,30,6,-1,-1,-1,-1,3,E01033761,0,-1
2020010240899,2020,010240899,2,19,0,99,99,9,9,99,99,0,9,99,9,99,1,9,6,6,3,-1,-1,-1,-1,-1,-1,-1,-1,0,-1
2020410989704,2020,410989704,2,9,0,2,2,0,0,0,0,0,0,0,0,0,1,1,6,6,1,63,9,-1,-1,-1,-1,10,E01017413,0,-1
2020140957595,2020,140957595,2,9,0,18,19,1,1,0,0,1,0,0,0,0,1,1,6,6,3,-1,-1,-1,-1,-1,-1,-1,-1,0,-1
2020010284855,2020,010284855,2,1,0,18,19,5,1,0,0,1,0,0,0,0,3,1,6,6,1,58,9,-1,-1,-1,-1,3,E01002084,0,-1
2020200932130,2020,200932130,1,19,0,7,7,8,1,0,0,4,0,0,0,0,1,1,6,6,1,-1,-1,-1,-1,-1,-1,-1,-1,0,-1
2020350952888,2020,350952888,2,1,0,18,19,3,7,0,0,8,0,0,0,0,1,1,5,6,1,21,5,-1,-1,-1,-1,9,E01018012,0,-1
202060Y004492,2020,60Y004492,1,9,0,18,19,4,8,0,0,0,0,0,0,0,1,1,6,6,1,48,8,-1,-1,-1,-1,-1,-1,0,-1
2020040925952,2020,040925952,2,9,0,12,12,1,3,0,0,1,0,0,0,0,3,1,6,6,2,-1,-1,-1,-1,-1,-1,-1,-1,0,-1
2020200981234,2020,200981234,1,1,0,16,19,7,2,0,0,0,0,8,0,0,1,1,1,1,1,53,8,-1,-1,-1,-1,1,E01009996,0,-1
2020010264918,2020,010264918,2,1,0,18,19,1,5,0,0,1,0,0,0,0,1,1,2,2,1,36,7,-1,-1,-1,-1,3,E01033132,0,-1
2020411024240,2020,411024240,1,98,0,18,19,5,1,0,0,0,0,0,0,0,1,1,1,1,1,34,6,-1,-1,-1,-1,7,E01023901,0,-1
2020010276729,2020,010276729,2,1,0,3,3,6,2,0,0,1,0,0,0,0,2,1,6,6,1,40,7,-1,-1,-1,-1,3,E01033607,0,-1
2020010284115,2020,010284115,2,1,0,18,19,1,5,0,0,1,0,0,1,0,1,1,4,7,1,13,3,-1,-1,-1,-1,2,E01003229,0,-1
2020500964910,2020,500964910,2,1,0,18,19,7,3,0,0,1,0,0,0,0,3,1,5,6,1,42,7,-1,-1,-1,-1,3,E01015195,0,-1
202060Y018723,2020,60Y018723,1,9,0,18,19,1,5,0,0,0,0,0,0,0,1,1,6,6,3,-1,-1,-1,-1,-1,-1,-1,-1,0,-1
2020040941420,2020,040941420,2,9,0,15,15,7,3,0,0,0,0,0,0,0,1,1,6,6,3,-1,-1,-1,-1,-1,-1,-1,-1,0,-1
2020320157966,2020,320157966,1,9,0,14,14,5,1,0,0,8,0,0,7,1,4,1,6,6,1,36,7,-1,-1,-1,-1,1,E01026150,0,-1
2020350958602,2020,350958602,3,1,0,10,10,3,1,0,0,0,0,0,0,0,2,1,5,6,1,49,8,-1,-1,-1,-1,9,E01017450,0,-1
2020471013388,2020,471013388,2,1,0,18,19,3,7,0,0,1,0,0,0,0,4,1,2,2,2,21,5,-1,-1,-1,-1,10,E01031412,0,-1
2020430400823,2020,430400823,2,1,0,17,19,6,4,0,0,8,0,0,0,0,2,1,6,6,2,18,4,-1,-1,-1,-1,3,E01028522,0,-1
2020010260634,2020,010260634,1,1,9,99,99,9,9,99,99,9,9,99,9,99,9,1,6,6,1,34,6,-1,-1,-1,-1,4,E01000995,0,-1
2020040950685,2020,040950685,1,98,0,-1,-1,-1,-1,0,0,0,-1,-1,-1,0,-1,1,6,6,3,-1,-1,-1,-1,-1,-1,-1,-1,0,-1
2020520001172,2020,520001172,1,19,0,18,19,8,4,0,0,8,0,0,0,0,1,1,6,6,1,43,7,-1,-1,-1,-1,5,E01029137,0,-1
202006Q266962,2020,06Q266962,1,9,0,18,19,7,3,0,0,1,0,0,0,0,3,1,6,6,2,30,6,-1,-1,-1,-1,-1,-1,0,-1
2020451000351,2020,451000351,1,1,0,18,19,1,1,0,0,0,0,0,0,0,4,1,6,6,1,14,3,-1,-1,-1,-1,5,E01030984,0,-1
2020370967574,2020,370967574,2,1,0,18,19,6,2,0,0,8,0,0,0,0,1,1,5,6,1,19,4,-1,-1,-1,-1,2,E01029988,0,-1
2020451003167,2020,451003167,1,1,0,18,19,6,2,0,0,0,0,0,0,0,4,1,2,2,1,45,7,-1,-1,-1,-1,10,E01030340,0,-1
2020140954818,2020,140954818,1,9,0,2,2,3,7,0,0,0,0,11,0,0,2,1,6,6,3,-1,-1,-1,-1,-1,-1,-1,-1,0,-1
2020990988946,2020,990988946,2,1,0,18,19,4,8,0,0,8,0,0,0,0,1,1,5,6,2,23,5,-1,-1,-1,-1,7,-1,0,-1
2020220987350,2020,220987350,2,1,0,16,19,8,4,0,0,0,1,0,0,0,1,1,4,7,1,12,3,-1,-1,-1,-1,5,E01028946,0,-1
2020230951986,2020,230951986,2,1,0,18,19,8,4,0,0,8,0,0,0,0,3,1,5,6,1,54,8,-1,-1,-1,-1,7,E01031320,0,-1
2020100949102,2020,100949102,2,9,0,2,2,0,0,0,0,2,0,0,0,0,1,1,6,6,3,-1,-1,-1,-1,-1,-1,-1,-1,0,-1
2020010277413,2020,010277413,1,1,9,99,99,9,9,99,99,9,9,99,9,99,2,1,2,2,1,42,7,-1,-1,-1,-1,1,E01001839,0,-1
2020140942619,2020,140942619,2,9,0,18,19,2,6,0,0,0,0,0,0,0,0,1,6,6,3,-1,-1,-1,-1,-1,-1,-1,-1,0,-1
2020122000889,2020,122000889,2,1,0,18,19,5,1,0,0,0,0,0,0,0,3,1,6,6,1,28,6,-1,-1,-1,-1,7,E01027603,0,-1
2020990969074,2020,990969074,2,1,0,9,9,5,3,0,0,6,0,0,0,0,2,1,5,6,1,78,11,-1,-1,-1,-1,10,-1,0,-1
2020201022184,2020,201022184,1,9,0,18,19,8,4,0,0,0,0,7,7,1,1,1,6,6,1,31,6,-1,-1,-1,-1,6,E01010326,0,-1
2020460988646,2020,460988646,1,1,0,18,19,1,5,0,0,0,0,0,0,0,0,1,6,6,1,74,10,-1,-1,-1,-1,2,E01024049,0,-1
2020010240588,2020,010240588,2,1,0,5,5,5,1,0,0,2,2,0,1,10,2,1,6,6,1,28,6,-1,-1,-1,-1,2,E01033726,0,-1
2020990967311,2020,990967311,1,1,0,18,19,5,1,0,0,1,0,0,0,0,1,1,5,6,1,8,2,-1,-1,-1,-1,8,-1,0,-1
2020430042586,2020,430042586,2,1,0,14,14,4,8,0,0,0,0,8,0,0,1,1,2,2,1,61,9,-1,-1,-1,-1,7,E01028432,0,-1
2020230962839,2020,230962839,1,97,0,18,19,3,7,0,0,0,0,0,0,0,3,1,5,6,3,26,6,-1,-1,-1,-1,-1,-1,0,-1
2020420968618,2020,420968618,1,1,0,18,19,5,1,0,0,6,0,0,0,0,3,1,2,2,1,25,5,-1,-1,-1,-1,1,E01015916,0,-1
2020161007757,2020,161007757,1,9,0,18,19,5,1,0,0,1,0,0,0,0,1,1,6,6,3,-1,-1,-1,-1,-1,-1,-1,-1,0,-1
202031A044120,2020,31A044120,3,1,0,18,19,2,6,0,0,0,0,0,0,0,0,1,6,6,1,36,7,-1,-1,-1,-1,3,E01028257,0,-1
2020070092040,2020,070092040,1,9,0,16,19,1,4,0,0,4,1,0,0,0,1,1,6,6,3,-1,-1,-1,-1,-1,-1,-1,-1,0,-1
2020200948343,2020,200948343,2,1,0,18,19,2,6,0,0,2,0,0,0,0,4,1,6,6,1,11,3,-1,-1,-1,-1,1,E01032889,0,-1
2020052000306,2020,052000306,2,1,0,7,7,3,4,0,0,1,0,0,0,0,1,1,2,2,1,64,9,-1,-1,-1,-1,1,E01006758,0,-1
2020030946209,2020,030946209,1,1,0,18,19,7,3,0,0,0,0,0,0,0,1,1,5,6,2,55,8,-1,-1,-1,-1,-1,-1,0,-1
2020010253105,2020,010253105,1,11,0,18,19,3,7,0,0,1,0,0,0,0,3,1,1,1,1,34,6,-1,-1,-1,-1,8,E01000320,0,-1
2020332001207,2020,332001207,1,9,0,18,19,6,2,0,0,0,0,0,0,0,0,1,6,6,1,27,6,-1,-1,-1,-1,-1,-1,0,-1
2020530944027,2020,530944027,3,16,0,18,19,8,4,0,0,0,0,0,0,0,1,1,5,6,2,-1,-1,-1,-1,-1,-1,9,E01032351,0,-1
2020010273532,2020,010273532,1,98,9,18,19,5,1,0,0,0,9,0,0,0,1,9,6,6,1,-1,-1,-1,-1,-1,-1,-1,-1,0,-1
2020500936186,2020,500936186,1,9,0,5,5,3,7,8,6,6,0,0,0,0,3,1,2,2,1,26,6,-1,-1,-1,-1,4,E01020180,0,-1
2020010256825,2020,010256825,1,1,9,99,99,9,9,99,99,9,9,99,9,99,9,-1,6,6,2,28,6,-1,-1,-1,-1,2,E01004224,0,-1
2020070370441,2020,070370441,2,1,0,18,19,8,4,0,0,1,0,0,0,0,2,1,6,6,1,61,9,-1,-1,-1,-1,3,E01007137,0,-1
2020420998407,2020,420998407,2,1,0,18,19,1,5,0,0,0,0,0,0,0,1,1,4,7,1,14,3,-1,-1,-1,-1,6,E01022000,0,-1
2020350977770,2020,350977770,2,98,1,18,19,4,8,0,0,0,0,0,0,0,0,1,6,6,3,-1,-1,-1,-1,-1,-1,-1,-1,0,-1
2020200978870,2020,200978870,1,9,0,18,19,7,3,0,0,6,0,0,0,0,1,1,6,6,3,-1,-1,-1,-1,-1,-1,-1,-1,0,-1
2020440080403,2020,440080403,1,9,0,18,19,4,8,0,0,8,0,0,0,0,1,1,6,6,1,35,6,-1,-1,-1,-1,9,E01031992,0,-1
2020332000278,2020,332000278,2,1,0,18,19,1,5,0,0,6,0,0,0,0,1,1,6,6,1,73,10,-1,-1,-1,-1,6,E01025759,0,-1
2020470962002,2020,470962002,2,1,0,18,19,5,1,9,9,8,0,0,0,0,3,1,5,6,1,5,1,-1,-1,-1,-1,3,E01031787,0,-1
2020500934279,2020,500934279,2,1,0,15,15,4,2,0,0,0,0,0,0,0,1,1,1,1,1,29,6,-1,-1,-1,-1,6,E01015076,0,-1
2020010228353,2020,010228353,2,1,0,18,19,1,5,0,0,2,0,0,0,0,4,-1,2,2,1,20,4,-1,-1,-1,-1,2,E01003523,0,-1
2020010252847,2020,010252847,2,19,0,99,99,9,9,99,99,9,9,99,9,99,9,9,6,6,3,-1,-1,-1,-1,-1,-1,-1,-1,0,-1
2020052000260,2020,052000260,2,1,0,18,19,4,8,0,0,0,0,0,0,0,3,1,6,6,2,51,8,-1,-1,-1,-1,8,E01007285,0,-1
2020010278823,2020,010278823,2,1,0,15,15,5,1,4,4,1,0,8,1,0,1,1,2,2,2,36,7,-1,-1,-1,-1,10,E01030753,0,-1
2020522001646,2020,522001646,2,1,0,18,19,4,2,0,0,8,0,0,0,0,4,1,6,6,1,35,6,-1,-1,-1,-1,-1,-1,0,-1
2020201003406,2020,201003406,3,19,0,2,2,0,0,9,9,1,0,0,0,0,2,1,5,6,1,79,11,-1,-1,-1,-1,2,E01009266,0,-1
2020170M11750,2020,170M11750,1,9,0,9,9,5,3,0,0,8,0,0,0,0,1,1,6,6,3,-1,-1,-1,-1,-1,-1,-1,-1,0,-1
2020470981593,2020,470981593,1,1,0,5,5,8,4,0,0,8,0,0,0,0,1,1,6,6,2,30,6,-1,-1,-1,-1,4,E01016968,0,-1
2020332000106,2020,332000106,2,9,0,2,2,0,0,0,0,0,0,0,0,0,2,1,6,6,3,-1,-1,-1,-1,-1,-1,10,E01025944,0,-1
2020010257509,2020,010257509,2,9,0,7,7,6,1,0,0,1,0,0,0,0,3,1,6,6,2,-1,-1,-1,-1,-1,-1,-1,-1,0,-1
2020010234995,2020,010234995,1,9,0,3,3,5,1,0,0,0,0,0,0,0,3,2,4,7,1,28,6,-1,-1,-1,-1,6,E01000590,0,-1
2020010247587,2020,010247587,1,9,0,18,19,5,1,0,0,0,0,0,0,0,3,1,6,6,1,33,6,-1,-1,-1,-1,4,E01003074,0,-1
2020520100891,2020,520100891,1,9,0,3,3,2,6,0,0,1,0,0,0,0,1,1,6,6,1,61,9,-1,-1,-1,-1,4,E01031231,0,-1
2020420917905,2020,420917905,1,21,1,12,12,7,3,0,0,0,0,0,0,0,3,1,1,1,1,48,8,-1,-1,-1,-1,-1,-1,0,-1
2020010257362,2020,010257362,2,-1,0,99,99,9,9,0,0,1,0,99,0,0,2,1,6,6,1,18,4,-1,-1,-1,-1,3,E01003430,1,-1
2020520100520,2020,520100520,1,1,0,18,19,6,2,0,0,2,0,0,0,0,2,1,6,6,1,27,6,-1,-1,-1,-1,5,E01029287,0,-1
2020320547602,2020,320547602,1,9,0,16,19,7,3,0,0,0,0,0,7,4,1,1,6,6,1,74,10,-1,-1,-1,-1,4,E01026250,0,-1
2020160986737,2020,160986737,1,9,0,18,19,3,7,0,0,0,1,0,7,9,1,1,6,6,2,26,6,-1,-1,-1,-1,-1,-1,0,-1
2020010283512,2020,010283512,2,1,0,5,5,1,5,0,0,1,0,0,0,0,1,1,2,2,1,29,6,-1,-1,-1,-1,6,E01000324,0,-1
2020546040420,2020,546040420,1,1,0,18,19,5,5,0,0,0,0,0,0,0,4,1,6,6,1,60,9,-1,-1,-1,-1,5,E01032698,0,-1