collision_index,collision_year,collision_ref_no,vehicle_reference,vehicle_type,towing_and_articulation,vehicle_manoeuvre_historic,vehicle_manoeuvre,vehicle_direction_from,vehicle_direction_to,vehicle_location_restricted_lane_historic,vehicle_location_restricted_lane,junction_location,skidding_and_overturning,hit_object_in_carriageway,vehicle_leaving_carriageway,hit_object_off_carriageway,first_point_of_impact,vehicle_left_hand_drive,journey_purpose_of_driver_historic,journey_purpose_of_driver,sex_of_driver,age_of_driver,age_band_of_driver,engine_capacity_cc,propulsion_code,age_of_vehicle,generic_make_model,driver_imd_decile,lsoa_of_driver,escooter_flag,driver_distance_banding
2020990982167,2020,990982167,3,9,0,18,19,5,1,0,0,0,0,0,0,0,0,1,6,6,3,30,6,-1,-1,-1,-1,-1,-1,0,-1
2020552100206,2020,552100206,2,1,0,3,3,5,1,0,0,0,0,0,0,0,1,1,6,6,1,50,8,-1,-1,-1,-1,9,E01019430,0,-1
2020040941475,2020,040941475,1,9,0,12,12,5,1,0,0,0,0,0,0,0,0,1,6,6,3,-1,-1,-1,-1,-1,-1,-1,-1,0,-1
2020450988252,2020,450988252,2,1,0,18,19,6,4,0,0,8,0,0,0,0,1,1,2,2,1,21,5,-1,-1,-1,-1,10,E01030463,0,-1
2020552100190,2020,552100190,2,1,0,18,19,8,4,0,0,8,0,0,0,0,2,1,6,6,1,55,8,-1,-1,-1,-1,7,E01020428,0,-1
2020530990089,2020,530990089,1,19,0,13,13,1,5,0,0,0,0,0,0,0,0,1,6,6,1,44,7,-1,-1,-1,-1,9,E01022453,0,-1
2020010277689,2020,010277689,2,1,0,18,19,8,4,0,0,0,0,0,0,0,3,1,6,6,1,32,6,-1,-1,-1,-1,4,E01000546,0,-1
2020010276759,2020,010276759,2,1,0,5,5,5,1,0,0,2,0,0,0,0,3,1,1,1,1,19,4,-1,-1,-1,-1,3,E01002397,0,-1
2020010274997,2020,010274997,2,19,0,99,99,9,9,99,99,9,9,99,9,99,0,9,6,6,3,-1,-1,-1,-1,-1,-1,-1,-1,0,-1
2020410923719,2020,410923719,2,9,0,9,9,5,3,0,0,0,0,0,0,0,4,1,5,6,1,38,7,-1,-1,-1,-1,6,E01023340,0,-1
2020010248670,2020,010248670,1,9,0,99,99,9,9,99,99,1,9,99,9,99,1,1,6,6,3,-1,-1,-1,-1,-1,-1,5,E01001530,0,-1
2020470984602,2020,470984602,2,9,0,2,2,0,0,9,9,0,0,0,0,0,3,1,6,6,3,-1,-1,-1,-1,-1,-1,-1,-1,0,-1
2020332000951,2020,332000951,1,8,0,5,5,6,2,0,0,1,0,0,0,0,2,1,1,1,1,67,10,-1,-1,-1,-1,8,E01025681,0,-1
2020500943803,2020,500943803,2,1,0,4,4,3,7,0,0,8,0,0,0,0,0,1,2,2,1,32,6,-1,-1,-1,-1,3,E01015167,0,-1
2020010304005,2020,010304005,1,9,9,2,2,0,0,0,0,1,0,0,0,0,9,9,6,6,1,36,7,-1,-1,-1,-1,-1,-1,0,-1
2020552000609,2020,552000609,1,9,0,18,19,3,7,0,0,0,0,4,1,0,4,1,6,6,3,-1,-1,-1,-1,-1,-1,-1,-1,0,-1
202060Y136178,2020,60Y136178,1,9,0,13,13,6,2,0,0,1,0,0,0,0,4,1,2,2,1,18,4,-1,-1,-1,-1,-1,-1,0,-1
2020410974539,2020,410974539,1,1,0,18,19,3,7,0,0,1,0,0,0,0,1,1,5,6,2,54,8,-1,-1,-1,-1,9,E01023439,0,-1
2020010256844,2020,010256844,2,9,0,99,99,9,9,99,99,9,9,99,9,99,9,9,6,6,3,-1,-1,-1,-1,-1,-1,-1,-1,0,-1
202031B041820,2020,31B041820,2,1,0,3,3,1,5,0,0,0,0,0,0,0,2,1,6,6,1,18,4,-1,-1,-1,-1,1,E01028301,0,-1
2020460940193,2020,460940193,2,9,0,3,3,6,2,0,0,0,0,0,0,0,1,1,5,6,1,30,6,-1,-1,-1,-1,6,E01024021,0,-1
2020140965076,2020,140965076,2,9,0,2,2,0,0,0,0,1,0,0,0,0,1,1,6,6,3,-1,-1,-1,-1,-1,-1,-1,-1,0,-1
2020440407284,2020,440407284,1,11,0,18,19,6,2,0,0,0,0,0,0,0,1,1,1,1,3,-1,-1,-1,-1,-1,-1,-1,-1,0,-1
2020137CD1198,2020,137CD1198,2,4,0,18,19,4,8,0,0,0,2,0,0,0,1,1,6,6,1,40,7,-1,-1,-1,-1,1,E01011427,0,-1
2020520002155,2020,520002155,1,1,0,18,19,6,2,0,0,8,0,0,0,0,1,1,6,6,1,39,7,-1,-1,-1,-1,-1,-1,0,-1
2020010277518,2020,010277518,1,9,9,99,99,9,9,99,99,9,9,0,9,0,9,9,6,6,3,-1,-1,-1,-1,-1,-1,-1,-1,0,-1
2020100939006,2020,100939006,1,4,0,17,19,7,3,0,0,0,0,0,1,4,1,1,6,6,1,21,5,-1,-1,-1,-1,1,E01008214,0,-1
2020010264619,2020,010264619,2,9,0,99,99,9,9,99,99,9,9,99,9,99,1,9,6,6,3,-1,-1,-1,-1,-1,-1,-1,-1,0,-1
2020200938697,2020,200938697,1,9,0,18,19,8,4,0,0,0,0,0,0,0,1,1,6,6,3,-1,-1,-1,-1,-1,-1,-1,-1,0,-1
202060Y125484,2020,60Y125484,2,1,0,18,19,8,4,0,0,0,0,0,0,0,1,1,6,6,2,47,8,-1,-1,-1,-1,-1,-1,0,-1
2020302000593,2020,302000593,2,1,0,18,19,4,8,0,0,2,0,0,0,0,3,1,6,6,1,59,9,-1,-1,-1,-1,10,E01019880,0,-1
2020500941640,2020,500941640,2,21,1,18,19,6,2,0,0,0,0,0,0,0,2,1,1,1,1,34,6,-1,-1,-1,-1,6,E01014952,0,-1
2020430051655,2020,430051655,1,9,0,5,5,1,5,0,0,0,0,0,0,0,1,1,1,1,1,64,9,-1,-1,-1,-1,4,E01016447,0,-1
2020460955369,2020,460955369,1,9,0,18,19,3,7,0,0,0,0,0,0,0,4,1,6,6,3,-1,-1,-1,-1,-1,-1,-1,-1,0,-1
2020010248879,2020,010248879,1,9,0,6,6,5,5,0,0,8,0,0,0,0,3,1,6,6,1,36,7,-1,-1,-1,-1,3,E01003788,0,-1
2020211009539,2020,211009539,2,9,-1,-1,-1,4,1,-1,-1,0,-1,-1,-1,0,-1,1,6,6,1,47,8,-1,-1,-1,-1,1,E01014242,0,-1
2020520003018,2020,520003018,1,9,0,18,19,7,3,0,0,8,0,0,0,0,3,1,6,6,1,38,7,-1,-1,-1,-1,9,E01029294,0,-1
2020522000980,2020,522000980,2,1,0,18,19,5,1,0,0,0,0,0,0,0,1,1,6,6,2,15,3,-1,-1,-1,-1,2,E01014578,0,-1
2020370995376,2020,370995376,1,9,0,4,4,3,3,0,0,0,0,0,0,0,3,1,1,1,1,52,8,-1,-1,-1,-1,10,E01030233,0,-1
2020040980748,2020,040980748,3,9,0,2,2,1,5,0,0,2,0,0,0,0,1,1,6,6,3,-1,-1,-1,-1,-1,-1,-1,-1,0,-1
2020470964230,2020,470964230,2,9,0,2,2,0,0,0,0,0,0,0,0,0,2,1,6,6,3,-1,-1,-1,-1,-1,-1,-1,-1,0,-1
202054A726220,2020,54A726220,1,9,0,4,4,7,3,0,0,1,0,0,0,0,1,1,6,6,1,30,6,-1,-1,-1,-1,-1,-1,0,-1
2020010254631,2020,010254631,2,1,0,5,5,3,7,0,0,6,0,0,0,0,2,1,6,6,1,91,11,-1,-1,-1,-1,7,E01000190,0,-1
2020332000694,2020,332000694,2,9,0,4,4,1,5,0,0,2,0,0,0,0,2,1,6,6,2,46,8,-1,-1,-1,-1,8,E01025612,0,-1
2020990981836,2020,990981836,2,9,0,18,19,2,6,0,0,1,0,0,0,0,1,1,1,1,1,23,5,-1,-1,-1,-1,6,-1,0,-1
2020010249770,2020,010249770,1,3,0,18,19,7,3,0,0,1,0,0,0,0,1,1,1,1,1,20,4,-1,-1,-1,-1,3,E01001359,0,-1
2020522004275,2020,522004275,1,90,0,18,19,2,6,0,0,0,0,0,0,0,1,1,6,6,1,37,7,-1,-1,-1,-1,1,E01014597,0,-1
2020010257176,2020,010257176,2,1,0,18,19,1,5,0,0,8,5,0,0,0,1,1,6,6,2,33,6,-1,-1,-1,-1,3,E01001762,0,-1
2020010235174,2020,010235174,2,9,9,18,19,1,5,0,0,0,0,0,0,0,1,9,6,6,3,-1,-1,-1,-1,-1,-1,-1,-1,0,-1
2020332000654,2020,332000654,1,9,0,17,19,2,8,0,0,0,1,0,7,11,1,1,6,6,3,-1,-1,-1,-1,-1,-1,-1,-1,0,-1
2020552000566,2020,552000566,2,1,0,18,19,8,4,9,9,0,0,0,0,0,3,1,6,6,1,40,7,-1,-1,-1,-1,2,E01015280,0,-1
2020052002179,2020,052002179,1,19,0,18,19,3,7,0,0,0,0,0,0,0,4,1,1,1,3,-1,-1,-1,-1,-1,-1,-1,-1,0,-1
2020052001126,2020,052001126,2,1,0,17,19,8,6,0,0,8,0,0,0,0,1,1,6,6,1,17,4,-1,-1,-1,-1,10,E01006993,0,-1
2020070064149,2020,070064149,1,9,0,7,7,7,1,0,0,2,0,0,0,0,1,1,6,6,3,-1,-1,-1,-1,-1,-1,-1,-1,0,-1
2020010281986,2020,010281986,2,1,0,18,19,3,7,0,0,8,0,0,0,0,4,1,2,2,1,27,6,-1,-1,-1,-1,4,E01002717,0,-1
2020361013690,2020,361013690,1,9,0,18,19,1,6,0,0,8,0,0,0,0,1,1,6,6,3,-1,-1,-1,-1,-1,-1,-1,-1,0,-1
2020010251190,2020,010251190,2,9,0,18,19,3,7,0,0,1,0,0,0,0,4,1,6,6,1,32,6,-1,-1,-1,-1,1,E01002040,0,-1
2020220990268,2020,220990268,2,1,0,16,19,6,8,0,0,8,0,0,0,0,1,1,5,6,1,52,8,-1,-1,-1,-1,5,E01028980,0,-1
2020400974110,2020,400974110,2,1,0,18,19,7,3,0,0,1,0,0,0,0,1,1,5,6,1,52,8,-1,-1,-1,-1,9,E01017620,0,-1
2020450931981,2020,450931981,2,21,0,18,19,7,3,0,0,0,0,0,0,0,1,2,1,1,1,55,8,-1,-1,-1,-1,-1,-1,0,-1
2020990982069,2020,990982069,2,1,0,8,8,6,8,0,0,1,0,0,0,0,2,1,5,6,2,56,9,-1,-1,-1,-1,10,-1,0,-1
2020010261190,2020,010261190,1,1,9,99,99,9,9,99,99,9,9,99,9,99,1,1,6,6,1,37,7,-1,-1,-1,-1,5,E01004165,0,-1
2020400969201,2020,400969201,1,9,0,18,19,5,1,0,0,0,0,0,0,0,1,1,2,2,1,53,8,-1,-1,-1,-1,2,E01015720,0,-1
2020990924926,2020,990924926,1,9,0,18,19,5,1,0,0,1,0,0,0,0,3,1,5,6,1,47,8,-1,-1,-1,-1,6,-1,0,-1
2020010240433,2020,010240433,1,9,0,18,19,7,3,9,9,2,0,0,9,0,3,9,6,6,1,-1,-1,-1,-1,-1,-1,-1,-1,0,-1
2020440235910,2020,440235910,2,1,0,18,19,6,2,9,9,8,0,0,0,0,1,1,6,6,1,57,9,-1,-1,-1,-1,10,E01032616,0,-1
2020010256237,2020,010256237,1,1,9,99,99,9,9,99,99,9,9,99,9,99,9,1,6,6,1,29,6,-1,-1,-1,-1,1,E01004316,0,-1
202031B054020,2020,31B054020,2,1,0,18,19,6,2,0,0,0,0,0,0,0,1,1,6,6,1,20,4,-1,-1,-1,-1,2,E01028311,0,-1
202060Y021598,2020,60Y021598,1,9,0,9,9,3,1,0,0,6,0,0,0,0,1,1,6,6,2,75,10,-1,-1,-1,-1,-1,-1,0,-1
2020470990648,2020,470990648,2,9,0,2,2,0,0,0,0,0,0,0,0,0,4,1,6,6,3,-1,-1,-1,-1,-1,-1,-1,-1,0,-1
2020122000880,2020,122000880,2,1,0,18,19,3,7,0,0,1,0,0,0,0,1,1,6,6,1,14,3,-1,-1,-1,-1,7,E01027727,0,-1
2020470986510,2020,470986510,7,9,0,2,2,0,0,0,0,0,0,0,0,0,2,1,6,6,3,-1,-1,-1,-1,-1,-1,-1,-1,0,-1
2020010248525,2020,010248525,1,1,9,99,99,9,9,99,99,9,9,99,9,99,1,1,6,6,1,64,9,-1,-1,-1,-1,9,E01002463,0,-1
2020990969114,2020,990969114,1,9,0,9,9,5,2,0,0,8,0,0,0,0,0,1,6,6,3,17,4,-1,-1,-1,-1,-1,-1,0,-1
202006K268854,2020,06K268854,2,9,0,18,19,6,2,0,0,1,1,0,0,0,1,1,6,6,3,-1,-1,-1,-1,-1,-1,-1,-1,0,-1
2020430027219,2020,430027219,2,9,0,18,19,1,5,0,0,8,0,0,0,0,4,1,6,6,1,83,11,-1,-1,-1,-1,7,E01016250,0,-1
2020332001120,2020,332001120,1,97,0,18,19,4,8,0,0,0,0,0,0,0,0,1,6,6,1,54,8,-1,-1,-1,-1,-1,-1,0,-1
2020430044604,2020,430044604,3,8,0,12,12,4,8,0,0,0,1,0,1,0,1,1,6,6,1,47,8,-1,-1,-1,-1,9,E01017655,0,-1
2020351037208,2020,351037208,2,1,0,18,19,8,4,4,4,8,0,0,0,0,2,1,6,6,1,58,9,-1,-1,-1,-1,6,E01015671,0,-1
2020100940154,2020,100940154,2,1,0,18,19,8,4,5,5,8,0,0,0,0,1,1,6,6,1,29,6,-1,-1,-1,-1,4,E01027498,0,-1
2020552001073,2020,552001073,2,1,0,18,19,6,2,0,0,0,0,0,1,0,3,1,2,2,1,23,5,-1,-1,-1,-1,6,E01020398,0,-1
20201375P0529,2020,1375P0529,2,1,0,18,19,3,7,0,0,8,0,0,0,0,1,1,6,6,1,45,7,-1,-1,-1,-1,6,E01011534,0,-1
2020140919111,2020,140919111,2,9,0,7,7,7,1,0,0,2,0,0,0,0,1,1,6,6,3,-1,-1,-1,-1,-1,-1,-1,-1,0,-1
2020122000264,2020,122000264,2,1,0,9,9,7,5,0,0,8,0,0,0,0,2,1,1,1,2,53,8,-1,-1,-1,-1,10,E01013372,0,-1
2020140923261,2020,140923261,2,1,0,18,19,3,7,0,0,1,0,0,0,0,1,1,5,6,1,21,5,-1,-1,-1,-1,1,E01008102,0,-1
2020470934030,2020,470934030,1,9,0,4,4,8,4,0,0,1,0,0,0,0,1,1,1,1,1,29,6,-1,-1,-1,-1,6,E01021021,0,-1
2020010234061,2020,010234061,1,8,0,99,99,9,9,99,99,0,9,99,9,99,2,9,6,6,3,-1,-1,-1,-1,-1,-1,-1,-1,0,-1
2020010285280,2020,010285280,1,19,0,9,9,3,1,0,0,5,0,0,0,0,3,1,1,1,2,43,7,-1,-1,-1,-1,7,E01003865,0,-1
2020332000712,2020,332000712,1,9,0,18,19,4,8,0,0,1,0,0,0,0,0,1,6,6,2,59,9,-1,-1,-1,-1,5,E01013736,0,-1
2020200939252,2020,200939252,1,9,0,7,7,1,3,0,0,6,0,0,0,0,1,1,6,6,3,-1,-1,-1,-1,-1,-1,-1,-1,0,-1
202060Y057176,2020,60Y057176,2,9,0,18,19,7,3,0,0,8,0,0,0,0,1,1,2,2,2,46,8,-1,-1,-1,-1,-1,-1,0,-1
2020010279945,2020,010279945,2,1,0,18,19,3,7,4,4,0,0,0,0,0,4,1,6,6,1,28,6,-1,-1,-1,-1,8,E01015974,0,-1
2020440071461,2020,440071461,1,1,0,18,19,4,8,0,0,0,0,0,0,0,1,1,6,6,1,41,7,-1,-1,-1,-1,4,E01017258,0,-1
2020040934238,2020,040934238,2,9,0,2,2,0,0,0,0,0,2,0,0,0,1,1,6,6,3,-1,-1,-1,-1,-1,-1,-1,-1,0,-1
2020030976133,2020,030976133,3,1,0,16,19,1,5,0,0,0,5,0,0,0,2,1,6,6,1,40,7,-1,-1,-1,-1,3,E01019289,0,-1
2020302000633,2020,302000633,2,9,0,17,19,2,6,0,0,0,0,0,0,0,3,1,6,6,1,55,8,-1,-1,-1,-1,4,E01019822,0,-1
2020450961946,2020,450961946,2,1,0,18,19,7,3,0,0,8,2,0,0,0,2,1,6,6,1,48,8,-1,-1,-1,-1,10,E01030368,0,-1
2020460977982,2020,460977982,1,1,0,18,19,3,6,0,0,4,0,0,0,0,1,1,6,6,1,40,7,-1,-1,-1,-1,8,E01021169,0,-1
2020220926499,2020,220926499,3,9,0,18,19,5,1,0,0,1,0,0,0,0,1,1,1,1,1,52,8,-1,-1,-1,-1,1,E01009886,0,-1
2020010275251,2020,010275251,1,19,9,99,99,9,9,99,99,9,9,99,9,99,9,9,6,6,3,-1,-1,-1,-1,-1,-1,-1,-1,0,-1
2020170H10360,2020,170H10360,1,1,0,18,19,5,1,0,0,6,0,0,0,0,1,1,6,6,2,38,7,-1,-1,-1,-1,-1,-1,0,-1
2020200946287,2020,200946287,2,1,0,18,19,3,7,9,9,0,0,0,0,0,2,1,6,6,1,19,4,-1,-1,-1,-1,5,E01009245,0,-1
2020010273442,2020,010273442,2,4,0,99,99,9,9,99,99,0,9,99,9,99,9,1,6,6,3,-1,-1,-1,-1,-1,-1,-1,-1,0,-1
2020430287118,2020,430287118,2,1,0,18,19,4,8,0,0,8,0,0,0,0,4,1,6,6,1,35,6,-1,-1,-1,-1,8,E01023470,0,-1
2020420975842,2020,420975842,1,9,0,17,19,6,8,0,0,0,1,4,7,0,1,1,6,6,1,21,5,-1,-1,-1,-1,8,E01016928,0,-1
2020010229448,2020,010229448,1,9,0,99,99,9,9,99,99,9,9,99,9,99,9,9,6,6,3,30,6,-1,-1,-1,-1,-1,-1,0,-1
2020010247819,2020,010247819,1,19,0,18,19,1,1,0,0,8,0,0,0,0,1,1,6,6,3,-1,-1,-1,-1,-1,-1,-1,-1,0,-1
2020070758459,2020,070758459,2,9,0,4,4,2,6,0,0,0,0,0,0,0,2,1,6,6,2,56,9,-1,-1,-1,-1,3,E01018611,0,-1
2020460981694,2020,460981694,2,9,0,2,2,0,0,0,0,0,0,0,0,0,4,1,6,6,1,-1,-1,-1,-1,-1,-1,-1,-1,0,-1
2020010268734,2020,010268734,2,9,0,18,19,-1,-1,0,0,3,0,0,0,0,1,1,6,6,3,-1,-1,-1,-1,-1,-1,-1,-1,0,-1
2020200998569,2020,200998569,1,9,0,8,8,5,7,0,0,1,0,0,0,0,0,1,6,6,3,66,10,-1,-1,-1,-1,7,E01032590,0,-1
2020522101152,2020,522101152,1,9,0,10,10,8,4,0,0,1,0,0,0,0,3,1,6,6,2,28,6,-1,-1,-1,-1,3,E01014807,0,-1
2020210952175,2020,210952175,2,1,0,18,19,4,8,0,0,8,2,0,0,0,1,1,6,6,1,21,5,-1,-1,-1,-1,7,E01029612,0,-1
2020040980224,2020,040980224,1,9,0,18,19,1,5,0,0,0,0,0,0,0,1,1,6,6,3,-1,-1,-1,-1,-1,-1,-1,-1,0,-1
2020010262188,2020,010262188,2,19,9,7,7,1,3,0,0,5,9,99,9,99,4,9,6,6,1,-1,-1,-1,-1,-1,-1,-1,-1,0,-1
2020010250547,2020,010250547,2,9,0,18,19,9,9,0,0,1,9,0,0,99,1,9,6,6,2,-1,-1,-1,-1,-1,-1,-1,-1,0,-1
2020440108035,2020,440108035,1,1,0,18,19,2,6,0,0,0,0,0,0,0,0,1,6,6,1,59,9,-1,-1,-1,-1,10,E01023073,0,-1
2020460961506,2020,460961506,1,1,0,18,19,7,3,0,0,0,0,0,0,0,3,1,6,6,1,14,3,-1,-1,-1,-1,8,E01024261,0,-1
2020522000898,2020,522000898,2,9,0,10,10,4,8,0,0,6,0,0,0,0,1,1,1,1,1,79,11,-1,-1,-1,-1,7,E01014856,0,-1
2020430166954,2020,430166954,1,2,0,10,10,8,6,0,0,1,0,0,0,0,3,1,2,2,2,58,9,-1,-1,-1,-1,8,E01017720,0,-1
2020450962091,2020,450962091,1,9,0,9,9,4,8,0,0,1,0,0,0,0,1,1,2,2,1,68,10,-1,-1,-1,-1,8,E01030422,0,-1
2020440310040,2020,440310040,2,9,0,18,19,3,7,0,0,8,0,0,0,0,4,1,6,6,1,70,10,-1,-1,-1,-1,9,E01022982,0,-1
2020302001633,2020,302001633,2,1,0,18,19,1,5,0,0,1,0,0,0,0,1,1,6,6,1,22,5,-1,-1,-1,-1,4,E01013493,0,-1
2020010284932,2020,010284932,1,1,0,99,99,9,9,0,0,9,0,99,9,0,9,1,6,6,1,37,7,-1,-1,-1,-1,6,E01000844,0,-1
2020200948659,2020,200948659,2,1,0,18,19,5,1,0,0,8,0,0,0,0,4,1,6,6,1,55,8,-1,-1,-1,-1,1,E01009700,0,-1
2020010279440,2020,010279440,1,9,0,18,19,7,3,0,0,2,0,0,0,0,4,1,6,6,3,-1,-1,-1,-1,-1,-1,-1,-1,0,-1
2020430147270,2020,430147270,2,19,0,18,19,4,8,0,0,3,0,0,0,0,3,1,2,2,2,50,8,-1,-1,-1,-1,9,E01028463,0,-1
20201378V1755,2020,1378V1755,2,4,0,18,19,4,8,0,0,0,0,0,0,0,1,1,1,1,1,16,4,-1,-1,-1,-1,8,E01011191,0,-1
202031D070020,2020,31D070020,2,4,0,18,19,4,8,0,0,8,0,0,0,0,1,1,6,6,1,44,7,-1,-1,-1,-1,6,E01019480,0,-1
2020470954479,2020,470954479,2,1,0,18,19,7,3,0,0,8,0,0,0,0,4,1,6,6,1,57,9,-1,-1,-1,-1,9,E01021124,0,-1
2020140970432,2020,140970432,1,98,0,18,19,3,7,0,0,0,0,0,0,0,0,1,6,6,3,-1,-1,-1,-1,-1,-1,-1,-1,0,-1
2020450917508,2020,450917508,2,9,0,2,2,0,0,0,0,0,0,0,0,0,4,1,6,6,3,-1,-1,-1,-1,-1,-1,-1,-1,0,-1
2020220969640,2020,220969640,2,1,0,18,19,6,2,0,0,4,0,0,0,0,1,1,5,6,1,48,8,-1,-1,-1,-1,2,E01032333,0,-1
2020522001546,2020,522001546,2,9,0,18,19,3,7,0,0,1,0,0,0,0,1,1,6,6,1,30,6,-1,-1,-1,-1,-1,-1,0,-1
2020400954764,2020,400954764,1,9,0,18,19,7,2,0,0,0,5,0,0,0,1,1,5,6,2,25,5,-1,-1,-1,-1,5,E01027136,0,-1
2020010250463,2020,010250463,1,1,9,99,99,9,9,99,99,9,9,99,9,99,0,1,2,2,1,57,9,-1,-1,-1,-1,3,E01033596,0,-1
2020460987290,2020,460987290,2,1,0,18,19,-1,-1,0,0,1,0,0,0,0,0,1,6,6,1,53,8,-1,-1,-1,-1,6,E01032807,0,-1
2020990991312,2020,990991312,1,9,0,18,19,7,3,0,0,0,0,0,0,0,1,1,1,1,2,20,4,-1,-1,-1,-1,-1,-1,0,-1
2020302001449,2020,302001449,3,9,0,3,3,3,8,0,0,0,0,0,0,0,1,1,6,6,1,-1,-1,-1,-1,-1,-1,-1,-1,0,-1
2020010252478,2020,010252478,2,1,0,18,19,3,7,0,0,0,0,0,0,0,1,1,6,6,1,28,6,-1,-1,-1,-1,2,E01004267,0,-1
2020010270430,2020,010270430,2,9,0,99,99,9,9,99,99,9,9,99,9,99,9,9,6,6,3,29,6,-1,-1,-1,-1,9,E01003458,0,-1
2020332000399,2020,332000399,1,9,0,14,14,7,3,0,0,0,0,0,0,0,4,1,1,1,1,50,8,-1,-1,-1,-1,3,E01013698,0,-1
2020990972797,2020,990972797,1,1,0,11,11,2,6,0,0,1,0,0,0,0,1,1,6,6,1,53,8,-1,-1,-1,-1,7,-1,0,-1
2020470921823,2020,470921823,1,9,0,18,19,8,4,0,0,0,0,12,0,0,1,1,6,6,3,-1,-1,-1,-1,-1,-1,-1,-1,0,-1
2020520002535,2020,520002535,1,9,0,10,10,8,6,0,0,8,0,0,0,0,1,1,6,6,2,35,6,-1,-1,-1,-1,6,E01029222,0,-1
2020440464871,2020,440464871,1,9,0,13,13,3,7,0,0,0,0,0,0,0,4,1,1,1,1,58,9,-1,-1,-1,-1,5,E01023151,0,-1
2020540329420,2020,540329420,2,9,0,18,19,2,6,0,0,1,0,0,0,0,1,1,2,2,1,46,8,-1,-1,-1,-1,4,E01032090,0,-1
2020440221583,2020,440221583,1,9,0,1,1,7,1,0,0,0,0,0,0,0,2,1,6,6,3,-1,-1,-1,-1,-1,-1,-1,-1,0,-1
2020220952048,2020,220952048,2,1,0,18,19,6,2,0,0,0,0,0,0,0,3,1,5,6,1,61,9,-1,-1,-1,-1,10,E01032144,0,-1
2020480990409,2020,480990409,1,1,0,18,19,3,7,5,5,0,0,0,0,0,1,1,5,6,1,32,6,-1,-1,-1,-1,3,E01003979,0,-1
2020320061168,2020,320061168,1,9,0,9,9,5,3,0,0,2,0,0,0,0,1,1,1,1,2,59,9,-1,-1,-1,-1,5,E01026285,0,-1
2020400926030,2020,400926030,1,98,-1,18,19,5,1,0,0,0,0,-1,0,0,0,1,6,6,3,-1,-1,-1,-1,-1,-1,-1,-1,0,-1
2020010234254,2020,010234254,1,1,9,99,99,9,9,99,99,9,9,99,9,99,9,-1,2,2,2,34,6,-1,-1,-1,-1,4,E01003333,0,-1
2020052001789,2020,052001789,1,1,0,18,19,1,5,0,0,8,0,0,0,0,3,1,6,6,1,28,6,-1,-1,-1,-1,3,E01006568,0,-1
2020360954017,2020,360954017,1,9,0,5,5,8,4,0,0,2,0,0,0,0,4,1,2,2,1,48,8,-1,-1,-1,-1,5,W01000576,0,-1
2020470990648,2020,470990648,4,9,0,2,2,0,0,0,0,0,0,0,0,0,2,1,6,6,3,-1,-1,-1,-1,-1,-1,-1,-1,0,-1
2020460956752,2020,460956752,2,1,0,17,19,8,5,0,0,0,0,10,1,0,2,1,5,6,1,47,8,-1,-1,-1,-1,10,E01024523,0,-1
2020160975037,2020,160975037,1,19,0,13,13,5,8,0,0,0,0,0,0,0,2,1,1,1,3,-1,-1,-1,-1,-1,-1,-1,-1,0,-1
2020030966496,2020,030966496,2,1,0,18,19,3,7,0,0,0,0,0,0,0,1,1,6,6,1,51,8,-1,-1,-1,-1,10,E01019243,0,-1
2020200936195,2020,200936195,2,9,0,18,19,1,5,0,0,4,0,0,0,0,1,1,6,6,3,-1,-1,-1,-1,-1,-1,-1,-1,0,-1
2020010233933,2020,010233933,1,8,0,99,99,9,9,99,99,9,9,99,9,99,1,9,6,6,3,-1,-1,-1,-1,-1,-1,-1,-1,0,-1
2020010244659,2020,010244659,3,9,9,99,99,9,9,99,99,9,9,99,9,99,9,9,6,6,3,-1,-1,-1,-1,-1,-1,-1,-1,0,-1
2020430114400,2020,430114400,2,1,0,18,19,1,5,0,0,8,0,0,0,0,4,1,6,6,1,47,8,-1,-1,-1,-1,9,E01028785,0,-1
2020500993752,2020,500993752,2,1,0,17,19,4,8,0,0,1,0,0,0,0,1,1,5,6,2,44,7,-1,-1,-1,-1,9,E01020316,0,-1
2020460992216,2020,460992216,1,9,0,9,9,5,3,0,0,0,0,0,0,0,0,1,6,6,3,-1,-1,-1,-1,-1,-1,-1,-1,0,-1
2020010280235,2020,010280235,2,1,0,18,19,1,5,0,0,0,0,0,0,0,1,1,6,6,1,30,6,-1,-1,-1,-1,3,E01004562,0,-1
2020010280712,2020,010280712,2,1,0,18,19,5,1,0,0,8,0,0,0,0,3,1,2,2,1,39,7,-1,-1,-1,-1,-1,-1,0,-1
2020010283251,2020,010283251,1,1,0,9,9,6,3,0,0,8,2,0,0,0,0,1,6,6,1,45,7,-1,-1,-1,-1,6,E01004513,0,-1
2020140936028,2020,140936028,2,9,0,9,9,7,5,0,0,1,0,0,0,0,1,1,6,6,3,-1,-1,-1,-1,-1,-1,-1,-1,0,-1
2020450948000,2020,450948000,2,9,0,18,19,3,1,0,0,0,0,0,0,0,1,1,6,6,3,50,8,-1,-1,-1,-1,-1,-1,0,-1
2020141002327,2020,141002327,2,98,0,-1,-1,-1,-1,-1,-1,0,-1,-1,-1,0,-1,1,6,6,3,-1,-1,-1,-1,-1,-1,-1,-1,0,-1
2020522004694,2020,522004694,1,5,0,-1,-1,-1,-1,0,0,0,1,0,0,0,1,1,6,6,1,35,6,-1,-1,-1,-1,6,E01029039,0,-1
202006P371963,2020,06P371963,1,9,0,5,5,5,3,0,0,6,0,0,0,0,1,1,6,6,1,38,7,-1,-1,-1,-1,3,E01005554,0,-1
2020500932773,2020,500932773,2,1,0,9,9,1,7,0,0,1,0,0,0,0,3,1,5,6,1,60,9,-1,-1,-1,-1,3,E01019922,0,-1
2020211036142,2020,211036142,2,1,0,18,19,2,1,0,0,8,2,0,0,0,3,1,5,6,1,75,10,-1,-1,-1,-1,6,E01014233,0,-1
2020137AA2171,2020,137AA2171,1,9,0,18,19,5,1,0,0,0,0,0,0,0,1,1,6,6,3,-1,-1,-1,-1,-1,-1,-1,-1,0,-1
2020010268986,2020,010268986,1,1,9,99,99,9,9,99,99,9,9,99,9,99,9,1,6,6,1,30,6,-1,-1,-1,-1,2,E01004067,0,-1