collision_index,collision_year,collision_ref_no,vehicle_reference,vehicle_type,towing_and_articulation,vehicle_manoeuvre_historic,vehicle_manoeuvre,vehicle_direction_from,vehicle_direction_to,vehicle_location_restricted_lane_historic,vehicle_location_restricted_lane,junction_location,skidding_and_overturning,hit_object_in_carriageway,vehicle_leaving_carriageway,hit_object_off_carriageway,first_point_of_impact,vehicle_left_hand_drive,journey_purpose_of_driver_historic,journey_purpose_of_driver,sex_of_driver,age_of_driver,age_band_of_driver,engine_capacity_cc,propulsion_code,age_of_vehicle,generic_make_model,driver_imd_decile,lsoa_of_driver,escooter_flag,driver_distance_banding
2020052000631,2020,052000631,1,9,0,5,5,1,6,0,0,4,0,0,0,0,1,1,6,6,3,-1,-1,-1,-1,-1,-1,-1,-1,0,-1
202006A374796,2020,06A374796,2,1,0,18,19,7,3,0,0,1,0,0,0,0,3,1,1,1,1,22,5,-1,-1,-1,-1,1,E01005196,0,-1
2020010283604,2020,010283604,2,1,0,5,5,7,3,0,0,5,0,0,0,0,1,1,1,1,1,26,6,-1,-1,-1,-1,5,E01004579,0,-1
2020460962531,2020,460962531,2,9,0,3,3,1,5,0,0,1,0,0,0,0,0,1,6,6,3,-1,-1,-1,-1,-1,-1,-1,-1,0,-1
2020010280651,2020,010280651,1,1,0,18,19,1,5,9,9,0,0,10,1,0,0,1,4,7,1,52,8,-1,-1,-1,-1,6,E01002955,0,-1
2020450954138,2020,450954138,1,1,0,16,19,2,6,0,0,0,5,0,0,0,3,1,5,6,2,26,6,-1,-1,-1,-1,10,E01003822,0,-1
2020320526036,2020,320526036,1,9,0,16,19,1,5,0,0,0,5,0,7,0,1,1,6,6,2,43,7,-1,-1,-1,-1,1,E01013142,0,-1
2020440195976,2020,440195976,2,1,0,18,19,8,4,5,5,8,0,0,0,0,2,1,2,2,1,52,8,-1,-1,-1,-1,6,E01017173,0,-1
2020160965060,2020,160965060,1,1,0,18,19,5,1,0,0,1,1,0,0,0,3,1,6,6,1,26,6,-1,-1,-1,-1,1,E01012850,0,-1
2020420965380,2020,420965380,2,1,0,18,19,1,5,0,0,0,0,0,0,0,4,1,2,2,1,37,7,-1,-1,-1,-1,3,E01015884,0,-1
2020010232784,2020,010232784,1,1,9,99,99,9,9,99,99,9,9,99,9,99,9,1,2,2,1,52,8,-1,-1,-1,-1,2,E01004390,0,-1
2020332000386,2020,332000386,1,9,0,2,2,0,0,0,0,0,0,0,0,0,2,1,6,6,1,42,7,-1,-1,-1,-1,4,E01025666,0,-1
2020010269400,2020,010269400,1,-1,0,18,19,7,3,9,9,1,0,0,0,0,9,1,6,6,3,-1,-1,-1,-1,-1,-1,-1,-1,1,-1
2020010276445,2020,010276445,1,1,9,99,99,9,9,99,99,9,9,99,9,99,9,1,2,2,1,25,5,-1,-1,-1,-1,4,E01004580,0,-1
2020302001466,2020,302001466,2,1,0,18,19,8,2,0,0,0,0,0,1,0,1,1,6,6,2,66,10,-1,-1,-1,-1,8,E01019734,0,-1
2020010262920,2020,010262920,1,1,9,99,99,9,9,99,99,9,9,99,9,99,1,1,2,2,1,21,5,-1,-1,-1,-1,4,E01030608,0,-1
2020440130864,2020,440130864,2,1,0,18,19,5,1,0,0,2,0,0,0,0,1,1,6,6,2,21,5,-1,-1,-1,-1,4,E01017334,0,-1
2020010230258,2020,010230258,2,4,0,18,19,4,8,0,0,2,0,0,0,0,0,1,6,6,1,-1,-1,-1,-1,-1,-1,-1,-1,0,-1
2020440387678,2020,440387678,1,9,0,18,19,6,2,0,0,8,0,0,7,0,4,1,1,1,1,33,6,-1,-1,-1,-1,9,E01022697,0,-1
2020332000021,2020,332000021,1,9,0,4,4,4,8,0,0,1,0,0,0,0,1,2,6,6,1,58,9,-1,-1,-1,-1,8,E01025786,0,-1
202031D148720,2020,31D148720,1,19,0,1,1,2,6,0,0,1,0,4,0,0,2,1,6,6,3,-1,-1,-1,-1,-1,-1,-1,-1,0,-1
2020471004718,2020,471004718,2,1,0,18,19,8,4,0,0,8,0,0,0,0,1,1,6,6,1,68,10,-1,-1,-1,-1,7,E01016896,0,-1
2020440208252,2020,440208252,1,9,0,18,19,5,8,0,0,4,0,0,0,0,3,1,6,6,2,69,10,-1,-1,-1,-1,7,E01023082,0,-1
2020170S10550,2020,170S10550,2,1,0,18,19,3,7,0,0,8,0,0,0,0,1,1,6,6,1,43,7,-1,-1,-1,-1,1,E01033477,0,-1
2020460948966,2020,460948966,1,1,0,18,19,3,7,0,0,0,0,0,0,0,1,1,6,6,1,46,8,-1,-1,-1,-1,7,E01032656,0,-1
2020320537108,2020,320537108,2,1,0,18,19,5,1,9,9,1,5,0,0,0,1,1,2,2,2,65,9,-1,-1,-1,-1,3,E01026146,0,-1
2020070486911,2020,070486911,2,9,0,18,19,1,3,0,0,1,0,0,0,0,2,1,6,6,1,46,8,-1,-1,-1,-1,1,E01018459,0,-1
2020010253391,2020,010253391,1,9,0,1,1,5,1,0,0,0,0,0,0,0,2,1,6,6,3,-1,-1,-1,-1,-1,-1,-1,-1,0,-1
2020332000369,2020,332000369,2,9,0,3,3,4,8,0,0,0,0,0,0,0,2,1,2,2,1,68,10,-1,-1,-1,-1,9,E01013706,0,-1
2020340K03852,2020,340K03852,1,9,0,18,19,5,1,0,0,0,0,0,0,0,0,1,6,6,1,54,8,-1,-1,-1,-1,7,E01027321,0,-1
2020552000440,2020,552000440,2,1,0,18,19,5,1,0,0,3,0,0,0,0,2,1,6,6,2,36,7,-1,-1,-1,-1,9,E01015463,0,-1
2020010270629,2020,010270629,2,1,0,18,19,1,5,0,0,8,5,0,0,0,1,1,6,6,1,51,8,-1,-1,-1,-1,9,E01004133,0,-1
2020137760643,2020,137760643,2,1,0,18,19,3,7,0,0,1,1,0,0,0,1,1,1,1,1,21,5,-1,-1,-1,-1,2,E01011740,0,-1
2020010246537,2020,010246537,3,1,0,15,15,5,1,4,4,1,0,0,0,0,1,-1,6,6,1,52,8,-1,-1,-1,-1,10,E01030590,0,-1
2020160962788,2020,160962788,2,1,0,18,19,3,7,4,4,8,0,0,0,0,1,1,6,6,2,55,8,-1,-1,-1,-1,1,E01013203,0,-1
2020010251047,2020,010251047,1,1,9,99,99,9,9,99,99,0,9,99,9,99,2,1,6,6,1,50,8,-1,-1,-1,-1,4,E01024167,0,-1
202006J372150,2020,06J372150,1,1,0,18,19,4,8,0,0,1,0,0,0,0,2,1,6,6,1,30,6,-1,-1,-1,-1,6,E01005176,0,-1
2020010240444,2020,010240444,3,9,0,18,19,5,1,0,0,4,0,0,0,0,1,1,6,6,3,-1,-1,-1,-1,-1,-1,-1,-1,0,-1
2020522003695,2020,522003695,2,9,0,11,11,1,5,0,0,0,0,0,0,0,1,1,6,6,1,17,4,-1,-1,-1,-1,-1,-1,0,-1
2020332000770,2020,332000770,1,19,0,4,4,8,4,0,0,1,0,0,0,0,4,1,1,1,1,55,8,-1,-1,-1,-1,8,E01025679,0,-1
2020332000546,2020,332000546,4,9,0,3,3,3,7,0,0,0,0,0,0,0,2,1,2,2,2,43,7,-1,-1,-1,-1,4,E01025962,0,-1
202006A367112,2020,06A367112,2,1,0,18,19,4,8,2,2,8,0,0,0,0,3,1,2,2,1,34,6,-1,-1,-1,-1,1,E01005758,0,-1
2020010240416,2020,010240416,2,1,0,18,19,3,7,4,4,1,0,0,0,0,3,1,6,6,1,84,11,-1,-1,-1,-1,5,E01032783,0,-1
2020040996918,2020,040996918,2,9,0,4,4,2,6,0,0,3,0,0,0,0,2,1,3,7,2,34,6,-1,-1,-1,-1,1,E01012682,0,-1
2020990972290,2020,990972290,2,1,0,18,19,3,7,0,0,0,0,0,0,0,1,1,6,6,1,15,3,-1,-1,-1,-1,-1,-1,0,-1
2020360940369,2020,360940369,1,9,0,18,19,2,6,0,0,0,0,0,0,0,0,1,6,6,3,-1,-1,-1,-1,-1,-1,-1,-1,0,-1
20201378S1617,2020,1378S1617,1,9,0,13,13,5,1,0,0,8,0,0,0,0,1,1,6,6,1,43,7,-1,-1,-1,-1,8,E01011715,0,-1
2020010239717,2020,010239717,2,9,0,18,19,5,1,0,0,0,0,0,0,0,1,1,6,6,1,31,6,-1,-1,-1,-1,3,E01015882,0,-1
2020010262795,2020,010262795,2,98,0,18,19,4,8,0,0,1,0,0,0,0,3,1,6,6,3,-1,-1,-1,-1,-1,-1,-1,-1,0,-1
2020461010667,2020,461010667,1,9,0,18,19,3,1,0,0,1,0,0,7,0,3,1,6,6,1,75,10,-1,-1,-1,-1,7,E01024273,0,-1
2020450981160,2020,450981160,3,1,0,18,19,2,6,0,0,1,0,0,0,0,1,1,5,6,2,47,8,-1,-1,-1,-1,5,E01002692,0,-1
2020010257112,2020,010257112,2,1,0,18,19,5,1,0,0,5,0,4,0,0,1,1,6,6,1,27,6,-1,-1,-1,-1,3,E01001479,0,-1
2020010251061,2020,010251061,1,9,0,18,19,5,1,0,0,1,0,7,1,1,4,1,6,6,1,54,8,-1,-1,-1,-1,2,E01001594,0,-1
2020421011492,2020,421011492,2,9,0,2,2,0,0,0,0,0,0,0,0,0,3,1,6,6,3,-1,-1,-1,-1,-1,-1,-1,-1,0,-1
2020332000986,2020,332000986,2,9,0,18,19,7,3,0,0,1,0,0,0,0,1,1,2,2,2,32,6,-1,-1,-1,-1,2,E01013694,0,-1
2020400991519,2020,400991519,2,9,0,9,9,6,4,0,0,8,0,0,0,0,1,1,1,1,1,36,7,-1,-1,-1,-1,10,E01016781,0,-1
202060Y061971,2020,60Y061971,1,5,0,18,19,1,5,0,0,1,0,0,1,0,1,1,6,6,1,49,8,-1,-1,-1,-1,-1,-1,0,-1
2020320490979,2020,320490979,2,1,0,9,9,7,1,0,0,3,0,0,0,0,1,1,6,6,1,59,9,-1,-1,-1,-1,10,E01032356,0,-1
2020010251405,2020,010251405,2,1,0,18,19,1,5,0,0,1,0,0,0,0,2,1,6,6,1,56,9,-1,-1,-1,-1,2,E01001780,0,-1
202031D103620,2020,31D103620,2,9,0,3,3,3,7,0,0,1,0,0,0,0,2,1,6,6,2,26,6,-1,-1,-1,-1,9,E01019696,0,-1
2020440305325,2020,440305325,2,90,0,2,2,0,0,0,0,2,0,0,0,0,2,1,6,6,3,-1,-1,-1,-1,-1,-1,-1,-1,0,-1
2020430389780,2020,430389780,2,19,0,18,19,8,4,0,0,1,0,0,0,0,1,1,6,6,1,-1,-1,-1,-1,-1,-1,-1,-1,0,-1
2020371002198,2020,371002198,1,9,0,1,1,3,7,0,0,0,0,0,0,0,2,1,6,6,3,-1,-1,-1,-1,-1,-1,-1,-1,0,-1
2020451004657,2020,451004657,1,1,0,18,19,5,1,5,5,0,0,0,0,0,1,1,6,6,1,30,6,-1,-1,-1,-1,6,E01030336,0,-1
2020990958969,2020,990958969,1,1,0,12,12,7,4,0,0,1,0,0,0,0,1,1,5,6,1,10,2,-1,-1,-1,-1,2,-1,0,-1
202063A032120,2020,63A032120,1,9,0,18,19,6,2,0,0,0,0,12,0,0,1,1,6,6,1,21,5,-1,-1,-1,-1,6,W01000689,0,-1
2020010276520,2020,010276520,1,1,0,14,14,1,5,0,0,2,0,0,0,0,1,1,2,2,1,25,5,-1,-1,-1,-1,6,E01003232,0,-1
2020360980983,2020,360980983,2,1,0,18,19,-1,-1,0,0,0,0,0,0,0,-1,1,6,6,1,30,6,-1,-1,-1,-1,3,E01026784,0,-1
2020052001059,2020,052001059,2,1,0,18,19,8,4,0,0,8,0,0,0,0,3,1,6,6,1,73,10,-1,-1,-1,-1,1,E01033763,0,-1
202031D024620,2020,31D024620,1,9,0,18,19,2,6,0,0,1,0,0,0,0,1,1,1,1,3,-1,-1,-1,-1,-1,-1,-1,-1,0,-1
2020430433628,2020,430433628,2,1,0,15,15,1,5,0,0,1,0,8,0,0,3,1,2,2,1,27,6,-1,-1,-1,-1,7,E01028521,0,-1
2020400950381,2020,400950381,2,1,0,3,3,1,8,0,0,3,0,0,0,0,2,1,5,6,2,23,5,-1,-1,-1,-1,9,E01015809,0,-1
202060Y001562,2020,60Y001562,1,9,0,9,9,6,4,0,0,2,0,0,0,0,1,1,6,6,2,25,5,-1,-1,-1,-1,-1,-1,0,-1
2020440086051,2020,440086051,2,9,0,5,5,6,3,9,9,8,0,0,0,0,3,1,6,6,2,36,7,-1,-1,-1,-1,10,E01022954,0,-1
2020070544395,2020,070544395,3,19,0,4,4,5,1,0,0,0,0,0,0,0,2,1,1,1,1,45,7,-1,-1,-1,-1,2,E01005461,0,-1
2020548110820,2020,548110820,3,9,0,3,3,1,5,0,0,0,0,0,0,0,2,1,6,6,1,45,7,-1,-1,-1,-1,9,E01032020,0,-1
2020201007834,2020,201007834,3,9,0,2,2,0,0,0,0,2,0,0,0,0,3,1,6,6,3,-1,-1,-1,-1,-1,-1,-1,-1,0,-1
2020040948513,2020,040948513,2,1,0,7,7,1,5,0,0,0,0,0,0,0,1,1,5,6,1,72,10,-1,-1,-1,-1,2,E01012745,0,-1
2020360939129,2020,360939129,1,9,0,18,19,6,-1,0,0,0,0,0,0,0,1,1,6,6,3,-1,-1,-1,-1,-1,-1,-1,-1,0,-1
2020552000009,2020,552000009,2,1,0,16,19,7,3,0,0,8,0,0,0,0,4,1,1,1,1,42,7,-1,-1,-1,-1,8,E01015298,0,-1
2020210956737,2020,210956737,3,9,-1,-1,-1,-1,-1,-1,-1,0,-1,-1,-1,0,-1,1,6,6,1,-1,-1,-1,-1,-1,-1,-1,-1,0,-1
2020530997444,2020,530997444,2,9,0,5,5,2,6,0,0,1,0,0,0,0,1,1,6,6,3,-1,-1,-1,-1,-1,-1,-1,-1,0,-1
202006A167327,2020,06A167327,2,1,0,18,19,5,1,0,0,8,0,0,0,0,2,1,1,1,2,27,6,-1,-1,-1,-1,2,E01005236,0,-1
2020070345690,2020,070345690,1,1,0,18,19,2,4,0,0,4,0,0,0,0,1,1,6,6,1,53,8,-1,-1,-1,-1,6,E01005830,0,-1
2020470978375,2020,470978375,1,97,0,13,13,7,3,0,0,2,0,0,0,0,0,1,6,6,3,-1,-1,-1,-1,-1,-1,-1,-1,0,-1
2020480947034,2020,480947034,1,1,0,18,19,5,1,0,0,1,0,0,0,0,4,1,2,2,1,49,8,-1,-1,-1,-1,10,E01021673,0,-1
2020230938790,2020,230938790,1,9,0,18,19,2,6,0,0,0,0,0,0,0,1,1,2,2,1,34,6,-1,-1,-1,-1,2,E01009082,0,-1
2020010236246,2020,010236246,2,90,0,99,99,9,9,99,99,0,9,99,9,99,2,9,6,6,3,-1,-1,-1,-1,-1,-1,-1,-1,0,-1
2020010263306,2020,010263306,2,1,0,18,19,6,2,0,0,1,0,10,0,0,1,1,6,6,1,21,5,-1,-1,-1,-1,3,E01003606,0,-1
2020200936928,2020,200936928,2,1,0,18,19,6,2,2,2,8,0,0,0,0,4,1,6,6,1,33,6,-1,-1,-1,-1,1,E01009494,0,-1
202060Y079958,2020,60Y079958,1,9,0,18,19,5,1,0,0,4,0,0,0,0,1,1,6,6,1,30,6,-1,-1,-1,-1,-1,-1,0,-1
2020140940584,2020,140940584,2,19,0,18,19,1,5,0,0,1,0,0,0,0,1,1,6,6,1,45,7,-1,-1,-1,-1,6,E01007838,0,-1
2020110968036,2020,110968036,1,9,0,18,19,7,3,0,0,0,0,0,0,0,1,1,5,6,1,31,6,-1,-1,-1,-1,2,E01020797,0,-1
2020332001245,2020,332001245,1,9,0,18,19,4,8,0,0,0,0,0,0,0,0,1,6,6,1,19,4,-1,-1,-1,-1,-1,-1,0,-1
2020360975101,2020,360975101,2,98,0,2,2,0,0,0,0,2,0,0,1,11,2,1,6,6,3,-1,-1,-1,-1,-1,-1,-1,-1,0,-1
202054A483620,2020,54A483620,1,9,0,1,1,8,4,0,0,0,0,0,0,0,2,1,6,6,1,30,6,-1,-1,-1,-1,-1,-1,0,-1
2020200944693,2020,200944693,1,9,0,18,19,8,4,0,0,1,0,0,0,0,4,1,6,6,2,-1,-1,-1,-1,-1,-1,-1,-1,0,-1
2020070547661,2020,070547661,2,1,0,5,5,4,8,0,0,0,0,0,0,0,3,1,6,6,1,10,2,-1,-1,-1,-1,4,E01018512,0,-1
2020141004627,2020,141004627,2,9,-1,-1,-1,-1,-1,-1,-1,0,-1,-1,-1,0,-1,1,6,6,3,-1,-1,-1,-1,-1,-1,-1,-1,0,-1
2020010285036,2020,010285036,2,-1,0,18,19,2,6,0,0,0,0,0,0,0,3,1,6,6,1,19,4,-1,-1,-1,-1,2,E01000905,1,-1
2020610013020,2020,610013020,2,1,0,18,19,7,5,0,0,1,1,0,0,0,4,1,6,6,1,14,3,-1,-1,-1,-1,1,W01001361,0,-1
2020450961574,2020,450961574,2,98,0,18,19,1,5,0,0,4,0,0,0,0,4,1,6,6,3,30,6,-1,-1,-1,-1,-1,-1,0,-1
2020610029220,2020,610029220,2,9,0,18,19,3,7,0,0,8,1,10,0,0,2,1,1,1,1,29,6,-1,-1,-1,-1,-1,-1,0,-1
2020010241062,2020,010241062,2,9,0,18,19,6,2,0,0,2,0,0,0,0,1,1,6,6,3,-1,-1,-1,-1,-1,-1,-1,-1,0,-1
2020470987528,2020,470987528,2,1,0,18,19,3,7,5,5,1,0,0,0,0,3,1,5,6,1,65,9,-1,-1,-1,-1,9,E01031475,0,-1
2020211023865,2020,211023865,1,3,0,3,3,8,4,0,0,0,0,0,0,0,1,1,1,1,1,20,4,-1,-1,-1,-1,2,E01014302,0,-1
2020110997857,2020,110997857,1,9,0,9,9,7,5,0,0,2,0,0,0,0,1,1,6,6,1,30,6,-1,-1,-1,-1,-1,-1,0,-1
2020332000305,2020,332000305,1,1,0,9,9,2,8,0,0,5,0,0,0,0,1,1,6,6,1,17,4,-1,-1,-1,-1,5,E01025858,0,-1
2020100935530,2020,100935530,1,90,0,18,19,5,1,0,0,0,0,0,0,0,1,1,6,6,1,-1,-1,-1,-1,-1,-1,-1,-1,0,-1
2020010258193,2020,010258193,2,9,9,99,99,8,4,0,0,1,9,99,9,99,9,9,6,6,3,-1,-1,-1,-1,-1,-1,-1,-1,0,-1
2020010241363,2020,010241363,2,9,0,99,99,9,9,99,99,9,9,99,9,99,9,9,6,6,3,-1,-1,-1,-1,-1,-1,-1,-1,0,-1
2020040973594,2020,040973594,2,1,0,18,19,2,6,0,0,8,0,0,0,0,0,1,5,6,1,49,8,-1,-1,-1,-1,7,E01006231,0,-1
2020332000722,2020,332000722,2,9,0,2,2,0,0,0,0,0,0,0,0,0,4,1,6,6,2,25,5,-1,-1,-1,-1,1,E01013725,0,-1
2020460929534,2020,460929534,3,9,0,2,2,0,0,0,0,0,0,0,0,0,2,1,6,6,3,-1,-1,-1,-1,-1,-1,-1,-1,0,-1
2020302000609,2020,302000609,3,1,0,18,19,2,6,0,0,8,0,0,0,0,2,1,6,6,1,70,10,-1,-1,-1,-1,8,E01019859,0,-1
2020010284151,2020,010284151,1,9,0,99,99,9,9,99,99,9,9,99,9,99,2,9,6,6,3,-1,-1,-1,-1,-1,-1,7,E01032776,0,-1
202006M167819,2020,06M167819,1,9,0,9,9,7,5,0,0,1,0,0,0,0,1,1,6,6,1,30,6,-1,-1,-1,-1,-1,-1,0,-1
2020430149106,2020,430149106,1,1,0,18,19,8,4,0,0,0,0,0,0,0,3,1,6,6,1,14,3,-1,-1,-1,-1,9,E01016266,0,-1
2020010264181,2020,010264181,1,1,9,99,99,9,9,99,99,9,9,99,9,99,9,1,6,6,1,25,5,-1,-1,-1,-1,1,E01033585,0,-1
2020010271069,2020,010271069,2,1,0,18,19,4,8,0,0,0,5,0,0,0,1,1,1,1,1,63,9,-1,-1,-1,-1,3,E01003286,0,-1
2020200980472,2020,200980472,1,9,0,16,19,7,2,0,0,0,0,10,1,10,1,1,1,1,2,52,8,-1,-1,-1,-1,3,E01009112,0,-1
2020610039120,2020,610039120,1,19,0,17,19,6,3,0,0,0,0,0,0,0,4,1,1,1,1,30,6,-1,-1,-1,-1,-1,-1,0,-1
2020010260808,2020,010260808,2,22,0,18,19,6,2,9,9,1,0,0,0,0,1,1,6,6,1,63,9,-1,-1,-1,-1,6,E01002005,0,-1
2020010276247,2020,010276247,1,10,0,18,19,3,7,0,0,1,0,0,0,0,1,1,6,6,1,61,9,-1,-1,-1,-1,2,E01000482,0,-1
2020440217006,2020,440217006,2,9,0,9,9,1,7,0,0,8,0,0,0,0,4,1,6,6,1,52,8,-1,-1,-1,-1,1,E01017102,0,-1
2020140944288,2020,140944288,5,9,0,2,2,5,1,0,0,1,0,0,0,0,2,1,6,6,3,-1,-1,-1,-1,-1,-1,-1,-1,0,-1
2020010276130,2020,010276130,1,9,0,99,99,9,9,0,0,0,0,0,0,0,9,9,6,6,3,-1,-1,-1,-1,-1,-1,-1,-1,0,-1
2020460922552,2020,460922552,1,98,0,18,19,1,5,0,0,1,0,0,0,0,1,1,6,6,1,-1,-1,-1,-1,-1,-1,-1,-1,0,-1
2020010231516,2020,010231516,1,9,0,18,19,-1,-1,0,0,8,0,0,0,0,4,1,6,6,3,-1,-1,-1,-1,-1,-1,-1,-1,0,-1
2020111001069,2020,111001069,1,9,0,18,19,4,8,0,0,0,0,0,0,0,1,1,6,6,3,30,6,-1,-1,-1,-1,-1,-1,0,-1
2020010234821,2020,010234821,2,9,0,99,99,9,9,99,99,9,9,99,9,99,2,9,6,6,3,-1,-1,-1,-1,-1,-1,-1,-1,0,-1
2020010270182,2020,010270182,1,1,0,18,19,1,5,9,9,0,9,99,9,0,9,1,6,6,1,19,4,-1,-1,-1,-1,-1,-1,0,-1
2020010278880,2020,010278880,2,1,0,18,19,5,1,4,4,8,0,0,0,0,1,1,2,2,1,21,5,-1,-1,-1,-1,5,E01002237,0,-1
2020302001201,2020,302001201,1,9,0,18,19,1,5,0,0,0,0,0,0,0,3,1,6,6,3,-1,-1,-1,-1,-1,-1,5,E01019456,0,-1
202031A140720,2020,31A140720,2,9,0,9,9,2,8,0,0,5,0,0,0,0,1,1,6,6,3,-1,-1,-1,-1,-1,-1,-1,-1,0,-1
2020220978943,2020,220978943,1,1,0,18,19,5,1,0,0,0,0,0,0,0,1,1,5,6,1,54,8,-1,-1,-1,-1,10,E01032419,0,-1
2020990976527,2020,990976527,2,1,0,11,11,5,7,0,0,3,0,0,0,0,3,1,5,6,1,54,8,-1,-1,-1,-1,2,-1,0,-1
2020010284762,2020,010284762,1,1,9,99,99,9,9,99,99,0,9,99,9,99,9,1,6,6,1,35,6,-1,-1,-1,-1,7,E01004609,0,-1
2020040937440,2020,040937440,3,1,0,18,19,-1,-1,0,0,1,0,0,0,0,3,1,6,6,1,55,8,-1,-1,-1,-1,1,E01025156,0,-1
202006A172724,2020,06A172724,1,1,0,18,19,3,7,7,6,0,0,4,0,0,4,1,6,6,1,47,8,-1,-1,-1,-1,1,E01005129,0,-1
2020420968780,2020,420968780,2,9,0,18,19,7,3,0,0,0,0,0,0,0,2,1,5,6,1,58,9,-1,-1,-1,-1,6,E01024236,0,-1
2020470985961,2020,470985961,1,1,0,18,19,7,3,0,0,8,0,0,0,0,3,1,4,7,1,12,3,-1,-1,-1,-1,7,E01031368,0,-1
2020122100174,2020,122100174,3,8,0,18,19,8,4,0,0,3,0,0,0,0,2,1,6,6,1,22,5,-1,-1,-1,-1,10,E01013451,0,-1
2020010233022,2020,010233022,1,1,9,99,99,9,9,99,99,9,9,99,9,99,9,1,2,2,2,26,6,-1,-1,-1,-1,4,E01000932,0,-1
2020010282228,2020,010282228,1,1,0,18,19,3,7,0,0,0,0,0,0,0,0,1,6,6,1,53,8,-1,-1,-1,-1,7,E01000748,0,-1
2020010285841,2020,010285841,2,1,0,18,19,1,5,6,6,0,1,0,0,0,1,1,6,6,1,37,7,-1,-1,-1,-1,2,E01004287,0,-1
2020010266967,2020,010266967,2,1,0,18,19,6,2,4,4,8,0,0,1,0,3,1,2,2,1,40,7,-1,-1,-1,-1,3,E01004378,0,-1
2020220919908,2020,220919908,3,9,0,3,3,1,5,0,0,1,0,0,0,0,3,1,3,7,1,44,7,-1,-1,-1,-1,4,E01013991,0,-1
2020140994695,2020,140994695,1,1,0,9,9,3,1,0,0,4,0,0,0,0,4,1,6,6,1,53,8,-1,-1,-1,-1,7,E01007798,0,-1
2020200963455,2020,200963455,3,9,0,2,2,0,0,0,0,0,0,10,1,2,1,1,6,6,3,-1,-1,-1,-1,-1,-1,-1,-1,0,-1
2020302000578,2020,302000578,2,4,0,18,19,7,3,0,0,1,0,0,0,0,2,1,6,6,1,24,5,-1,-1,-1,-1,3,E01013554,0,-1
2020400986344,2020,400986344,2,1,0,-1,-1,-1,-1,-1,-1,-1,-1,-1,-1,0,-1,1,2,2,1,49,8,-1,-1,-1,-1,5,E01015780,0,-1
2020332000710,2020,332000710,1,9,0,2,2,0,0,0,0,0,0,0,0,0,2,1,3,7,2,43,7,-1,-1,-1,-1,2,E01013655,0,-1
2020110993056,2020,110993056,2,1,0,18,19,5,1,0,0,0,0,0,0,0,3,1,6,6,1,43,7,-1,-1,-1,-1,9,E01020612,0,-1
2020010276106,2020,010276106,2,19,0,18,19,4,8,0,0,1,0,0,0,0,1,1,6,6,3,-1,-1,-1,-1,-1,-1,-1,-1,0,-1
2020430295228,2020,430295228,2,1,0,13,13,3,7,0,0,0,0,0,0,0,1,1,6,6,1,50,8,-1,-1,-1,-1,7,E01016579,0,-1
2020440055586,2020,440055586,2,9,0,18,19,1,5,0,0,0,0,0,0,0,4,1,6,6,3,-1,-1,-1,-1,-1,-1,-1,-1,0,-1
2020420948065,2020,420948065,2,98,1,2,2,0,0,6,6,0,0,0,0,0,2,1,6,6,3,-1,-1,-1,-1,-1,-1,-1,-1,0,-1
2020530968603,2020,530968603,1,1,0,16,19,3,7,0,0,0,0,0,1,0,0,1,6,6,1,48,8,-1,-1,-1,-1,7,E01022221,0,-1
2020010232350,2020,010232350,2,98,9,99,99,9,9,99,99,9,9,99,9,99,9,9,6,6,3,-1,-1,-1,-1,-1,-1,-1,-1,0,-1
2020460972402,2020,460972402,2,1,0,17,19,1,7,0,0,5,0,0,7,0,2,1,2,2,1,37,7,-1,-1,-1,-1,-1,-1,0,-1
2020440088846,2020,440088846,2,9,0,18,19,4,8,0,0,8,0,0,0,0,1,1,6,6,1,-1,-1,-1,-1,-1,-1,-1,-1,0,-1
2020540454420,2020,540454420,1,19,0,1,1,5,1,0,0,0,0,0,0,0,2,1,6,6,3,-1,-1,-1,-1,-1,-1,-1,-1,0,-1
2020010254614,2020,010254614,1,1,9,99,99,1,5,99,99,0,9,99,9,99,9,1,6,6,1,51,8,-1,-1,-1,-1,4,E01004027,0,-1
202060Y027750,2020,60Y027750,2,9,0,18,19,8,2,0,0,1,1,0,1,0,1,1,1,1,2,55,8,-1,-1,-1,-1,-1,-1,0,-1
2020430194692,2020,430194692,2,9,0,18,19,7,3,0,0,0,0,0,0,0,3,1,6,6,3,-1,-1,-1,-1,-1,-1,-1,-1,0,-1
2020522004199,2020,522004199,2,9,0,18,19,2,6,0,0,0,0,0,0,0,1,1,6,6,3,-1,-1,-1,-1,-1,-1,-1,-1,0,-1
2020430072617,2020,430072617,2,1,0,18,19,2,6,0,0,1,0,0,0,0,3,1,6,6,1,25,5,-1,-1,-1,-1,5,E01016461,0,-1
2020010275921,2020,010275921,2,-1,0,5,5,3,7,0,0,1,0,0,0,0,1,1,2,2,1,43,7,-1,-1,-1,-1,6,E01004706,1,-1
2020230979892,2020,230979892,1,9,0,7,7,5,6,0,0,8,0,0,0,0,3,1,5,6,3,45,7,-1,-1,-1,-1,-1,-1,0,-1
2020201021696,2020,201021696,2,1,0,18,19,2,6,0,0,2,0,0,0,0,1,1,6,6,1,-1,-1,-1,-1,-1,-1,5,E01010213,0,-1
2020010233701,2020,010233701,2,1,0,5,5,1,5,0,0,1,0,0,0,0,4,-1,2,2,1,43,7,-1,-1,-1,-1,10,E01014132,0,-1
2020010280968,2020,010280968,2,-1,0,18,19,5,1,0,0,1,0,0,0,0,1,1,6,6,2,24,5,-1,-1,-1,-1,4,E01003410,1,-1
2020470987930,2020,470987930,2,1,0,18,19,1,5,0,0,8,0,0,0,0,1,1,6,6,1,69,10,-1,-1,-1,-1,9,E01031648,0,-1
2020010257634,2020,010257634,3,9,0,2,2,0,0,9,9,8,0,4,0,0,3,1,6,6,3,-1,-1,-1,-1,-1,-1,-1,-1,0,-1
2020010265152,2020,010265152,1,9,0,99,99,9,9,99,99,9,9,99,9,99,1,9,6,6,1,33,6,-1,-1,-1,-1,1,E01001899,0,-1
2020010239194,2020,010239194,2,1,0,9,9,5,3,0,0,5,0,0,0,0,2,1,6,6,1,54,8,-1,-1,-1,-1,9,E01000716,0,-1