collision_index,collision_year,collision_ref_no,vehicle_reference,vehicle_type,towing_and_articulation,vehicle_manoeuvre_historic,vehicle_manoeuvre,vehicle_direction_from,vehicle_direction_to,vehicle_location_restricted_lane_historic,vehicle_location_restricted_lane,junction_location,skidding_and_overturning,hit_object_in_carriageway,vehicle_leaving_carriageway,hit_object_off_carriageway,first_point_of_impact,vehicle_left_hand_drive,journey_purpose_of_driver_historic,journey_purpose_of_driver,sex_of_driver,age_of_driver,age_band_of_driver,engine_capacity_cc,propulsion_code,age_of_vehicle,generic_make_model,driver_imd_decile,lsoa_of_driver,escooter_flag,driver_distance_banding
202063C004420,2020,63C004420,2,1,0,17,19,2,7,0,0,0,0,0,0,0,2,1,6,6,1,73,10,-1,-1,-1,-1,6,W01000595,0,-1
2020460982157,2020,460982157,1,9,0,4,4,7,3,0,0,0,0,0,0,0,2,1,5,6,3,-1,-1,-1,-1,-1,-1,-1,-1,0,-1
2020030953753,2020,030953753,1,19,0,5,5,1,5,0,0,0,0,0,0,0,0,1,1,1,3,-1,-1,-1,-1,-1,-1,-1,-1,0,-1
2020040943434,2020,040943434,1,1,0,16,19,1,1,4,4,1,1,0,0,0,1,1,5,6,1,55,8,-1,-1,-1,-1,4,E01033071,0,-1
2020990993078,2020,990993078,2,1,0,18,19,5,1,0,0,2,0,0,0,0,2,1,5,6,1,55,8,-1,-1,-1,-1,4,-1,0,-1
2020201021962,2020,201021962,1,9,0,18,19,2,6,0,0,8,0,0,0,0,1,1,6,6,1,40,7,-1,-1,-1,-1,1,E01010543,0,-1
2020420967887,2020,420967887,3,9,0,18,19,1,5,0,0,0,0,0,0,0,0,1,6,6,3,18,4,-1,-1,-1,-1,-1,-1,0,-1
2020010246928,2020,010246928,1,1,9,99,99,9,9,99,99,0,9,99,9,99,9,1,6,6,1,44,7,-1,-1,-1,-1,6,E01003378,0,-1
2020200940522,2020,200940522,1,9,0,18,19,3,7,0,0,0,0,0,0,0,1,1,6,6,3,-1,-1,-1,-1,-1,-1,-1,-1,0,-1
202031C067820,2020,31C067820,1,11,0,4,4,2,6,0,0,0,0,0,0,0,0,1,1,1,2,23,5,-1,-1,-1,-1,4,E01028210,0,-1
2020160994739,2020,160994739,2,1,0,18,19,4,8,0,0,1,0,0,0,0,3,1,6,6,1,12,3,-1,-1,-1,-1,10,E01013110,0,-1
2020030983913,2020,030983913,2,1,0,3,3,1,5,0,0,0,0,0,0,0,0,1,6,6,1,38,7,-1,-1,-1,-1,4,E01019216,0,-1
2020990965875,2020,990965875,2,1,0,18,19,8,4,0,0,8,0,0,1,11,1,1,5,6,2,51,8,-1,-1,-1,-1,8,-1,0,-1
2020010282589,2020,010282589,2,9,0,99,99,9,9,99,99,9,9,99,9,99,1,9,6,6,3,-1,-1,-1,-1,-1,-1,-1,-1,0,-1
202031D070420,2020,31D070420,2,9,0,9,9,1,5,0,0,8,0,0,0,0,1,1,6,6,1,31,6,-1,-1,-1,-1,10,E01013803,0,-1
2020010244434,2020,010244434,1,1,9,99,99,9,9,99,99,9,9,99,9,99,1,-1,6,6,1,54,8,-1,-1,-1,-1,3,E01004031,0,-1
2020010275965,2020,010275965,1,8,0,18,19,1,5,0,0,3,1,10,7,1,3,2,2,2,1,23,5,-1,-1,-1,-1,8,E01031603,0,-1
202060Y022708,2020,60Y022708,2,21,1,2,2,0,0,0,0,0,0,0,0,0,2,1,1,1,1,33,6,-1,-1,-1,-1,-1,-1,0,-1
2020460973879,2020,460973879,3,9,0,3,3,3,6,0,0,0,0,0,0,0,2,1,1,1,1,30,6,-1,-1,-1,-1,3,E01024001,0,-1
2020010263098,2020,010263098,2,1,0,18,19,1,5,0,0,0,0,0,0,0,4,1,6,6,1,26,6,-1,-1,-1,-1,2,E01004253,0,-1
2020450997343,2020,450997343,2,-1,0,18,19,7,3,0,0,0,0,0,0,0,4,1,6,6,1,20,4,-1,-1,-1,-1,-1,-1,1,-1
2020332000384,2020,332000384,1,9,0,18,19,6,2,0,0,2,0,0,0,0,1,1,6,6,2,36,7,-1,-1,-1,-1,5,E01025673,0,-1
2020430034757,2020,430034757,1,9,0,18,19,3,7,0,0,0,0,0,7,0,4,1,6,6,1,54,8,-1,-1,-1,-1,10,E01016701,0,-1
2020010269227,2020,010269227,1,1,9,99,99,9,9,99,99,9,9,99,9,99,9,1,6,6,3,-1,-1,-1,-1,-1,-1,-1,-1,0,-1
2020010264794,2020,010264794,2,8,0,99,99,9,9,99,99,9,9,99,9,99,9,9,6,6,3,-1,-1,-1,-1,-1,-1,-1,-1,0,-1
2020361011847,2020,361011847,1,9,0,18,19,8,3,0,0,1,0,0,0,0,1,1,6,6,3,-1,-1,-1,-1,-1,-1,-1,-1,0,-1
2020010265828,2020,010265828,1,1,9,99,99,9,9,99,99,9,9,99,9,99,9,1,6,6,1,56,9,-1,-1,-1,-1,2,E01003304,0,-1
2020430405013,2020,430405013,1,9,0,6,6,2,2,0,0,2,0,0,0,0,3,1,6,6,1,23,5,-1,-1,-1,-1,8,E01016252,0,-1
2020010268828,2020,010268828,2,1,0,17,19,5,1,0,0,5,0,0,0,0,0,1,6,6,2,56,9,-1,-1,-1,-1,5,E01001652,0,-1
2020332000405,2020,332000405,1,9,0,18,19,6,2,0,0,8,0,0,0,0,3,1,6,6,2,34,6,-1,-1,-1,-1,3,E01013626,0,-1
2020010265211,2020,010265211,2,9,0,4,4,1,5,0,0,0,0,8,0,0,3,1,6,6,1,40,7,-1,-1,-1,-1,7,E01000234,0,-1
202006Q178272,2020,06Q178272,2,9,0,18,19,5,1,0,0,4,0,0,0,0,1,1,6,6,1,30,6,-1,-1,-1,-1,-1,-1,0,-1
2020501003739,2020,501003739,3,16,0,18,19,8,4,0,0,0,0,0,0,0,2,1,5,6,1,19,4,-1,-1,-1,-1,5,E01020303,0,-1
2020161006407,2020,161006407,2,1,0,18,19,4,8,0,0,1,5,0,0,0,1,1,5,6,1,54,8,-1,-1,-1,-1,3,E01013238,0,-1
2020552001124,2020,552001124,1,19,0,13,13,6,2,0,0,8,1,0,0,0,4,1,6,6,3,-1,-1,-1,-1,-1,-1,-1,-1,0,-1
2020430281056,2020,430281056,2,1,0,18,19,6,2,0,0,1,0,0,0,0,2,1,6,6,1,31,6,-1,-1,-1,-1,4,E01016273,0,-1
2020101008432,2020,101008432,1,9,0,18,19,6,2,0,0,0,0,0,0,0,1,1,6,6,1,30,6,-1,-1,-1,-1,-1,-1,0,-1
2020332000489,2020,332000489,3,9,0,2,2,0,0,0,0,8,0,0,0,0,3,1,6,6,3,-1,-1,-1,-1,-1,-1,2,E01013625,0,-1
2020010262824,2020,010262824,2,1,0,17,19,5,1,0,0,1,0,0,1,0,2,1,6,6,1,55,8,-1,-1,-1,-1,5,E01003028,0,-1
202060Y120493,2020,60Y120493,2,97,0,18,19,6,2,0,0,8,0,0,0,0,1,1,6,6,1,25,5,-1,-1,-1,-1,-1,-1,0,-1
2020420958501,2020,420958501,2,1,0,9,9,5,3,0,0,8,0,0,0,0,2,1,6,6,1,59,9,-1,-1,-1,-1,1,E01022045,0,-1
2020220953293,2020,220953293,1,9,0,13,13,8,4,0,0,0,0,0,0,0,4,1,6,6,3,34,6,-1,-1,-1,-1,-1,-1,0,-1
2020010229910,2020,010229910,1,9,0,18,19,3,7,0,0,0,1,0,0,0,2,1,6,6,1,36,7,-1,-1,-1,-1,4,E01033739,0,-1
2020440314334,2020,440314334,1,1,0,18,19,8,4,0,0,0,0,0,0,0,1,1,6,6,3,-1,-1,-1,-1,-1,-1,-1,-1,0,-1
2020302000818,2020,302000818,2,9,0,9,9,8,4,0,0,1,0,0,0,0,3,1,6,6,2,35,6,-1,-1,-1,-1,7,E01013529,0,-1
2020430197365,2020,430197365,2,1,0,18,19,3,7,0,0,0,0,0,0,0,1,1,6,6,1,6,2,-1,-1,-1,-1,-1,-1,0,-1
2020010238551,2020,010238551,2,1,0,18,19,1,5,0,0,3,0,0,0,0,3,1,2,2,2,50,8,-1,-1,-1,-1,2,E01001257,0,-1
2020200996705,2020,200996705,2,11,-1,18,19,6,2,0,0,0,0,0,0,0,2,1,1,1,3,-1,-1,-1,-1,-1,-1,-1,-1,0,-1
2020140997527,2020,140997527,2,1,0,18,19,2,6,0,0,0,0,0,0,0,1,1,6,6,1,23,5,-1,-1,-1,-1,7,E01007389,0,-1
2020100951036,2020,100951036,2,1,-1,12,12,3,7,0,0,0,0,0,0,0,2,1,6,6,1,18,4,-1,-1,-1,-1,1,E01008390,0,-1
2020480948742,2020,480948742,2,1,0,3,3,5,1,0,0,0,0,0,0,0,3,1,2,2,1,33,6,-1,-1,-1,-1,8,E01003138,0,-1
2020990957458,2020,990957458,2,1,0,18,19,3,8,0,0,0,0,8,0,0,1,1,2,2,1,32,6,-1,-1,-1,-1,2,-1,0,-1
202006P178186,2020,06P178186,1,9,0,18,19,7,3,0,0,2,0,0,0,0,1,1,6,6,3,-1,-1,-1,-1,-1,-1,-1,-1,0,-1
2020501005191,2020,501005191,2,9,0,18,19,2,6,0,0,0,0,0,0,0,4,1,5,6,1,35,6,-1,-1,-1,-1,4,E01018914,0,-1
2020460986002,2020,460986002,1,1,0,18,19,5,1,0,0,0,2,0,0,0,0,1,6,6,2,57,9,-1,-1,-1,-1,9,E01016103,0,-1
2020230993401,2020,230993401,1,9,0,18,19,1,5,0,0,0,1,0,2,3,1,1,2,2,2,28,6,-1,-1,-1,-1,3,E01031006,0,-1
2020530923155,2020,530923155,2,9,0,18,19,5,1,0,0,0,0,0,1,0,1,1,5,6,1,60,9,-1,-1,-1,-1,10,E01022354,0,-1
2020552000209,2020,552000209,1,9,0,5,5,6,7,0,0,4,0,0,0,0,1,1,6,6,3,-1,-1,-1,-1,-1,-1,-1,-1,0,-1
2020010233369,2020,010233369,2,9,0,18,19,7,3,0,0,8,0,0,0,0,1,1,1,1,1,33,6,-1,-1,-1,-1,10,E01030404,0,-1
2020140980300,2020,140980300,3,1,0,18,19,4,7,0,0,0,0,0,0,0,1,1,6,6,1,13,3,-1,-1,-1,-1,8,E01007818,0,-1
2020140991807,2020,140991807,1,1,0,18,19,1,5,0,0,8,0,0,0,0,4,1,5,6,1,46,8,-1,-1,-1,-1,6,E01007452,0,-1
2020440455658,2020,440455658,2,1,0,18,19,8,4,0,0,8,0,0,0,0,1,1,2,2,1,25,5,-1,-1,-1,-1,2,E01017202,0,-1
2020541118520,2020,541118520,2,1,0,18,19,1,4,0,0,0,0,0,0,0,2,1,6,6,1,40,7,-1,-1,-1,-1,5,E01032089,0,-1
2020450980202,2020,450980202,2,1,0,18,19,7,3,0,0,2,0,0,0,0,0,1,6,6,1,55,8,-1,-1,-1,-1,10,E01030762,0,-1
2020211005390,2020,211005390,2,1,0,18,19,4,1,0,0,8,0,0,0,0,1,1,6,6,1,38,7,-1,-1,-1,-1,1,E01014211,0,-1
2020010275811,2020,010275811,2,11,0,99,99,9,9,99,99,9,9,99,9,99,9,1,6,6,3,30,6,-1,-1,-1,-1,-1,-1,0,-1
202006A174940,2020,06A174940,1,9,0,9,9,1,7,0,0,8,0,0,0,0,1,1,6,6,3,-1,-1,-1,-1,-1,-1,-1,-1,0,-1
2020010234607,2020,010234607,2,9,0,99,99,9,9,99,99,9,9,99,9,99,9,9,-1,-1,3,-1,-1,-1,-1,-1,-1,-1,-1,0,-1
2020990980411,2020,990980411,1,1,0,18,19,3,8,0,0,0,5,0,0,0,0,1,5,6,1,29,6,-1,-1,-1,-1,-1,-1,0,-1
202060Y138929,2020,60Y138929,2,1,0,18,19,8,4,0,0,8,0,0,0,0,1,1,6,6,1,54,8,-1,-1,-1,-1,-1,-1,0,-1
2020400964067,2020,400964067,1,9,-1,-1,-1,-1,-1,-1,-1,0,-1,-1,-1,0,-1,1,6,6,3,-1,-1,-1,-1,-1,-1,-1,-1,0,-1
2020520004568,2020,520004568,1,9,0,10,10,4,2,0,0,5,0,0,0,0,3,1,6,6,1,74,10,-1,-1,-1,-1,6,E01029121,0,-1
2020350952664,2020,350952664,2,1,0,5,5,7,3,5,5,0,5,4,0,0,1,1,2,2,1,19,4,-1,-1,-1,-1,10,E01018244,0,-1
2020010249523,2020,010249523,2,1,0,18,19,1,5,0,0,8,0,0,0,0,1,-1,2,2,1,46,8,-1,-1,-1,-1,2,E01001780,0,-1
2020450989225,2020,450989225,2,9,0,16,19,4,7,0,0,1,0,0,0,0,0,1,6,6,3,-1,-1,-1,-1,-1,-1,-1,-1,0,-1
2020010246398,2020,010246398,2,1,9,99,99,9,9,99,99,1,9,0,0,0,9,1,6,6,1,-1,-1,-1,-1,-1,-1,-1,-1,0,-1
2020450956551,2020,450956551,2,1,0,18,19,1,5,0,0,1,0,0,0,0,0,1,6,6,3,32,6,-1,-1,-1,-1,-1,-1,0,-1
2020522001600,2020,522001600,1,9,0,7,7,7,3,0,0,8,0,0,0,0,3,1,6,6,1,62,9,-1,-1,-1,-1,3,E01014841,0,-1
2020440331694,2020,440331694,1,3,0,5,5,1,5,0,0,8,0,0,0,0,4,1,1,1,1,24,5,-1,-1,-1,-1,7,E01016197,0,-1
2020450941936,2020,450941936,2,9,0,2,2,4,8,6,6,0,0,0,0,0,2,1,6,6,3,-1,-1,-1,-1,-1,-1,-1,-1,0,-1
2020420946147,2020,420946147,5,9,0,2,2,0,0,9,9,0,0,4,0,0,1,1,6,6,3,-1,-1,-1,-1,-1,-1,-1,-1,0,-1
2020010272417,2020,010272417,1,97,0,99,99,9,9,99,99,9,9,99,9,99,9,9,6,6,1,47,8,-1,-1,-1,-1,5,E01004521,0,-1
2020320624266,2020,320624266,2,19,0,6,6,7,5,0,0,1,0,0,0,0,3,1,6,6,3,40,7,-1,-1,-1,-1,-1,-1,0,-1
2020200996529,2020,200996529,2,1,0,10,10,6,4,0,0,1,0,0,0,0,1,1,2,2,1,32,6,-1,-1,-1,-1,1,E01010485,0,-1
2020470982969,2020,470982969,2,9,0,18,19,8,4,0,0,0,0,0,0,0,4,1,5,6,1,23,5,-1,-1,-1,-1,6,E01021117,0,-1
2020230976063,2020,230976063,2,9,0,18,19,8,4,0,0,8,0,0,0,0,0,1,5,6,3,30,6,-1,-1,-1,-1,-1,-1,0,-1
2020010271906,2020,010271906,2,9,0,18,19,5,1,0,0,0,0,0,0,0,1,1,6,6,3,-1,-1,-1,-1,-1,-1,-1,-1,0,-1
2020470926501,2020,470926501,1,19,0,13,13,5,1,0,0,1,0,0,0,0,3,1,6,6,3,-1,-1,-1,-1,-1,-1,-1,-1,0,-1
2020360919787,2020,360919787,1,9,0,15,15,1,5,0,0,0,0,0,1,0,1,1,2,2,1,34,6,-1,-1,-1,-1,2,E01018063,0,-1
2020010240710,2020,010240710,1,1,0,18,19,1,5,0,0,1,0,0,0,0,1,1,1,1,1,22,5,-1,-1,-1,-1,1,E01001788,0,-1
2020200947621,2020,200947621,1,9,0,7,7,3,5,0,0,6,0,0,0,0,1,1,6,6,1,-1,-1,-1,-1,-1,-1,-1,-1,0,-1
2020360948016,2020,360948016,1,9,0,18,19,4,8,0,0,0,0,0,0,0,1,1,6,6,3,-1,-1,-1,-1,-1,-1,-1,-1,0,-1
2020211010953,2020,211010953,2,9,-1,-1,-1,5,2,-1,-1,0,-1,-1,-1,0,-1,1,6,6,2,53,8,-1,-1,-1,-1,5,E01014365,0,-1
2020010241025,2020,010241025,2,9,0,99,99,9,9,99,99,9,9,99,9,99,1,9,6,6,3,-1,-1,-1,-1,-1,-1,-1,-1,0,-1
2020010254952,2020,010254952,2,1,0,14,14,3,7,0,0,0,0,4,0,0,1,1,6,6,1,43,7,-1,-1,-1,-1,2,E01000952,0,-1
2020052001742,2020,052001742,4,9,0,2,2,0,0,0,0,0,0,0,0,0,2,1,6,6,3,-1,-1,-1,-1,-1,-1,-1,-1,0,-1
202031B007320,2020,31B007320,3,9,0,18,19,4,8,0,0,2,0,0,0,0,1,1,6,6,2,38,7,-1,-1,-1,-1,9,E01028061,0,-1
2020230939725,2020,230939725,2,1,0,18,19,7,3,0,0,0,0,0,0,0,3,1,5,6,1,55,8,-1,-1,-1,-1,6,E01031187,0,-1
2020320369977,2020,320369977,2,1,0,15,15,7,3,9,9,0,0,0,0,0,3,1,6,6,2,17,4,-1,-1,-1,-1,8,E01026342,0,-1
2020170S21650,2020,170S21650,1,8,0,9,9,1,7,0,0,8,0,0,0,0,1,1,1,1,1,59,9,-1,-1,-1,-1,4,E01012277,0,-1
2020340W06932,2020,340W06932,1,9,0,9,9,2,6,0,0,8,0,0,0,0,1,1,6,6,3,-1,-1,-1,-1,-1,-1,-1,-1,0,-1
2020530924991,2020,530924991,1,1,0,18,19,7,3,0,0,0,5,0,0,0,1,1,2,2,1,69,10,-1,-1,-1,-1,5,E01014066,0,-1
2020340K01452,2020,340K01452,1,19,0,18,19,5,1,0,0,0,0,0,0,0,1,1,1,1,1,64,9,-1,-1,-1,-1,5,E01026249,0,-1
2020460981837,2020,460981837,2,1,0,16,19,8,4,0,0,0,0,0,0,0,2,1,5,6,2,20,4,-1,-1,-1,-1,4,E01024090,0,-1
2020100925841,2020,100925841,1,9,0,18,19,3,7,0,0,3,0,0,0,0,1,1,6,6,3,-1,-1,-1,-1,-1,-1,-1,-1,0,-1
2020010241361,2020,010241361,2,1,0,9,9,1,7,0,0,6,0,0,0,0,4,-1,2,2,1,53,8,-1,-1,-1,-1,2,E01002809,0,-1
2020100989360,2020,100989360,1,19,0,13,13,3,7,0,0,2,0,0,0,0,4,1,6,6,1,30,6,-1,-1,-1,-1,-1,-1,0,-1
2020545467320,2020,545467320,2,1,0,3,3,5,1,0,0,1,0,0,0,0,2,1,6,6,1,50,8,-1,-1,-1,-1,10,E01032017,0,-1
2020201010713,2020,201010713,2,1,0,18,19,4,8,4,4,1,0,0,0,0,1,1,6,6,1,58,9,-1,-1,-1,-1,1,E01008913,0,-1
2020440164144,2020,440164144,1,1,0,18,19,4,8,0,0,0,0,0,0,0,3,1,6,6,1,50,8,-1,-1,-1,-1,5,E01017368,0,-1
2020010283272,2020,010283272,1,-1,0,99,99,9,9,99,99,9,9,99,9,99,1,9,6,6,3,-1,-1,-1,-1,-1,-1,-1,-1,1,-1
2020010265388,2020,010265388,2,1,0,9,9,3,1,0,0,8,0,0,0,0,3,1,6,6,1,9,2,-1,-1,-1,-1,3,E01001808,0,-1
2020010230751,2020,010230751,1,1,9,99,99,9,9,99,99,9,9,99,9,99,1,-1,2,2,2,23,5,-1,-1,-1,-1,9,E01002483,0,-1
2020520003038,2020,520003038,1,9,0,5,5,7,3,0,0,4,0,0,0,0,1,1,6,6,1,49,8,-1,-1,-1,-1,6,E01020529,0,-1
2020010274745,2020,010274745,3,9,0,18,19,3,7,0,0,0,0,0,0,0,2,1,1,1,1,33,6,-1,-1,-1,-1,2,E01000095,0,-1
2020622000425,2020,622000425,2,16,0,18,19,8,4,0,0,1,0,0,0,0,2,1,6,6,2,16,4,-1,-1,-1,-1,5,W01001038,0,-1
2020052001119,2020,052001119,2,1,0,18,19,8,4,0,0,8,0,0,1,11,0,1,6,6,1,37,7,-1,-1,-1,-1,1,E01007228,0,-1
2020530967400,2020,530967400,2,1,0,18,19,7,3,0,0,0,1,10,1,0,4,1,5,6,1,58,9,-1,-1,-1,-1,10,E01014933,0,-1
2020440430816,2020,440430816,2,97,0,18,19,5,1,0,0,1,0,0,0,0,4,1,6,6,1,26,6,-1,-1,-1,-1,4,E01022936,0,-1
2020210968059,2020,210968059,2,9,0,3,3,1,5,0,0,1,0,0,0,0,2,1,6,6,1,22,5,-1,-1,-1,-1,2,E01010404,0,-1
202006XJ78041,2020,06XJ78041,1,9,0,18,19,7,3,0,0,0,0,0,0,0,1,1,6,6,1,47,8,-1,-1,-1,-1,6,E01005968,0,-1
2020010249369,2020,010249369,2,1,0,18,19,4,8,0,0,1,0,0,0,0,3,1,2,2,1,45,7,-1,-1,-1,-1,9,E01000768,0,-1
202031B154320,2020,31B154320,1,9,0,13,13,5,1,0,0,0,0,0,0,0,1,1,6,6,3,-1,-1,-1,-1,-1,-1,-1,-1,0,-1
2020461001784,2020,461001784,1,21,0,18,19,7,3,8,6,0,0,0,0,0,0,1,1,1,3,-1,-1,-1,-1,-1,-1,-1,-1,0,-1
202054A885420,2020,54A885420,2,9,0,9,9,3,1,0,0,1,0,0,0,0,4,1,6,6,2,37,7,-1,-1,-1,-1,7,E01015526,0,-1
2020010252917,2020,010252917,2,19,9,15,15,1,5,0,0,9,0,0,0,0,0,9,6,6,3,-1,-1,-1,-1,-1,-1,-1,-1,0,-1
2020010238937,2020,010238937,2,1,0,18,19,1,5,0,0,1,5,0,7,0,4,-1,6,6,1,33,6,-1,-1,-1,-1,8,E01003895,0,-1
2020010260672,2020,010260672,1,1,0,18,19,6,2,4,4,1,5,0,0,0,3,1,6,6,1,24,5,-1,-1,-1,-1,3,E01003637,0,-1
2020320017283,2020,320017283,1,98,0,18,19,1,5,0,0,0,0,0,0,0,1,1,1,1,1,51,8,-1,-1,-1,-1,9,E01026211,0,-1
202031C156720,2020,31C156720,1,9,0,2,2,0,0,0,0,2,0,0,0,0,3,1,6,6,3,-1,-1,-1,-1,-1,-1,-1,-1,0,-1
2020200993919,2020,200993919,2,1,0,18,19,-1,-1,0,0,0,0,0,0,0,1,1,6,6,1,27,6,-1,-1,-1,-1,1,E01009019,0,-1
2020010268854,2020,010268854,2,1,0,18,19,8,4,0,0,1,0,0,1,0,2,1,6,6,1,62,9,-1,-1,-1,-1,5,E01001782,0,-1
2020460948306,2020,460948306,1,2,0,15,15,4,8,0,0,0,1,0,0,0,1,1,5,6,1,15,3,-1,-1,-1,-1,1,E01024683,0,-1
2020332000562,2020,332000562,1,9,0,4,4,1,5,0,0,0,0,0,0,0,2,1,6,6,2,36,7,-1,-1,-1,-1,2,E01013659,0,-1
2020450975205,2020,450975205,2,9,0,2,2,0,0,9,9,0,0,0,0,0,3,1,6,6,3,-1,-1,-1,-1,-1,-1,-1,-1,0,-1
2020370979879,2020,370979879,1,1,0,18,19,-1,-1,0,0,8,-1,0,0,0,-1,1,2,2,1,37,7,-1,-1,-1,-1,8,E01033443,0,-1
2020401004982,2020,401004982,1,9,0,9,9,1,7,0,0,8,0,0,0,0,1,1,6,6,3,-1,-1,-1,-1,-1,-1,-1,-1,0,-1
2020122000453,2020,122000453,1,1,0,13,13,2,6,0,0,0,0,0,0,0,4,1,6,6,1,39,7,-1,-1,-1,-1,6,E01027744,0,-1
2020010281423,2020,010281423,2,1,0,18,19,1,5,9,9,0,0,0,0,0,1,1,2,2,2,32,6,-1,-1,-1,-1,2,E01000016,0,-1
2020440295103,2020,440295103,1,9,0,18,19,6,2,0,0,0,0,0,1,9,1,1,6,6,2,38,7,-1,-1,-1,-1,2,E01023108,0,-1
2020211028175,2020,211028175,3,20,0,2,2,4,8,0,0,0,0,0,0,0,0,1,6,6,3,-1,-1,-1,-1,-1,-1,-1,-1,0,-1
2020430286585,2020,430286585,2,9,0,16,19,5,8,0,0,8,0,0,0,0,1,1,6,6,1,32,6,-1,-1,-1,-1,10,E01028755,0,-1
2020991008446,2020,991008446,2,1,0,9,9,3,7,0,0,4,0,0,0,0,1,1,6,6,1,51,8,-1,-1,-1,-1,3,-1,0,-1
2020400917705,2020,400917705,2,9,0,18,19,1,5,0,0,8,0,0,0,0,4,1,6,6,1,39,7,-1,-1,-1,-1,6,E01003705,0,-1
2020320131914,2020,320131914,2,1,0,18,19,5,1,0,0,1,0,0,0,0,1,1,6,6,2,23,5,-1,-1,-1,-1,4,E01028077,0,-1
2020221008540,2020,221008540,2,1,0,18,19,5,1,0,0,0,0,0,0,0,1,1,5,6,1,60,9,-1,-1,-1,-1,10,E01032155,0,-1
2020430010061,2020,430010061,1,3,0,7,7,5,7,0,0,1,0,10,0,0,1,1,2,2,1,40,7,-1,-1,-1,-1,8,E01016656,0,-1
2020990957325,2020,990957325,2,1,0,5,5,5,1,0,0,8,0,0,0,0,1,1,5,6,1,9,2,-1,-1,-1,-1,9,-1,0,-1
2020990945636,2020,990945636,2,1,0,18,19,1,5,0,0,3,2,0,0,0,1,1,5,6,2,52,8,-1,-1,-1,-1,4,-1,0,-1
2020070791949,2020,070791949,1,9,0,18,19,7,3,0,0,0,0,0,0,0,1,1,6,6,3,-1,-1,-1,-1,-1,-1,-1,-1,0,-1
202006J277872,2020,06J277872,2,9,0,2,2,0,0,0,0,0,0,0,0,0,3,1,6,6,3,-1,-1,-1,-1,-1,-1,-1,-1,0,-1
2020052001604,2020,052001604,1,10,0,13,13,1,5,0,0,8,0,0,7,4,1,1,1,1,1,46,8,-1,-1,-1,-1,2,E01006660,0,-1
2020440127046,2020,440127046,1,4,0,9,9,3,1,0,0,8,1,10,0,0,3,1,6,6,1,28,6,-1,-1,-1,-1,3,E01022908,0,-1
2020430151010,2020,430151010,2,9,0,5,5,7,3,0,0,2,0,0,0,0,3,1,6,6,2,-1,-1,-1,-1,-1,-1,-1,-1,0,-1
2020010228435,2020,010228435,3,9,0,4,4,5,1,0,0,1,0,0,0,0,0,1,6,6,3,-1,-1,-1,-1,-1,-1,-1,-1,0,-1
2020010263321,2020,010263321,1,1,9,99,99,9,9,99,99,9,9,99,9,99,1,1,2,2,1,26,6,-1,-1,-1,-1,4,E01003452,0,-1
2020010270836,2020,010270836,1,1,9,99,99,9,9,99,99,1,9,99,9,99,9,1,6,6,1,39,7,-1,-1,-1,-1,5,E01000964,0,-1
2020010260328,2020,010260328,3,9,0,99,99,9,9,99,99,0,0,99,0,0,9,9,6,6,3,-1,-1,-1,-1,-1,-1,-1,-1,0,-1
2020430081096,2020,430081096,2,1,0,9,9,2,8,0,0,8,0,0,0,0,1,1,6,6,1,16,4,-1,-1,-1,-1,10,E01017782,0,-1
2020440295840,2020,440295840,2,3,0,18,19,4,8,0,0,0,1,0,0,0,1,1,6,6,1,25,5,-1,-1,-1,-1,5,E01017283,0,-1
202006E378415,2020,06E378415,2,1,0,18,19,1,5,0,0,8,0,0,0,0,1,1,6,6,1,30,6,-1,-1,-1,-1,6,E01006146,0,-1
2020500997064,2020,500997064,2,1,0,7,7,1,7,0,0,1,0,0,0,0,1,1,6,6,2,37,7,-1,-1,-1,-1,4,E01020030,0,-1
2020052000436,2020,052000436,1,9,0,8,8,3,5,0,0,6,0,0,0,0,3,1,6,6,3,-1,-1,-1,-1,-1,-1,-1,-1,0,-1
2020200969824,2020,200969824,1,1,0,18,19,6,2,0,0,1,0,0,0,0,3,1,6,6,1,56,9,-1,-1,-1,-1,2,E01009994,0,-1
2020010253841,2020,010253841,1,1,9,99,99,9,9,99,99,9,9,99,9,99,9,1,6,6,1,45,7,-1,-1,-1,-1,9,E01000201,0,-1
2020320359214,2020,320359214,1,8,0,18,19,7,3,0,0,0,0,0,0,0,4,1,1,1,1,59,9,-1,-1,-1,-1,1,E01026048,0,-1
202060Y012401,2020,60Y012401,1,9,0,18,19,6,2,0,0,0,5,0,1,4,3,1,6,6,1,20,4,-1,-1,-1,-1,-1,-1,0,-1
2020430022526,2020,430022526,2,1,0,9,9,1,7,0,0,1,0,0,0,0,4,1,6,6,1,49,8,-1,-1,-1,-1,1,E01016743,0,-1
2020010255182,2020,010255182,2,1,0,18,19,3,7,0,0,0,0,0,0,0,0,1,6,6,1,19,4,-1,-1,-1,-1,2,E01004404,0,-1
2020460936940,2020,460936940,1,9,0,4,4,8,4,0,0,0,1,0,0,0,1,1,6,6,2,39,7,-1,-1,-1,-1,-1,-1,0,-1
2020010277436,2020,010277436,1,9,0,4,4,1,5,0,0,0,0,0,0,0,0,1,6,6,1,-1,-1,-1,-1,-1,-1,-1,-1,0,-1
2020230956059,2020,230956059,2,1,0,18,19,3,7,0,0,8,0,0,0,0,4,1,5,6,2,18,4,-1,-1,-1,-1,9,E01031191,0,-1
2020201023095,2020,201023095,1,9,0,3,3,5,3,0,0,0,0,0,0,0,3,1,6,6,1,49,8,-1,-1,-1,-1,2,E01010305,0,-1
2020010265461,2020,010265461,2,1,0,14,14,7,3,0,0,0,0,0,0,0,1,1,2,2,1,61,9,-1,-1,-1,-1,7,E01004605,0,-1
2020010261834,2020,010261834,1,1,0,18,19,1,5,0,0,2,0,0,1,0,1,1,6,6,1,51,8,-1,-1,-1,-1,9,E01003423,0,-1
2020010287116,2020,010287116,3,9,0,18,19,3,7,0,0,0,0,0,0,0,2,1,6,6,3,-1,-1,-1,-1,-1,-1,-1,-1,0,-1
2020030973778,2020,030973778,2,1,0,18,19,5,1,0,0,1,0,0,0,0,1,1,2,2,1,32,6,-1,-1,-1,-1,6,E01019189,0,-1