collision_index,collision_year,collision_ref_no,vehicle_reference,vehicle_type,towing_and_articulation,vehicle_manoeuvre_historic,vehicle_manoeuvre,vehicle_direction_from,vehicle_direction_to,vehicle_location_restricted_lane_historic,vehicle_location_restricted_lane,junction_location,skidding_and_overturning,hit_object_in_carriageway,vehicle_leaving_carriageway,hit_object_off_carriageway,first_point_of_impact,vehicle_left_hand_drive,journey_purpose_of_driver_historic,journey_purpose_of_driver,sex_of_driver,age_of_driver,age_band_of_driver,engine_capacity_cc,propulsion_code,age_of_vehicle,generic_make_model,driver_imd_decile,lsoa_of_driver,escooter_flag,driver_distance_banding
2020010266799,2020,010266799,2,-1,0,9,9,3,1,0,0,3,0,0,0,0,0,2,2,2,2,26,6,-1,-1,-1,-1,7,E01003906,1,-1
2020340C06712,2020,340C06712,1,9,0,18,19,7,3,0,0,0,0,0,0,0,4,1,6,6,3,-1,-1,-1,-1,-1,-1,-1,-1,0,-1
2020332000904,2020,332000904,2,9,0,18,19,7,4,0,0,8,1,0,8,0,1,1,6,6,1,41,7,-1,-1,-1,-1,6,E01025824,0,-1
2020332000968,2020,332000968,2,9,0,14,14,8,4,0,0,2,0,0,0,0,1,1,6,6,1,67,10,-1,-1,-1,-1,2,E01013694,0,-1
2020440140870,2020,440140870,2,1,0,14,14,3,7,0,0,0,0,0,0,0,4,1,2,2,1,56,9,-1,-1,-1,-1,9,E01022522,0,-1
2020430418786,2020,430418786,2,9,0,3,3,2,6,0,0,1,0,0,0,0,2,1,2,2,1,36,7,-1,-1,-1,-1,6,E01032955,0,-1
2020010263109,2020,010263109,2,1,0,18,19,5,1,0,0,4,0,0,0,0,1,1,6,6,1,23,5,-1,-1,-1,-1,3,E01002552,0,-1
2020520002065,2020,520002065,2,9,0,18,19,8,4,0,0,8,0,0,0,0,1,1,6,6,2,39,7,-1,-1,-1,-1,2,E01029177,0,-1
2020430309817,2020,430309817,2,9,0,18,19,7,3,0,0,0,0,0,0,0,1,1,6,6,2,72,10,-1,-1,-1,-1,-1,-1,0,-1
2020332001214,2020,332001214,3,9,0,18,19,1,5,0,0,0,0,0,0,0,0,1,6,6,1,43,7,-1,-1,-1,-1,-1,-1,0,-1
2020340N07402,2020,340N07402,2,9,0,18,19,5,1,0,0,0,0,0,0,0,1,1,6,6,3,-1,-1,-1,-1,-1,-1,-1,-1,0,-1
202006A174261,2020,06A174261,2,9,0,18,19,4,8,0,0,2,0,0,0,0,1,1,6,6,2,36,7,-1,-1,-1,-1,1,E01005063,0,-1
202031B024220,2020,31B024220,2,9,0,9,9,8,6,0,0,6,0,0,0,0,1,1,6,6,3,-1,-1,-1,-1,-1,-1,-1,-1,0,-1
2020522000267,2020,522000267,2,1,0,18,19,3,7,0,0,1,0,0,0,0,1,1,6,6,1,11,3,-1,-1,-1,-1,9,E01032674,0,-1
2020990968455,2020,990968455,2,1,0,17,19,7,3,0,0,1,0,0,1,0,1,1,5,6,1,58,9,-1,-1,-1,-1,8,-1,0,-1
2020320585879,2020,320585879,1,19,0,1,1,3,7,0,0,0,0,0,0,0,2,1,6,6,3,40,7,-1,-1,-1,-1,-1,-1,0,-1
2020360942436,2020,360942436,2,1,0,18,19,5,1,0,0,0,0,0,0,0,3,1,1,1,1,44,7,-1,-1,-1,-1,1,E01026623,0,-1
2020010247664,2020,010247664,2,19,9,99,99,9,9,99,99,0,9,99,9,99,9,9,6,6,3,-1,-1,-1,-1,-1,-1,-1,-1,0,-1
2020320650352,2020,320650352,1,9,0,16,19,3,7,0,0,0,5,0,7,9,1,1,6,6,1,24,5,-1,-1,-1,-1,8,E01028032,0,-1
2020470988687,2020,470988687,2,1,0,18,19,7,3,0,0,8,0,0,0,0,1,1,5,6,1,48,8,-1,-1,-1,-1,9,E01016934,0,-1
202031C119420,2020,31C119420,1,9,0,9,9,2,8,0,0,6,0,0,0,0,1,1,6,6,1,-1,-1,-1,-1,-1,-1,-1,-1,0,-1
2020010255480,2020,010255480,1,1,9,99,99,9,9,99,99,9,9,99,9,99,1,1,2,2,2,35,6,-1,-1,-1,-1,2,E01004392,0,-1
202006F178103,2020,06F178103,2,9,0,17,19,6,3,0,0,0,0,0,0,0,3,1,6,6,1,25,5,-1,-1,-1,-1,4,E01005059,0,-1
2020332000872,2020,332000872,2,8,0,18,19,5,1,0,0,8,0,0,0,0,1,1,1,1,1,40,7,-1,-1,-1,-1,1,E01013754,0,-1
2020460920163,2020,460920163,2,9,0,18,19,3,7,0,0,1,0,11,1,4,4,1,2,2,2,-1,-1,-1,-1,-1,-1,1,E01024498,0,-1
2020210976244,2020,210976244,2,9,-1,-1,-1,-1,-1,-1,-1,-1,-1,-1,-1,0,-1,1,6,6,2,45,7,-1,-1,-1,-1,-1,-1,0,-1
2020440081640,2020,440081640,1,1,0,18,19,3,7,0,0,0,0,0,0,0,3,1,4,7,1,11,3,-1,-1,-1,-1,9,E01023036,0,-1
2020200990441,2020,200990441,4,9,0,2,2,0,0,0,0,2,0,0,0,0,3,1,6,6,3,-1,-1,-1,-1,-1,-1,-1,-1,0,-1
2020010270539,2020,010270539,2,9,0,99,99,9,9,99,99,9,9,99,9,99,9,9,6,6,1,20,4,-1,-1,-1,-1,9,E01017620,0,-1
20201371V1073,2020,1371V1073,1,9,0,18,19,5,3,0,0,1,0,0,0,0,0,1,6,6,3,-1,-1,-1,-1,-1,-1,-1,-1,0,-1
2020546835520,2020,546835520,2,1,0,18,19,8,4,0,0,0,0,0,0,0,3,1,6,6,1,7,2,-1,-1,-1,-1,8,E01015552,0,-1
2020450944172,2020,450944172,1,1,0,18,19,1,1,0,0,8,5,0,0,0,1,1,2,2,1,35,6,-1,-1,-1,-1,9,E01030696,0,-1
2020520101231,2020,520101231,1,9,0,13,13,7,3,0,0,0,0,0,0,0,4,1,6,6,3,-1,-1,-1,-1,-1,-1,-1,-1,0,-1
2020052000796,2020,052000796,1,4,0,18,19,3,7,0,0,1,0,0,0,0,1,1,6,6,3,-1,-1,-1,-1,-1,-1,-1,-1,0,-1
2020040975522,2020,040975522,2,1,0,18,19,3,7,0,0,1,0,0,0,0,2,1,6,6,1,10,2,-1,-1,-1,-1,1,E01012721,0,-1
2020501015225,2020,501015225,2,1,0,18,19,5,1,0,0,1,0,0,0,0,1,1,5,6,1,60,9,-1,-1,-1,-1,9,E01020266,0,-1
2020010254034,2020,010254034,2,9,0,11,11,7,3,0,0,0,0,0,0,0,3,1,6,6,3,-1,-1,-1,-1,-1,-1,-1,-1,0,-1
2020010283859,2020,010283859,1,9,0,18,19,3,7,0,0,1,0,0,0,0,1,1,6,6,3,-1,-1,-1,-1,-1,-1,-1,-1,0,-1
2020010265079,2020,010265079,1,1,9,99,99,9,9,99,99,0,9,99,9,99,1,1,6,6,2,30,6,-1,-1,-1,-1,7,E01004508,0,-1
2020010243368,2020,010243368,2,9,0,18,19,5,1,2,2,2,0,0,0,0,2,1,2,2,1,30,6,-1,-1,-1,-1,6,E01000193,0,-1
2020201011559,2020,201011559,2,1,0,18,19,5,1,-1,-1,4,0,0,0,0,1,1,6,6,1,48,8,-1,-1,-1,-1,1,E01010435,0,-1
2020332000192,2020,332000192,1,9,0,1,1,3,7,0,0,0,0,0,0,0,2,1,6,6,2,-1,-1,-1,-1,-1,-1,-1,-1,0,-1
2020100929914,2020,100929914,1,11,0,5,5,1,5,0,0,0,0,0,0,0,4,1,1,1,2,44,7,-1,-1,-1,-1,-1,-1,0,-1
2020530962652,2020,530962652,2,1,0,18,19,1,5,0,0,0,5,0,0,0,2,1,6,6,2,60,9,-1,-1,-1,-1,9,E01022125,0,-1
2020350955643,2020,350955643,1,1,0,9,9,1,5,0,0,1,0,0,0,0,1,1,5,6,1,31,6,-1,-1,-1,-1,9,E01017993,0,-1
202060Y174586,2020,60Y174586,2,9,0,17,19,1,5,0,0,2,1,0,0,0,1,1,6,6,1,47,8,-1,-1,-1,-1,-1,-1,0,-1
2020990990912,2020,990990912,1,5,0,15,15,2,6,0,0,0,0,0,0,0,1,1,5,6,1,56,9,-1,-1,-1,-1,3,-1,0,-1
2020010242176,2020,010242176,1,1,9,99,99,9,9,99,99,9,9,99,9,99,1,1,2,2,1,30,6,-1,-1,-1,-1,7,E01003039,0,-1
2020010236486,2020,010236486,1,9,0,9,9,5,3,0,0,6,0,0,0,0,1,1,6,6,1,55,8,-1,-1,-1,-1,5,E01000620,0,-1
2020430275896,2020,430275896,1,9,0,9,9,7,5,0,0,5,0,0,0,0,4,1,2,2,2,28,6,-1,-1,-1,-1,10,E01016329,0,-1
2020010237566,2020,010237566,1,1,9,99,99,9,9,99,99,0,9,99,9,99,9,1,6,6,1,50,8,-1,-1,-1,-1,3,E01001747,0,-1
202031C000720,2020,31C000720,2,1,0,12,12,7,3,0,0,2,0,0,0,0,1,1,2,2,1,45,7,-1,-1,-1,-1,7,E01028170,0,-1
2020990974141,2020,990974141,3,9,0,2,2,0,0,0,0,0,0,0,0,0,2,1,6,6,3,-1,-1,-1,-1,-1,-1,-1,-1,0,-1
2020160918206,2020,160918206,2,1,0,17,19,3,8,0,0,8,0,0,0,0,4,1,5,6,2,63,9,-1,-1,-1,-1,5,E01013081,0,-1
2020360971365,2020,360971365,1,9,0,18,19,1,5,0,0,4,0,0,0,0,1,1,5,6,1,26,6,-1,-1,-1,-1,6,E01026437,0,-1
2020552000024,2020,552000024,2,1,0,10,10,1,7,0,0,1,0,0,0,0,2,1,2,2,2,49,8,-1,-1,-1,-1,8,E01020388,0,-1
2020010237118,2020,010237118,1,1,9,99,99,9,9,99,99,0,9,99,9,99,9,1,2,2,1,27,6,-1,-1,-1,-1,3,E01003251,0,-1
2020010264334,2020,010264334,2,1,0,18,19,5,1,0,0,2,0,0,0,0,0,1,6,6,1,53,8,-1,-1,-1,-1,5,E01002347,0,-1
2020010264762,2020,010264762,2,1,0,18,19,1,5,0,0,0,0,0,0,0,1,1,6,6,1,29,6,-1,-1,-1,-1,3,E01004425,0,-1
2020010276010,2020,010276010,2,1,0,15,15,5,1,4,4,1,0,0,0,0,1,1,2,2,1,36,7,-1,-1,-1,-1,7,E01003475,0,-1
2020010247465,2020,010247465,2,9,0,9,9,1,6,0,0,1,0,0,0,0,1,1,6,6,1,35,6,-1,-1,-1,-1,7,E01000388,0,-1
2020200971489,2020,200971489,2,1,0,18,19,8,4,0,0,8,0,0,0,0,1,1,6,6,1,81,11,-1,-1,-1,-1,10,E01010385,0,-1
202060Y037548,2020,60Y037548,1,9,0,17,19,8,3,0,0,1,1,0,1,7,1,1,1,1,1,21,5,-1,-1,-1,-1,-1,-1,0,-1
2020420920623,2020,420920623,1,9,0,18,19,3,7,0,0,0,0,0,0,0,1,1,6,6,1,-1,-1,-1,-1,-1,-1,-1,-1,0,-1
2020522004812,2020,522004812,1,9,0,18,19,2,6,0,0,0,0,0,0,0,1,1,6,6,1,76,11,-1,-1,-1,-1,10,E01014933,0,-1
202060Y039091,2020,60Y039091,1,3,0,17,19,8,5,0,0,0,0,0,0,0,3,1,6,6,2,21,5,-1,-1,-1,-1,-1,-1,0,-1
2020010250574,2020,010250574,2,1,0,18,19,5,1,0,0,3,0,0,0,0,1,1,1,1,1,27,6,-1,-1,-1,-1,5,E01003359,0,-1
2020440288979,2020,440288979,1,9,0,18,19,2,7,0,0,3,0,10,7,11,1,1,6,6,1,93,11,-1,-1,-1,-1,9,E01022971,0,-1
2020110947512,2020,110947512,1,9,0,18,19,3,7,0,0,1,0,0,0,0,1,1,6,6,1,30,6,-1,-1,-1,-1,-1,-1,0,-1
2020400965117,2020,400965117,1,9,0,18,19,5,1,0,0,0,0,0,0,0,3,1,6,6,2,40,7,-1,-1,-1,-1,-1,-1,0,-1
2020470947942,2020,470947942,2,1,0,10,10,3,1,5,5,1,0,0,0,0,2,1,5,6,1,73,10,-1,-1,-1,-1,6,E01016874,0,-1
2020010256584,2020,010256584,2,1,0,18,19,1,5,9,9,1,1,0,0,0,9,1,6,6,1,4,1,-1,-1,-1,-1,-1,-1,0,-1
2020010286114,2020,010286114,1,90,9,99,99,9,9,99,99,9,9,99,9,99,9,9,6,6,3,-1,-1,-1,-1,-1,-1,-1,-1,0,-1
2020100937372,2020,100937372,2,1,0,18,19,7,3,0,0,1,0,0,0,0,1,1,5,6,1,8,2,-1,-1,-1,-1,2,E01008324,0,-1
2020220945939,2020,220945939,1,9,0,9,9,4,2,0,0,5,0,0,0,0,1,1,6,6,3,34,6,-1,-1,-1,-1,-1,-1,0,-1
2020010262523,2020,010262523,2,1,0,18,19,6,2,0,0,1,0,0,0,0,4,1,6,6,1,67,10,-1,-1,-1,-1,2,E01003179,0,-1
2020052002272,2020,052002272,1,1,0,18,19,7,3,0,0,6,0,0,0,0,3,1,6,6,3,-1,-1,-1,-1,-1,-1,-1,-1,0,-1
20201377G0872,2020,1377G0872,2,9,0,7,7,7,1,0,0,1,0,0,0,0,0,1,6,6,3,-1,-1,-1,-1,-1,-1,-1,-1,0,-1
2020990974325,2020,990974325,1,11,0,5,5,7,3,0,0,0,0,0,0,0,1,1,1,1,1,64,9,-1,-1,-1,-1,-1,-1,0,-1
20201377N1443,2020,1377N1443,1,1,0,9,9,6,4,0,0,8,0,0,0,0,1,1,6,6,2,13,3,-1,-1,-1,-1,4,E01011606,0,-1
2020440311385,2020,440311385,2,9,0,11,11,4,8,0,0,1,0,0,0,0,4,1,6,6,3,-1,-1,-1,-1,-1,-1,-1,-1,0,-1
2020010259318,2020,010259318,1,1,9,99,99,9,9,99,99,1,9,99,9,99,1,1,6,6,1,46,8,-1,-1,-1,-1,2,E01001735,0,-1
2020010258743,2020,010258743,2,9,0,99,99,9,9,99,99,0,9,99,9,99,9,9,6,6,3,65,9,-1,-1,-1,-1,5,E01003368,0,-1
2020010276238,2020,010276238,1,1,9,99,99,9,9,99,99,9,9,99,9,99,1,1,6,6,1,25,5,-1,-1,-1,-1,6,E01002659,0,-1
2020440481679,2020,440481679,1,9,0,18,19,8,4,0,0,0,0,0,0,0,0,1,6,6,3,-1,-1,-1,-1,-1,-1,-1,-1,0,-1
2020420939921,2020,420939921,2,1,0,18,19,7,2,0,0,8,0,0,0,0,1,1,5,6,1,13,3,-1,-1,-1,-1,3,E01021267,0,-1
2020370979933,2020,370979933,2,1,0,18,19,1,5,0,0,2,0,0,0,0,2,1,2,2,1,21,5,-1,-1,-1,-1,7,E01029995,0,-1
2020360937526,2020,360937526,1,9,0,18,19,1,5,0,0,8,0,0,0,0,1,1,1,1,2,66,10,-1,-1,-1,-1,9,E01021873,0,-1
2020010285930,2020,010285930,1,90,0,99,99,9,9,99,99,0,9,99,9,99,1,9,6,6,3,-1,-1,-1,-1,-1,-1,-1,-1,0,-1
2020140925889,2020,140925889,1,9,0,18,19,6,2,0,0,1,0,0,0,0,1,1,6,6,1,-1,-1,-1,-1,-1,-1,-1,-1,0,-1
2020990965599,2020,990965599,2,1,0,18,19,5,5,0,0,0,5,0,1,0,2,1,5,6,1,55,8,-1,-1,-1,-1,-1,-1,0,-1
2020400952062,2020,400952062,1,9,0,17,19,5,1,0,0,0,0,0,0,0,1,1,1,1,1,27,6,-1,-1,-1,-1,6,E01017479,0,-1
202031B093920,2020,31B093920,2,1,0,9,9,5,3,0,0,6,0,0,0,0,1,1,6,6,1,12,3,-1,-1,-1,-1,8,E01028353,0,-1
2020332000915,2020,332000915,1,8,0,4,4,5,1,0,0,0,0,0,0,0,2,1,2,2,1,60,9,-1,-1,-1,-1,3,E01013697,0,-1
2020440493691,2020,440493691,1,-1,0,18,19,1,5,0,0,8,0,0,0,0,1,1,6,6,1,23,5,-1,-1,-1,-1,3,E01017073,1,-1
202006M276336,2020,06M276336,2,9,0,2,2,0,0,0,0,0,0,0,0,0,2,1,6,6,1,76,11,-1,-1,-1,-1,6,E01006166,0,-1
202006P270444,2020,06P270444,2,1,0,18,19,2,6,0,0,0,0,0,0,0,2,1,6,6,1,30,6,-1,-1,-1,-1,-1,-1,0,-1
2020470917096,2020,470917096,1,9,0,16,19,1,4,0,0,0,1,0,4,4,1,1,2,2,1,35,6,-1,-1,-1,-1,8,E01031838,0,-1
2020010275096,2020,010275096,2,5,0,99,99,9,9,0,0,0,0,0,0,0,3,1,6,6,1,-1,-1,-1,-1,-1,-1,-1,-1,0,-1
2020010257740,2020,010257740,2,1,0,3,3,1,5,0,0,1,0,0,1,0,1,1,6,6,1,19,4,-1,-1,-1,-1,7,E01001587,0,-1
2020460985606,2020,460985606,4,97,0,2,2,0,0,0,0,0,0,0,0,0,1,1,6,6,1,24,5,-1,-1,-1,-1,10,E01024724,0,-1
2020522000131,2020,522000131,2,21,0,18,19,3,7,0,0,0,0,0,0,0,1,1,6,6,3,50,8,-1,-1,-1,-1,-1,-1,0,-1
2020052000477,2020,052000477,2,1,0,18,19,3,7,0,0,1,0,0,0,0,4,1,6,6,1,11,3,-1,-1,-1,-1,3,E01007020,0,-1
2020010232448,2020,010232448,1,9,0,99,99,9,9,99,99,9,9,99,9,99,2,9,6,6,3,31,6,-1,-1,-1,-1,-1,-1,0,-1
2020430196253,2020,430196253,2,9,0,18,19,4,8,0,0,0,0,0,0,0,1,1,6,6,3,-1,-1,-1,-1,-1,-1,-1,-1,0,-1
2020010233187,2020,010233187,2,3,0,14,14,1,5,0,0,1,0,0,0,0,1,1,6,6,1,30,6,-1,-1,-1,-1,4,E01003317,0,-1
2020041004858,2020,041004858,2,1,0,18,19,5,7,0,0,3,0,0,0,0,0,1,6,6,1,12,3,-1,-1,-1,-1,1,E01024953,0,-1
2020471009998,2020,471009998,3,9,0,4,4,3,7,0,0,0,0,0,0,0,3,1,2,2,1,42,7,-1,-1,-1,-1,6,E01031468,0,-1
2020420962250,2020,420962250,2,1,0,18,19,2,6,0,0,1,0,0,0,0,2,1,5,6,1,30,6,-1,-1,-1,-1,3,E01021852,0,-1
2020101001307,2020,101001307,2,1,0,9,9,5,7,0,0,0,0,0,0,0,1,1,6,6,1,52,8,-1,-1,-1,-1,3,E01008461,0,-1
2020461012660,2020,461012660,2,1,0,18,19,7,3,4,4,0,0,0,0,0,1,1,5,6,1,50,8,-1,-1,-1,-1,5,E01016165,0,-1
2020010275004,2020,010275004,1,1,9,99,99,9,9,99,99,9,9,99,9,99,1,1,2,2,1,27,6,-1,-1,-1,-1,9,E01003860,0,-1
2020440224072,2020,440224072,2,5,0,18,19,5,1,0,0,0,0,0,0,0,1,1,6,6,2,57,9,-1,-1,-1,-1,10,E01022987,0,-1
2020210986108,2020,210986108,2,1,0,18,19,8,4,0,0,8,0,0,0,0,4,1,6,6,1,35,6,-1,-1,-1,-1,4,E01029363,0,-1
2020100975203,2020,100975203,1,21,1,18,19,3,7,0,0,8,2,0,1,2,1,1,1,1,1,30,6,-1,-1,-1,-1,3,-1,0,-1
2020320101040,2020,320101040,2,9,0,18,19,3,7,0,0,0,0,0,0,0,1,1,6,6,1,30,6,-1,-1,-1,-1,2,E01026277,0,-1
2020360938409,2020,360938409,2,1,0,18,19,5,8,0,0,1,0,0,0,0,1,1,6,6,2,34,6,-1,-1,-1,-1,3,E01026823,0,-1
2020360998207,2020,360998207,1,9,0,18,19,3,7,0,0,1,0,0,0,0,1,1,6,6,3,-1,-1,-1,-1,-1,-1,-1,-1,0,-1
2020410932553,2020,410932553,1,98,1,4,4,6,2,0,0,0,0,0,0,0,0,1,1,1,1,58,9,-1,-1,-1,-1,4,E01023957,0,-1
202031B005120,2020,31B005120,1,9,0,18,19,6,2,0,0,0,2,0,1,9,1,1,2,2,1,48,8,-1,-1,-1,-1,9,E01028376,0,-1
2020430065596,2020,430065596,1,9,0,18,19,1,5,0,0,0,0,0,0,0,1,1,6,6,3,-1,-1,-1,-1,-1,-1,-1,-1,0,-1
2020010252882,2020,010252882,1,1,0,18,19,7,3,0,0,8,0,0,0,0,1,-1,6,6,1,59,9,-1,-1,-1,-1,6,E01004501,0,-1
2020332000476,2020,332000476,2,9,0,18,19,7,3,0,0,8,0,0,0,0,1,1,3,7,2,25,5,-1,-1,-1,-1,1,E01013692,0,-1
2020461005292,2020,461005292,2,21,1,18,19,3,7,0,0,0,0,0,0,0,2,1,1,1,1,65,9,-1,-1,-1,-1,-1,-1,0,-1
2020430070030,2020,430070030,1,9,0,16,19,1,4,0,0,0,1,0,2,4,1,1,2,2,2,31,6,-1,-1,-1,-1,8,E01017833,0,-1
2020220966875,2020,220966875,1,9,0,18,19,8,2,0,0,0,0,0,0,0,1,1,6,6,3,30,6,-1,-1,-1,-1,-1,-1,0,-1
2020010273568,2020,010273568,2,1,0,18,19,1,5,0,0,1,5,0,1,0,3,1,6,6,1,56,9,-1,-1,-1,-1,2,E01001815,0,-1
2020010270011,2020,010270011,3,9,0,2,2,0,0,0,0,0,0,0,0,0,0,1,6,6,3,-1,-1,-1,-1,-1,-1,-1,-1,0,-1
2020010250981,2020,010250981,1,1,9,99,99,9,9,99,99,0,9,99,9,99,0,1,6,6,1,35,6,-1,-1,-1,-1,3,E01002599,0,-1
2020421008676,2020,421008676,2,1,0,18,19,4,8,0,0,6,5,0,0,0,4,1,2,2,1,52,8,-1,-1,-1,-1,4,E01015870,0,-1
2020010254640,2020,010254640,1,1,0,18,19,3,7,0,0,8,5,0,0,0,3,1,6,6,1,24,5,-1,-1,-1,-1,2,E01004230,0,-1
2020430075985,2020,430075985,1,9,0,18,19,8,4,0,0,6,0,0,0,0,1,1,6,6,2,46,8,-1,-1,-1,-1,-1,-1,0,-1
2020332000518,2020,332000518,1,9,0,7,7,3,5,0,0,6,0,0,0,0,1,1,6,6,1,28,6,-1,-1,-1,-1,7,E01025765,0,-1
2020501005778,2020,501005778,2,9,0,18,19,5,1,0,0,8,0,0,0,0,3,1,2,2,1,50,8,-1,-1,-1,-1,4,E01019072,0,-1
2020552100142,2020,552100142,1,19,0,18,19,8,4,0,0,0,0,0,0,0,4,1,6,6,3,-1,-1,-1,-1,-1,-1,-1,-1,0,-1
2020040951936,2020,040951936,3,9,0,2,2,0,0,9,9,0,0,0,0,0,2,1,6,6,3,-1,-1,-1,-1,-1,-1,-1,-1,0,-1
2020990950752,2020,990950752,2,1,0,16,19,5,8,0,0,8,2,0,0,0,1,1,6,6,1,39,7,-1,-1,-1,-1,5,-1,0,-1
2020500928158,2020,500928158,2,16,0,18,19,5,7,0,0,1,0,0,0,0,0,1,6,6,2,22,5,-1,-1,-1,-1,5,E01020046,0,-1
2020170M11560,2020,170M11560,1,9,0,18,19,3,7,0,0,8,0,0,0,0,1,1,6,6,3,-1,-1,-1,-1,-1,-1,-1,-1,0,-1
2020440432098,2020,440432098,2,16,0,18,19,8,4,0,0,8,0,0,0,0,2,1,6,6,2,19,4,-1,-1,-1,-1,4,E01022635,0,-1
2020522100076,2020,522100076,1,9,0,7,7,5,7,0,0,6,0,0,0,0,1,1,6,6,1,35,6,-1,-1,-1,-1,6,E01014708,0,-1
2020522100066,2020,522100066,1,1,0,18,19,1,5,0,0,0,0,0,0,0,3,1,6,6,1,43,7,-1,-1,-1,-1,1,E01014799,0,-1
2020440328516,2020,440328516,1,21,0,18,19,3,7,0,0,8,0,0,0,0,1,1,1,1,1,55,8,-1,-1,-1,-1,10,E01022645,0,-1
2020430335092,2020,430335092,2,9,0,18,19,2,6,0,0,3,0,0,0,0,1,1,2,2,1,36,7,-1,-1,-1,-1,-1,-1,0,-1
2020041008058,2020,041008058,1,9,0,18,19,7,3,0,0,5,0,0,0,0,3,1,6,6,3,-1,-1,-1,-1,-1,-1,-1,-1,0,-1
2020160953734,2020,160953734,2,1,0,18,19,6,2,0,0,8,0,0,0,0,1,1,6,6,1,38,7,-1,-1,-1,-1,-1,-1,0,-1
2020501025257,2020,501025257,2,9,0,18,19,5,1,0,0,0,0,0,0,0,1,1,5,6,1,49,8,-1,-1,-1,-1,6,E01018917,0,-1
2020111001218,2020,111001218,2,1,0,18,19,3,7,0,0,0,0,0,0,0,3,1,5,6,1,63,9,-1,-1,-1,-1,9,E01033480,0,-1
2020010267529,2020,010267529,2,-1,9,18,19,1,5,99,99,1,9,0,9,0,9,1,6,6,1,-1,-1,-1,-1,-1,-1,2,E01001716,1,-1
2020552000104,2020,552000104,2,9,0,18,19,3,7,0,0,8,0,0,1,11,3,1,6,6,1,71,10,-1,-1,-1,-1,4,E01020585,0,-1
2020041006379,2020,041006379,2,9,0,18,19,1,5,0,0,4,0,0,0,0,0,1,6,6,3,-1,-1,-1,-1,-1,-1,-1,-1,0,-1
2020010249224,2020,010249224,2,1,0,14,14,4,8,0,0,1,0,0,0,0,0,-1,6,6,1,25,5,-1,-1,-1,-1,4,E01033208,0,-1
202006K269220,2020,06K269220,1,9,0,9,9,5,3,0,0,8,0,0,0,0,4,1,6,6,3,-1,-1,-1,-1,-1,-1,-1,-1,0,-1
2020420916664,2020,420916664,1,19,0,18,19,3,7,0,0,0,0,0,0,0,1,1,1,1,1,39,7,-1,-1,-1,-1,2,E01030023,0,-1
2020010257267,2020,010257267,2,1,0,18,19,5,1,0,0,1,0,0,0,0,1,1,6,6,2,32,6,-1,-1,-1,-1,1,E01001839,0,-1
2020340W02352,2020,340W02352,2,1,0,18,19,4,8,9,9,1,5,0,0,0,3,1,2,2,1,43,7,-1,-1,-1,-1,5,E01027350,0,-1
2020470926104,2020,470926104,1,9,0,18,19,5,1,0,0,0,0,0,0,0,4,1,1,1,2,43,7,-1,-1,-1,-1,2,E01016906,0,-1
2020440400143,2020,440400143,2,9,0,4,4,1,7,0,0,8,0,0,0,0,1,1,6,6,3,-1,-1,-1,-1,-1,-1,-1,-1,0,-1
202054A228420,2020,54A228420,1,22,0,18,19,6,2,9,9,0,0,0,0,0,1,1,6,6,3,50,8,-1,-1,-1,-1,-1,-1,0,-1
2020010269931,2020,010269931,2,1,0,9,9,4,3,0,0,3,0,0,0,0,4,1,6,6,1,51,8,-1,-1,-1,-1,3,E01002526,0,-1
2020410972181,2020,410972181,2,9,0,18,19,6,2,0,0,1,0,0,0,0,0,1,5,6,3,-1,-1,-1,-1,-1,-1,-1,-1,0,-1
2020010248713,2020,010248713,2,9,0,99,99,9,9,99,99,9,9,99,9,99,9,9,6,6,3,-1,-1,-1,-1,-1,-1,-1,-1,0,-1
2020440223570,2020,440223570,2,9,0,11,11,3,7,0,0,0,0,0,0,0,4,1,6,6,1,72,10,-1,-1,-1,-1,6,E01022956,0,-1
2020010272833,2020,010272833,1,1,9,99,99,9,9,99,99,9,9,99,9,99,9,1,2,2,1,42,7,-1,-1,-1,-1,10,E01003858,0,-1
2020160990269,2020,160990269,2,1,0,18,19,2,6,0,0,8,0,0,0,0,3,1,6,6,1,25,5,-1,-1,-1,-1,5,E01012799,0,-1
20201371R1190,2020,1371R1190,1,9,0,18,19,5,1,0,0,1,0,0,0,0,1,1,6,6,2,18,4,-1,-1,-1,-1,1,E01011134,0,-1
2020220995986,2020,220995986,1,9,0,13,13,4,8,0,0,8,0,0,0,0,1,1,1,1,1,34,6,-1,-1,-1,-1,10,E01007266,0,-1
2020010261201,2020,010261201,1,9,0,3,3,4,8,0,0,1,0,0,0,0,2,1,6,6,2,24,5,-1,-1,-1,-1,1,E01004286,0,-1
2020160978650,2020,160978650,2,1,0,18,19,6,2,0,0,8,0,0,0,0,1,1,6,6,2,-1,-1,-1,-1,-1,-1,-1,-1,0,-1
2020360973023,2020,360973023,2,1,0,18,19,3,6,0,0,2,0,0,0,0,1,1,6,6,1,13,3,-1,-1,-1,-1,1,E01026597,0,-1
2020010269464,2020,010269464,2,21,1,11,11,3,7,0,0,0,0,0,0,0,4,2,1,1,1,61,9,-1,-1,-1,-1,-1,-1,0,-1
2020010247978,2020,010247978,2,1,0,3,3,3,7,0,0,4,0,0,0,0,2,-1,2,2,1,49,8,-1,-1,-1,-1,3,E01002532,0,-1
2020461001764,2020,461001764,3,21,1,18,19,8,4,0,0,0,0,0,1,0,4,1,1,1,1,59,9,-1,-1,-1,-1,-1,-1,0,-1
2020010277876,2020,010277876,2,1,9,99,99,9,9,99,99,0,9,99,9,99,9,1,6,6,2,21,5,-1,-1,-1,-1,2,E01001773,0,-1
2020420978454,2020,420978454,1,9,0,5,5,7,5,0,0,6,0,0,0,0,3,1,6,6,3,-1,-1,-1,-1,-1,-1,-1,-1,0,-1
2020052000788,2020,052000788,2,1,0,18,19,8,4,0,0,0,0,0,0,0,2,1,6,6,1,63,9,-1,-1,-1,-1,6,E01006621,0,-1
2020440286092,2020,440286092,3,9,0,18,19,2,6,0,0,0,0,0,0,0,1,1,6,6,2,66,10,-1,-1,-1,-1,7,E01022963,0,-1