collision_index,collision_year,collision_ref_no,vehicle_reference,vehicle_type,towing_and_articulation,vehicle_manoeuvre_historic,vehicle_manoeuvre,vehicle_direction_from,vehicle_direction_to,vehicle_location_restricted_lane_historic,vehicle_location_restricted_lane,junction_location,skidding_and_overturning,hit_object_in_carriageway,vehicle_leaving_carriageway,hit_object_off_carriageway,first_point_of_impact,vehicle_left_hand_drive,journey_purpose_of_driver_historic,journey_purpose_of_driver,sex_of_driver,age_of_driver,age_band_of_driver,engine_capacity_cc,propulsion_code,age_of_vehicle,generic_make_model,driver_imd_decile,lsoa_of_driver,escooter_flag,driver_distance_banding
202060Y093310,2020,60Y093310,1,1,0,18,19,6,2,0,0,1,5,0,0,0,3,1,6,6,1,50,8,-1,-1,-1,-1,-1,-1,0,-1
2020010285621,2020,010285621,1,2,9,99,99,9,9,99,99,9,9,99,9,99,1,1,6,6,3,-1,-1,-1,-1,-1,-1,-1,-1,0,-1
2020350992382,2020,350992382,2,1,0,9,9,7,5,0,0,8,0,0,0,0,4,1,5,6,1,49,8,-1,-1,-1,-1,8,E01015690,0,-1
2020010266788,2020,010266788,2,1,0,14,14,5,1,0,0,1,5,0,0,0,3,1,2,2,2,32,6,-1,-1,-1,-1,5,E01001908,0,-1
2020010245795,2020,010245795,1,1,9,99,99,9,9,99,99,1,9,99,9,99,1,1,6,6,2,23,5,-1,-1,-1,-1,6,E01003038,0,-1
2020350965252,2020,350965252,2,1,0,14,14,3,3,0,0,0,0,0,0,0,3,1,5,6,1,53,8,-1,-1,-1,-1,9,E01018291,0,-1
2020990983007,2020,990983007,1,3,0,18,19,6,2,0,0,1,0,0,0,0,1,1,5,6,1,16,4,-1,-1,-1,-1,1,-1,0,-1
2020052000310,2020,052000310,2,1,0,10,10,7,5,0,0,1,0,0,0,0,3,1,6,6,2,42,7,-1,-1,-1,-1,5,E01006526,0,-1
2020170H10390,2020,170H10390,1,1,0,18,19,3,7,0,0,8,0,0,0,0,1,1,6,6,1,28,6,-1,-1,-1,-1,1,E01011976,0,-1
2020070175760,2020,070175760,1,1,0,18,19,3,8,0,0,0,1,0,0,0,0,1,6,6,1,66,10,-1,-1,-1,-1,10,E01006081,0,-1
2020160941968,2020,160941968,2,1,0,18,19,5,1,0,0,8,0,0,0,0,3,1,2,2,2,56,9,-1,-1,-1,-1,6,E01013041,0,-1
2020010281395,2020,010281395,2,1,0,15,15,3,7,2,2,2,0,0,1,11,2,1,2,2,1,55,8,-1,-1,-1,-1,2,E01001735,0,-1
2020010285216,2020,010285216,2,1,0,18,19,5,1,0,0,3,0,0,0,0,4,1,6,6,2,64,9,-1,-1,-1,-1,10,E01003891,0,-1
2020010255300,2020,010255300,1,1,9,99,99,9,9,99,99,9,9,99,9,99,1,1,2,2,1,39,7,-1,-1,-1,-1,3,E01003379,0,-1
2020010273682,2020,010273682,2,9,9,99,99,9,9,99,99,0,9,99,9,99,9,9,6,6,3,30,6,-1,-1,-1,-1,2,E01033601,0,-1
2020010262556,2020,010262556,2,1,0,12,12,5,1,5,5,5,0,0,0,0,1,1,6,6,1,20,4,-1,-1,-1,-1,-1,-1,0,-1
2020440186568,2020,440186568,1,9,0,18,19,6,3,0,0,4,0,0,0,0,1,1,2,2,2,34,6,-1,-1,-1,-1,10,E01022751,0,-1
2020140920614,2020,140920614,2,1,0,18,19,6,2,0,0,1,0,0,0,0,2,1,6,6,1,42,7,-1,-1,-1,-1,1,E01007530,0,-1
2020010263270,2020,010263270,1,1,9,99,99,9,9,99,99,9,9,99,0,0,9,1,6,6,3,-1,-1,-1,-1,-1,-1,-1,-1,0,-1
2020010236341,2020,010236341,1,1,9,99,99,9,9,99,99,9,9,99,9,99,1,1,2,2,1,32,6,-1,-1,-1,-1,4,E01003684,0,-1
202006G271295,2020,06G271295,2,1,0,18,19,3,7,0,0,0,0,4,0,0,4,1,2,2,1,38,7,-1,-1,-1,-1,3,E01005998,0,-1
2020010257258,2020,010257258,2,-1,0,18,19,1,5,0,0,1,1,4,0,0,1,1,6,6,1,28,6,-1,-1,-1,-1,2,E01002633,1,-1
2020420926067,2020,420926067,1,9,0,9,9,3,1,0,0,5,0,0,0,0,1,1,6,6,3,-1,-1,-1,-1,-1,-1,-1,-1,0,-1
2020122000950,2020,122000950,2,9,0,16,19,5,1,0,0,0,0,0,0,0,1,1,6,6,1,62,9,-1,-1,-1,-1,8,E01027801,0,-1
2020350929201,2020,350929201,2,1,-1,18,19,5,2,0,0,0,0,0,0,0,4,1,5,6,1,51,8,-1,-1,-1,-1,8,E01018224,0,-1
2020010266950,2020,010266950,2,1,0,17,19,7,3,0,0,0,0,0,0,0,1,1,4,7,1,16,4,-1,-1,-1,-1,-1,-1,0,-1
2020430056161,2020,430056161,1,1,0,18,19,7,3,0,0,8,0,0,0,0,4,1,2,2,1,61,9,-1,-1,-1,-1,10,E01002189,0,-1
2020332000836,2020,332000836,1,9,0,7,7,2,4,0,0,6,0,0,4,0,2,1,6,6,1,71,10,-1,-1,-1,-1,9,E01025980,0,-1
2020010275502,2020,010275502,1,9,0,99,99,9,9,0,0,1,0,0,9,0,9,9,6,6,3,-1,-1,-1,-1,-1,-1,-1,-1,0,-1
2020101005269,2020,101005269,1,9,-1,-1,-1,7,3,-1,-1,0,-1,-1,-1,0,1,1,6,6,1,-1,-1,-1,-1,-1,-1,-1,-1,0,-1
2020010286882,2020,010286882,2,1,0,18,19,1,5,0,0,8,0,0,0,0,1,1,1,1,2,45,7,-1,-1,-1,-1,3,E01002559,0,-1
2020010246419,2020,010246419,2,1,0,14,14,7,3,0,0,0,0,0,0,0,3,1,6,6,1,40,7,-1,-1,-1,-1,6,E01002639,0,-1
2020137A91124,2020,137A91124,1,9,0,9,9,4,8,0,0,3,0,0,0,0,1,1,1,1,3,-1,-1,-1,-1,-1,-1,-1,-1,0,-1
2020360963751,2020,360963751,2,1,0,4,4,1,5,0,0,0,0,0,0,0,0,1,5,6,1,57,9,-1,-1,-1,-1,9,E01026742,0,-1
2020211009938,2020,211009938,2,1,0,18,19,5,1,0,0,1,0,0,0,0,1,1,6,6,2,50,8,-1,-1,-1,-1,5,E01029470,0,-1
2020440230192,2020,440230192,2,19,0,18,19,6,2,0,0,1,0,0,0,0,3,1,6,6,1,-1,-1,-1,-1,-1,-1,-1,-1,0,-1
2020010271392,2020,010271392,2,1,0,18,19,1,5,0,0,1,0,0,0,0,4,1,2,2,2,28,6,-1,-1,-1,-1,3,E01002058,0,-1
2020622000539,2020,622000539,1,1,0,18,19,8,4,0,0,0,0,0,0,0,1,1,6,6,1,14,3,-1,-1,-1,-1,9,W01000908,0,-1
2020137391759,2020,137391759,3,9,0,18,19,1,5,0,0,8,0,0,0,0,3,1,6,6,3,-1,-1,-1,-1,-1,-1,-1,-1,0,-1
2020010230239,2020,010230239,1,1,0,9,9,3,1,0,0,8,0,0,0,0,3,1,2,2,1,45,7,-1,-1,-1,-1,5,E01000354,0,-1
202060Y101759,2020,60Y101759,2,9,0,2,2,0,0,6,6,1,0,0,0,0,2,1,6,6,2,30,6,-1,-1,-1,-1,-1,-1,0,-1
2020010266603,2020,010266603,1,9,0,18,19,1,5,0,0,2,0,0,0,0,1,1,6,6,3,-1,-1,-1,-1,-1,-1,-1,-1,0,-1
202063C020320,2020,63C020320,2,1,0,18,19,-1,-1,0,0,1,0,0,0,0,2,1,6,6,1,56,9,-1,-1,-1,-1,8,W01000580,0,-1
2020160976763,2020,160976763,1,16,0,5,5,5,1,0,0,0,0,0,0,0,0,1,5,6,2,56,9,-1,-1,-1,-1,10,E01013293,0,-1
2020122000600,2020,122000600,1,19,0,18,19,3,7,0,0,0,0,0,0,0,1,1,6,6,1,22,5,-1,-1,-1,-1,6,E01027814,0,-1
2020010256761,2020,010256761,2,1,0,18,19,5,1,9,9,1,0,0,0,0,1,1,6,6,1,15,3,-1,-1,-1,-1,6,E01001984,0,-1
202006P172563,2020,06P172563,2,9,0,18,19,7,3,0,0,0,0,0,0,0,1,1,1,1,1,50,8,-1,-1,-1,-1,1,E01005466,0,-1
2020010257805,2020,010257805,2,9,0,16,19,3,7,0,0,1,0,0,0,0,1,1,2,2,1,27,6,-1,-1,-1,-1,7,E01003643,0,-1
2020420994845,2020,420994845,2,1,0,18,19,6,2,9,9,1,5,0,0,0,3,1,2,2,1,37,7,-1,-1,-1,-1,9,E01021560,0,-1
2020302000273,2020,302000273,1,9,0,5,5,1,6,0,0,6,0,0,0,0,1,1,6,6,3,-1,-1,-1,-1,-1,-1,5,E01019456,0,-1
2020350982387,2020,350982387,1,22,0,18,19,3,7,0,0,1,5,0,0,0,3,1,5,6,2,68,10,-1,-1,-1,-1,7,E01032797,0,-1
2020010278488,2020,010278488,2,19,0,99,99,9,9,99,99,2,9,99,9,99,0,9,6,6,3,-1,-1,-1,-1,-1,-1,-1,-1,0,-1
2020990990201,2020,990990201,3,9,0,18,19,1,5,0,0,1,0,0,0,0,1,1,5,6,1,50,8,-1,-1,-1,-1,5,-1,0,-1
2020370954777,2020,370954777,2,1,0,-1,-1,-1,-1,-1,-1,0,-1,-1,-1,0,-1,1,6,6,1,56,9,-1,-1,-1,-1,4,E01030208,0,-1
2020522002485,2020,522002485,1,1,0,18,19,7,3,0,0,1,0,0,0,0,4,1,6,6,1,61,9,-1,-1,-1,-1,8,E01014936,0,-1
2020332000887,2020,332000887,1,9,0,18,19,1,5,0,0,2,0,0,0,0,4,1,1,1,1,60,9,-1,-1,-1,-1,10,E01025904,0,-1
2020320664668,2020,320664668,1,9,0,18,19,1,5,0,0,0,0,0,0,0,1,1,6,6,3,40,7,-1,-1,-1,-1,-1,-1,0,-1
2020340W03112,2020,340W03112,2,1,0,18,19,7,3,0,0,8,0,0,0,0,2,1,6,6,1,58,9,-1,-1,-1,-1,9,E01027346,0,-1
2020360999248,2020,360999248,3,9,0,3,3,7,3,0,0,1,0,0,0,0,2,1,6,6,1,-1,-1,-1,-1,-1,-1,7,E01026917,0,-1
2020010274517,2020,010274517,1,1,9,99,99,9,9,99,99,9,9,99,9,99,1,1,6,6,2,24,5,-1,-1,-1,-1,2,E01003175,0,-1
202031A051520,2020,31A051520,2,1,0,18,19,7,3,0,0,8,0,0,0,0,1,1,6,6,1,48,8,-1,-1,-1,-1,5,E01027946,0,-1
2020430169672,2020,430169672,1,1,0,18,19,6,2,0,0,0,0,0,0,0,1,1,6,6,1,31,6,-1,-1,-1,-1,7,E01016680,0,-1
2020450969072,2020,450969072,2,1,0,18,19,8,4,0,0,8,0,0,0,0,4,1,6,6,1,57,9,-1,-1,-1,-1,10,E01030387,0,-1
2020010279753,2020,010279753,1,9,0,5,5,7,3,0,0,8,0,0,0,0,1,1,2,2,1,24,5,-1,-1,-1,-1,3,E01003073,0,-1
2020201005534,2020,201005534,1,9,0,2,2,0,0,0,0,2,0,0,0,0,4,1,6,6,3,-1,-1,-1,-1,-1,-1,-1,-1,0,-1
2020140992894,2020,140992894,1,1,0,18,19,1,5,0,0,1,5,0,0,0,3,1,5,6,1,-1,-1,-1,-1,-1,-1,7,E01008140,0,-1
2020400991822,2020,400991822,1,9,0,17,19,6,2,0,0,0,1,0,0,0,1,1,5,6,1,22,5,-1,-1,-1,-1,8,E01027348,0,-1
202060Y190292,2020,60Y190292,2,11,0,18,19,8,4,0,0,1,0,0,0,0,1,1,1,1,1,61,9,-1,-1,-1,-1,-1,-1,0,-1
2020610018420,2020,610018420,2,1,0,18,19,2,6,0,0,1,0,0,0,0,1,1,6,6,2,34,6,-1,-1,-1,-1,2,W01001690,0,-1
20201376U1332,2020,1376U1332,3,9,0,5,5,3,7,0,0,0,0,0,0,0,1,1,6,6,3,-1,-1,-1,-1,-1,-1,-1,-1,0,-1
2020010274030,2020,010274030,2,1,0,10,10,6,3,0,0,1,0,0,0,0,3,1,6,6,1,41,7,-1,-1,-1,-1,1,E01001740,0,-1
2020220947342,2020,220947342,2,9,0,18,19,5,1,0,0,0,0,0,0,0,1,1,6,6,3,34,6,-1,-1,-1,-1,-1,-1,0,-1
2020010253895,2020,010253895,2,9,0,5,5,7,3,0,0,1,0,0,0,0,1,1,6,6,2,34,6,-1,-1,-1,-1,5,E01000450,0,-1
2020451007243,2020,451007243,1,9,0,18,19,1,5,0,0,0,0,0,0,0,3,1,6,6,3,55,8,-1,-1,-1,-1,-1,-1,0,-1
2020520100159,2020,520100159,1,9,0,18,19,3,7,0,0,8,0,0,0,0,1,1,6,6,1,65,9,-1,-1,-1,-1,-1,-1,0,-1
2020340N01332,2020,340N01332,1,9,0,18,19,5,1,0,0,1,0,0,0,0,1,1,6,6,2,20,4,-1,-1,-1,-1,3,E01027196,0,-1
202060Y146623,2020,60Y146623,2,9,0,18,19,8,4,0,0,1,0,0,0,0,3,1,1,1,1,48,8,-1,-1,-1,-1,-1,-1,0,-1
2020010258676,2020,010258676,1,1,0,16,19,5,7,4,4,1,0,0,0,0,0,1,6,6,1,28,6,-1,-1,-1,-1,7,E01004609,0,-1
2020201025892,2020,201025892,2,9,0,18,19,5,1,0,0,1,0,0,0,0,0,1,6,6,2,-1,-1,-1,-1,-1,-1,-1,-1,0,-1
2020010275296,2020,010275296,1,1,9,99,99,9,9,99,99,9,9,99,9,99,9,1,6,6,1,37,7,-1,-1,-1,-1,3,E01000922,0,-1
2020070484595,2020,070484595,1,1,0,18,19,7,3,0,0,0,1,0,0,0,1,1,6,6,1,9,2,-1,-1,-1,-1,6,E01018749,0,-1
2020522004157,2020,522004157,1,9,0,18,19,3,7,0,0,0,0,0,0,0,3,1,6,6,1,30,6,-1,-1,-1,-1,-1,-1,0,-1
2020200967069,2020,200967069,3,9,0,2,2,0,0,9,9,2,0,0,0,0,2,1,6,6,2,-1,-1,-1,-1,-1,-1,2,E01009291,0,-1
2020332000031,2020,332000031,1,9,0,13,13,1,5,0,0,0,0,0,0,0,2,1,2,2,1,25,5,-1,-1,-1,-1,5,E01013767,0,-1
2020010281262,2020,010281262,3,9,0,4,4,1,5,0,0,2,0,0,0,0,2,1,2,2,2,44,7,-1,-1,-1,-1,6,E01001539,0,-1
2020010272965,2020,010272965,3,9,0,99,99,9,9,0,0,0,0,0,0,0,9,1,6,6,1,-1,-1,-1,-1,-1,-1,-1,-1,0,-1
2020420990870,2020,420990870,2,-1,0,18,19,7,3,0,0,1,0,0,0,0,2,1,6,6,1,15,3,-1,-1,-1,-1,9,E01021923,1,-1
2020320122168,2020,320122168,1,9,0,18,19,3,7,0,0,1,0,0,0,0,0,1,6,6,1,-1,-1,-1,-1,-1,-1,10,E01026395,0,-1
2020010284006,2020,010284006,5,9,0,7,7,1,3,0,0,1,0,0,0,0,1,1,6,6,3,-1,-1,-1,-1,-1,-1,-1,-1,0,-1
2020470990043,2020,470990043,1,1,0,18,19,3,7,5,5,2,0,0,0,0,1,1,6,6,1,56,9,-1,-1,-1,-1,7,E01016976,0,-1
2020010264984,2020,010264984,2,1,0,14,14,5,1,0,0,0,0,0,0,0,4,1,6,6,1,24,5,-1,-1,-1,-1,9,E01002956,0,-1
2020010253115,2020,010253115,2,5,0,18,19,1,5,2,2,1,1,0,0,0,4,1,6,6,1,34,6,-1,-1,-1,-1,2,E01004224,0,-1
2020010259356,2020,010259356,2,9,0,9,9,3,8,0,0,1,0,0,0,0,4,1,1,1,1,47,8,-1,-1,-1,-1,10,E01000449,0,-1
2020440186903,2020,440186903,1,9,0,12,12,1,5,0,0,0,0,0,0,0,3,1,6,6,2,42,7,-1,-1,-1,-1,5,E01022800,0,-1
2020332000682,2020,332000682,2,4,0,18,19,3,7,0,0,8,0,0,0,0,4,1,2,2,1,21,5,-1,-1,-1,-1,7,E01025929,0,-1
2020040979754,2020,040979754,1,1,0,18,19,1,5,0,0,1,0,0,0,0,2,1,6,6,1,29,6,-1,-1,-1,-1,1,E01012649,0,-1
20201371B1376,2020,1371B1376,2,9,0,18,19,5,1,0,0,0,0,0,0,0,4,1,6,6,2,36,7,-1,-1,-1,-1,2,E01011080,0,-1
2020440117658,2020,440117658,2,19,0,18,19,3,7,0,0,0,0,0,0,0,0,1,6,6,3,-1,-1,-1,-1,-1,-1,-1,-1,0,-1
2020100965119,2020,100965119,2,1,0,17,19,7,1,0,0,2,0,0,0,0,4,1,5,6,1,57,9,-1,-1,-1,-1,-1,-1,0,-1
20201371O0972,2020,1371O0972,2,9,0,5,5,7,3,0,0,1,0,0,0,0,3,1,6,6,1,46,8,-1,-1,-1,-1,-1,-1,0,-1
2020111017426,2020,111017426,1,9,0,18,19,5,1,0,0,0,0,0,0,0,1,1,6,6,3,30,6,-1,-1,-1,-1,-1,-1,0,-1
2020460958103,2020,460958103,2,9,0,9,9,7,3,0,0,2,0,0,0,0,3,1,6,6,3,-1,-1,-1,-1,-1,-1,-1,-1,0,-1
2020460927291,2020,460927291,2,9,0,18,19,7,2,0,0,0,0,0,0,0,4,1,6,6,2,-1,-1,-1,-1,-1,-1,-1,-1,0,-1
2020332001193,2020,332001193,1,9,0,18,19,2,6,0,0,1,0,0,0,0,0,1,6,6,2,37,7,-1,-1,-1,-1,-1,-1,0,-1
2020010257293,2020,010257293,2,9,0,99,99,9,9,99,99,9,9,99,9,99,1,9,6,6,3,-1,-1,-1,-1,-1,-1,-1,-1,0,-1
2020140980192,2020,140980192,3,9,0,18,19,5,1,0,0,0,0,0,0,0,1,1,2,2,1,67,10,-1,-1,-1,-1,10,E01031295,0,-1
2020350956022,2020,350956022,1,98,0,9,9,6,2,0,0,1,0,0,0,0,1,1,1,1,1,58,9,-1,-1,-1,-1,4,E01018044,0,-1
2020440016824,2020,440016824,1,9,0,16,19,5,1,0,0,0,2,0,1,10,4,1,2,2,2,32,6,-1,-1,-1,-1,3,E01022575,0,-1
202060Y086168,2020,60Y086168,2,1,0,18,19,6,2,0,0,0,0,0,0,0,2,1,6,6,1,13,3,-1,-1,-1,-1,-1,-1,0,-1
2020522004273,2020,522004273,1,9,0,2,2,0,0,0,0,0,0,0,0,0,4,1,6,6,2,37,7,-1,-1,-1,-1,-1,-1,0,-1
2020332000250,2020,332000250,1,9,0,17,19,2,7,0,0,0,5,4,0,0,0,1,6,6,1,36,7,-1,-1,-1,-1,-1,-1,0,-1
2020420974253,2020,420974253,1,1,0,18,19,3,7,0,0,4,0,0,0,0,1,1,2,2,1,46,8,-1,-1,-1,-1,3,E01021687,0,-1
2020990959615,2020,990959615,1,1,0,18,19,7,3,0,0,8,0,0,0,0,1,1,5,6,1,22,5,-1,-1,-1,-1,1,-1,0,-1
2020052000687,2020,052000687,2,9,0,3,3,5,1,0,0,1,0,0,0,0,2,1,2,2,1,71,10,-1,-1,-1,-1,3,E01006568,0,-1
2020420985148,2020,420985148,2,8,0,2,2,0,0,0,0,0,0,0,0,0,2,1,6,6,3,-1,-1,-1,-1,-1,-1,-1,-1,0,-1
2020340N03962,2020,340N03962,1,1,0,18,19,7,3,0,0,8,0,0,0,0,0,1,1,1,1,46,8,-1,-1,-1,-1,2,E01027178,0,-1
2020010263872,2020,010263872,2,1,0,99,99,9,9,0,0,1,0,0,0,0,9,1,6,6,2,29,6,-1,-1,-1,-1,2,E01000012,0,-1
2020010247511,2020,010247511,2,1,0,18,19,7,3,2,2,1,0,0,0,0,2,1,6,6,1,57,9,-1,-1,-1,-1,6,E01001573,0,-1
2020140973796,2020,140973796,2,-1,0,5,5,2,8,0,0,2,0,0,0,0,1,1,5,6,1,25,5,-1,-1,-1,-1,-1,-1,1,-1
2020137BN0248,2020,137BN0248,1,9,0,13,13,2,6,0,0,0,0,0,0,0,1,1,1,1,1,-1,-1,-1,-1,-1,-1,7,E01010917,0,-1
2020201018792,2020,201018792,2,9,0,18,19,6,1,0,0,1,0,0,0,0,1,1,6,6,1,-1,-1,-1,-1,-1,-1,-1,-1,0,-1
202031C065720,2020,31C065720,1,9,0,9,9,2,8,0,0,5,0,0,0,0,1,1,6,6,1,44,7,-1,-1,-1,-1,1,E01013818,0,-1
2020100965405,2020,100965405,1,9,0,7,7,3,6,0,0,5,0,0,0,0,1,1,6,6,3,-1,-1,-1,-1,-1,-1,-1,-1,0,-1
202063A072120,2020,63A072120,3,5,0,18,19,5,1,0,0,0,0,0,0,0,0,1,6,6,1,24,5,-1,-1,-1,-1,5,E01026409,0,-1
2020200997868,2020,200997868,2,1,0,18,19,6,2,0,0,1,0,0,0,0,3,1,6,6,1,61,9,-1,-1,-1,-1,8,E01010373,0,-1
2020052000557,2020,052000557,1,9,0,18,19,9,9,0,0,8,0,0,0,0,1,9,6,6,3,-1,-1,-1,-1,-1,-1,-1,-1,0,-1
2020010259102,2020,010259102,1,1,9,99,99,9,9,99,99,9,9,99,9,99,9,1,2,2,1,31,6,-1,-1,-1,-1,8,E01003660,0,-1
2020122000794,2020,122000794,3,1,0,18,19,1,5,0,0,0,0,0,0,0,2,1,6,6,1,15,3,-1,-1,-1,-1,10,E01027683,0,-1
2020010256827,2020,010256827,1,1,9,99,99,9,9,99,99,0,9,99,9,99,1,1,6,6,1,-1,-1,-1,-1,-1,-1,-1,-1,0,-1
2020010235028,2020,010235028,1,1,9,99,99,9,9,99,99,9,9,99,9,99,1,1,2,2,2,30,6,-1,-1,-1,-1,6,E01001741,0,-1
2020302000617,2020,302000617,2,10,0,15,15,4,2,0,0,0,0,0,0,0,1,1,6,6,1,-1,-1,-1,-1,-1,-1,5,E01019456,0,-1
2020542842120,2020,542842120,2,9,0,18,19,4,8,0,0,0,0,0,0,0,4,1,6,6,2,55,8,-1,-1,-1,-1,5,E01015519,0,-1
2020010256025,2020,010256025,1,-1,0,18,19,7,3,0,0,2,0,0,0,0,1,1,6,6,1,28,6,-1,-1,-1,-1,2,E01033586,1,-1
2020010281823,2020,010281823,2,9,9,99,99,9,9,99,99,8,9,99,9,99,9,1,6,6,3,-1,-1,-1,-1,-1,-1,-1,-1,0,-1
2020137270349,2020,137270349,1,9,0,18,19,4,8,0,0,0,0,0,0,0,1,1,6,6,3,-1,-1,-1,-1,-1,-1,-1,-1,0,-1
2020101008660,2020,101008660,1,9,0,16,19,8,3,0,0,0,0,0,0,0,0,1,6,6,1,20,4,-1,-1,-1,-1,-1,-1,0,-1
2020440384836,2020,440384836,2,9,0,9,9,3,1,0,0,7,0,0,0,0,0,1,6,6,3,-1,-1,-1,-1,-1,-1,-1,-1,0,-1
2020470925789,2020,470925789,1,9,0,18,19,5,1,0,0,1,0,0,0,0,1,1,1,1,1,57,9,-1,-1,-1,-1,8,E01031780,0,-1
2020010277395,2020,010277395,1,1,9,99,99,9,9,99,99,0,9,99,9,99,0,1,6,6,1,28,6,-1,-1,-1,-1,10,E01001101,0,-1
2020470972986,2020,470972986,1,17,4,18,19,3,7,0,0,0,0,0,0,0,4,1,6,6,3,-1,-1,-1,-1,-1,-1,-1,-1,0,-1
2020010281781,2020,010281781,1,1,9,99,99,9,9,99,99,0,9,99,9,99,2,1,6,6,1,60,9,-1,-1,-1,-1,3,E01004709,0,-1
2020010281958,2020,010281958,2,3,0,99,99,9,9,99,99,0,9,99,9,99,1,9,6,6,3,-1,-1,-1,-1,-1,-1,-1,-1,0,-1
2020100916963,2020,100916963,2,9,0,9,9,1,7,0,0,8,0,0,0,0,3,1,5,6,2,53,8,-1,-1,-1,-1,6,E01020642,0,-1
2020052002153,2020,052002153,1,19,0,9,9,3,1,0,0,8,0,0,0,0,9,1,1,1,3,-1,-1,-1,-1,-1,-1,-1,-1,0,-1
2020460968219,2020,460968219,2,9,0,2,2,0,0,0,0,1,0,0,0,0,4,1,6,6,3,-1,-1,-1,-1,-1,-1,-1,-1,0,-1
2020200944966,2020,200944966,1,9,0,18,19,2,6,0,0,8,0,0,0,0,1,1,1,1,2,40,7,-1,-1,-1,-1,1,E01009364,0,-1
2020332000454,2020,332000454,1,9,0,18,19,1,5,0,0,0,1,10,0,0,1,1,6,6,3,-1,-1,-1,-1,-1,-1,-1,-1,0,-1
2020010280098,2020,010280098,2,1,0,18,19,1,5,0,0,1,0,0,1,0,2,1,2,2,2,39,7,-1,-1,-1,-1,3,E01004445,0,-1
2020220983336,2020,220983336,2,1,0,18,19,8,4,0,0,0,0,0,1,0,2,1,5,6,1,51,8,-1,-1,-1,-1,10,E01009852,0,-1
2020221006648,2020,221006648,2,9,0,18,19,1,5,0,0,8,0,0,0,0,1,1,5,6,2,40,7,-1,-1,-1,-1,8,E01032458,0,-1
2020201008171,2020,201008171,2,1,0,18,19,6,2,0,0,8,0,0,0,0,1,1,6,6,1,-1,-1,-1,-1,-1,-1,-1,-1,0,-1
2020470961648,2020,470961648,2,1,0,18,19,7,3,0,0,8,0,0,0,0,1,1,5,6,1,57,9,-1,-1,-1,-1,7,E01031500,0,-1
202063D039820,2020,63D039820,2,9,0,18,19,2,6,0,0,0,0,0,0,0,0,1,6,6,3,-1,-1,-1,-1,-1,-1,-1,-1,0,-1
2020548124420,2020,548124420,2,1,0,18,19,3,5,0,0,0,0,0,0,0,3,1,6,6,1,14,3,-1,-1,-1,-1,8,E01032712,0,-1
2020010282367,2020,010282367,1,9,0,9,9,7,6,0,0,5,0,0,3,11,1,1,6,6,1,30,6,-1,-1,-1,-1,4,E01001645,0,-1
2020530916262,2020,530916262,2,9,0,4,4,1,5,0,0,0,0,0,0,0,2,1,6,6,1,58,9,-1,-1,-1,-1,6,E01022198,0,-1
2020010279210,2020,010279210,1,1,9,99,99,9,9,99,99,9,9,99,9,99,2,1,6,6,1,34,6,-1,-1,-1,-1,4,E01004375,0,-1
202006E274391,2020,06E274391,1,11,0,18,19,1,5,0,0,2,0,0,0,0,4,1,1,1,1,46,8,-1,-1,-1,-1,2,E01005251,0,-1
2020500986833,2020,500986833,2,9,0,18,19,7,3,0,0,0,0,0,0,0,4,1,5,6,1,34,6,-1,-1,-1,-1,8,E01018882,0,-1
2020010257863,2020,010257863,3,1,0,18,19,5,1,0,0,2,0,4,0,0,4,1,2,2,1,52,8,-1,-1,-1,-1,2,E01004197,0,-1
2020320059656,2020,320059656,2,1,0,18,19,7,3,0,0,8,0,0,0,0,1,1,6,6,1,45,7,-1,-1,-1,-1,5,E01026145,0,-1
2020010277294,2020,010277294,2,1,9,99,99,9,9,99,99,9,9,99,9,99,9,9,6,6,3,-1,-1,-1,-1,-1,-1,-1,-1,0,-1
2020140957630,2020,140957630,2,1,0,18,19,2,4,9,9,0,0,0,0,0,1,1,6,6,1,23,5,-1,-1,-1,-1,1,E01008011,0,-1
2020440432045,2020,440432045,1,3,0,18,19,3,7,0,0,0,0,0,1,9,0,1,6,6,1,22,5,-1,-1,-1,-1,3,E01022899,0,-1
2020332001219,2020,332001219,1,9,0,18,19,5,1,0,0,1,0,0,0,0,0,1,6,6,1,37,7,-1,-1,-1,-1,-1,-1,0,-1
2020010273236,2020,010273236,1,1,9,99,99,9,9,99,99,9,9,99,9,99,1,1,2,2,1,24,5,-1,-1,-1,-1,3,E01003631,0,-1
2020010288563,2020,010288563,2,1,0,5,5,6,2,4,4,1,9,0,0,0,2,1,2,2,2,36,7,-1,-1,-1,-1,4,E01001085,0,-1
202063D039820,2020,63D039820,1,9,0,18,19,6,2,0,0,0,2,0,2,10,1,1,1,1,1,59,9,-1,-1,-1,-1,5,W01001310,0,-1
2020010273003,2020,010273003,1,1,0,18,19,5,1,0,0,0,5,0,1,10,0,1,6,6,1,56,9,-1,-1,-1,-1,5,E01004641,0,-1
2020100961824,2020,100961824,1,9,0,18,19,5,8,0,0,4,0,0,0,0,1,1,6,6,2,-1,-1,-1,-1,-1,-1,-1,-1,0,-1
2020420953924,2020,420953924,1,9,0,18,19,3,7,0,0,0,0,0,0,0,1,1,6,6,3,-1,-1,-1,-1,-1,-1,-1,-1,0,-1
202006K373751,2020,06K373751,2,1,0,18,19,4,8,0,0,3,0,0,0,0,4,1,6,6,1,51,8,-1,-1,-1,-1,-1,-1,0,-1
2020140925811,2020,140925811,2,9,0,13,13,6,2,0,0,8,0,0,0,0,4,1,6,6,3,-1,-1,-1,-1,-1,-1,-1,-1,0,-1
2020471000345,2020,471000345,2,1,0,18,19,3,7,0,0,1,0,0,0,0,1,1,6,6,2,-1,-1,-1,-1,-1,-1,-1,-1,0,-1
2020470952996,2020,470952996,1,9,0,9,9,2,8,0,0,8,0,0,0,0,1,1,1,1,1,47,8,-1,-1,-1,-1,6,E01022831,0,-1
2020160993225,2020,160993225,2,1,0,14,14,2,6,0,0,1,0,0,0,0,1,1,3,7,2,30,6,-1,-1,-1,-1,1,E01012893,0,-1
2020200953566,2020,200953566,2,1,0,4,4,7,3,9,9,1,0,0,0,0,3,1,6,6,1,12,3,-1,-1,-1,-1,1,E01009143,0,-1