collision_index,collision_year,collision_ref_no,vehicle_reference,vehicle_type,towing_and_articulation,vehicle_manoeuvre_historic,vehicle_manoeuvre,vehicle_direction_from,vehicle_direction_to,vehicle_location_restricted_lane_historic,vehicle_location_restricted_lane,junction_location,skidding_and_overturning,hit_object_in_carriageway,vehicle_leaving_carriageway,hit_object_off_carriageway,first_point_of_impact,vehicle_left_hand_drive,journey_purpose_of_driver_historic,journey_purpose_of_driver,sex_of_driver,age_of_driver,age_band_of_driver,engine_capacity_cc,propulsion_code,age_of_vehicle,generic_make_model,driver_imd_decile,lsoa_of_driver,escooter_flag,driver_distance_banding
2020470968240,2020,470968240,3,9,0,3,3,5,1,0,0,0,0,0,0,0,2,1,1,1,2,52,8,-1,-1,-1,-1,5,E01021195,0,-1
2020450982371,2020,450982371,2,1,0,18,19,1,5,0,0,1,0,0,0,0,1,1,5,6,1,60,9,-1,-1,-1,-1,9,E01030942,0,-1
202031C060020,2020,31C060020,2,9,0,18,19,1,5,0,0,8,0,0,0,0,4,1,6,6,1,24,5,-1,-1,-1,-1,8,E01028094,0,-1
2020010274700,2020,010274700,1,1,9,99,99,9,9,99,99,9,9,99,9,99,9,1,2,2,1,51,8,-1,-1,-1,-1,4,E01004345,0,-1
2020201015393,2020,201015393,4,9,0,2,2,0,0,0,0,2,0,0,0,0,1,1,6,6,3,-1,-1,-1,-1,-1,-1,-1,-1,0,-1
2020070019408,2020,070019408,1,20,1,7,7,3,7,0,0,3,0,0,0,0,1,1,6,6,1,-1,-1,-1,-1,-1,-1,-1,-1,0,-1
2020501015200,2020,501015200,1,9,-1,-1,-1,-1,-1,-1,-1,0,-1,-1,-1,0,-1,1,6,6,3,-1,-1,-1,-1,-1,-1,-1,-1,0,-1
2020010256433,2020,010256433,1,9,0,18,19,1,5,0,0,1,0,0,0,0,4,1,6,6,2,26,6,-1,-1,-1,-1,3,E01003544,0,-1
2020360981699,2020,360981699,2,90,-1,18,19,-1,-1,0,0,2,0,0,0,0,0,1,6,6,3,-1,-1,-1,-1,-1,-1,-1,-1,0,-1
2020010229323,2020,010229323,1,1,9,99,99,9,9,99,99,9,9,99,9,99,9,1,2,2,1,34,6,-1,-1,-1,-1,4,E01033424,0,-1
2020040969542,2020,040969542,2,9,0,2,2,0,0,9,9,0,0,0,0,0,4,1,6,6,3,-1,-1,-1,-1,-1,-1,-1,-1,0,-1
2020320606005,2020,320606005,1,9,0,18,19,6,2,0,0,0,0,0,1,0,1,1,2,2,2,42,7,-1,-1,-1,-1,-1,-1,0,-1
2020010277674,2020,010277674,1,3,0,18,19,4,8,0,0,2,0,10,0,0,0,1,6,6,1,20,4,-1,-1,-1,-1,5,E01001381,0,-1
2020010265081,2020,010265081,1,3,9,18,19,5,1,9,9,0,0,0,9,0,1,1,6,6,3,-1,-1,-1,-1,-1,-1,-1,-1,0,-1
2020332000714,2020,332000714,1,3,0,18,19,2,6,0,0,8,0,0,0,0,2,1,6,6,1,28,6,-1,-1,-1,-1,4,E01025962,0,-1
2020010282370,2020,010282370,1,1,0,18,19,7,3,0,0,1,0,0,0,0,1,1,2,2,1,32,6,-1,-1,-1,-1,7,E01000296,0,-1
2020430006237,2020,430006237,2,9,0,3,3,2,6,0,0,0,0,0,0,0,2,1,6,6,1,28,6,-1,-1,-1,-1,7,E01028474,0,-1
2020010259219,2020,010259219,1,9,0,13,13,5,1,0,0,8,0,0,0,0,4,1,6,6,3,-1,-1,-1,-1,-1,-1,-1,-1,0,-1
2020990953589,2020,990953589,2,1,0,18,19,6,4,0,0,6,0,0,0,0,4,1,5,6,1,15,3,-1,-1,-1,-1,10,-1,0,-1
2020010249114,2020,010249114,1,8,0,9,9,1,7,9,9,5,0,0,0,0,1,1,6,6,1,46,8,-1,-1,-1,-1,1,E01001549,0,-1
2020010283769,2020,010283769,2,90,0,18,19,1,5,9,9,0,0,0,0,0,0,1,6,6,1,44,7,-1,-1,-1,-1,7,E01002514,0,-1
2020460972065,2020,460972065,1,9,0,18,19,4,6,0,0,0,0,0,0,0,4,1,6,6,1,-1,-1,-1,-1,-1,-1,-1,-1,0,-1
2020302000607,2020,302000607,1,1,0,18,19,2,8,0,0,0,0,0,0,0,1,1,6,6,2,17,4,-1,-1,-1,-1,-1,-1,0,-1
2020010269399,2020,010269399,2,9,0,99,99,9,9,99,99,9,9,99,9,99,1,9,6,6,1,34,6,-1,-1,-1,-1,1,E01004088,0,-1
2020500955200,2020,500955200,2,1,0,18,19,5,1,0,0,0,0,0,0,0,3,1,6,6,1,15,3,-1,-1,-1,-1,2,E01018860,0,-1
2020990975373,2020,990975373,2,1,0,18,19,7,3,0,0,8,0,0,0,0,4,1,1,1,2,41,7,-1,-1,-1,-1,-1,-1,0,-1
2020200945281,2020,200945281,1,9,0,18,19,2,6,0,0,2,0,0,0,0,1,1,6,6,1,-1,-1,-1,-1,-1,-1,-1,-1,0,-1
2020370938751,2020,370938751,1,9,0,18,19,-1,-1,0,0,0,0,0,0,0,1,1,6,6,3,-1,-1,-1,-1,-1,-1,-1,-1,0,-1
2020122000801,2020,122000801,3,19,0,18,19,1,5,0,0,0,0,0,0,0,0,1,1,1,1,59,9,-1,-1,-1,-1,2,E01031142,0,-1
2020430438740,2020,430438740,2,97,0,18,19,3,7,0,0,1,0,0,0,0,1,1,6,6,1,20,4,-1,-1,-1,-1,-1,-1,0,-1
2020520001937,2020,520001937,1,9,0,15,15,7,3,0,0,0,0,0,0,0,1,1,6,6,3,31,6,-1,-1,-1,-1,6,E01029125,0,-1
2020010243701,2020,010243701,1,9,0,4,4,2,6,0,0,1,0,0,0,0,1,1,6,6,1,37,7,-1,-1,-1,-1,2,E01000861,0,-1
2020420961299,2020,420961299,1,1,0,-1,-1,-1,-1,-1,-1,0,-1,-1,-1,0,-1,1,6,6,1,20,4,-1,-1,-1,-1,-1,-1,0,-1
2020440336828,2020,440336828,2,9,0,18,19,7,3,0,0,0,0,0,0,0,1,1,6,6,2,46,8,-1,-1,-1,-1,7,E01017288,0,-1
2020220999685,2020,220999685,1,9,0,9,9,8,5,0,0,6,0,0,0,0,1,1,6,6,3,34,6,-1,-1,-1,-1,-1,-1,0,-1
2020010235091,2020,010235091,2,9,0,99,99,9,9,99,99,1,9,99,9,99,9,9,-1,-1,3,-1,-1,-1,-1,-1,-1,-1,-1,0,-1
2020420968762,2020,420968762,2,1,0,18,19,3,7,0,0,1,0,0,0,0,1,1,5,6,1,73,10,-1,-1,-1,-1,-1,-1,0,-1
2020440361043,2020,440361043,1,9,0,18,19,7,3,0,0,1,0,0,0,0,1,1,6,6,3,-1,-1,-1,-1,-1,-1,-1,-1,0,-1
2020052001048,2020,052001048,1,19,0,18,19,3,7,0,0,0,0,0,0,0,4,1,1,1,1,-1,-1,-1,-1,-1,-1,-1,-1,0,-1
2020141006316,2020,141006316,3,9,0,3,3,1,5,0,0,0,0,0,0,0,2,1,6,6,3,-1,-1,-1,-1,-1,-1,-1,-1,0,-1
2020332000067,2020,332000067,2,9,0,9,9,7,5,0,0,5,0,0,0,0,3,1,2,2,1,61,9,-1,-1,-1,-1,1,E01013591,0,-1
2020010239957,2020,010239957,2,8,0,99,99,9,9,99,99,9,9,99,9,99,0,9,6,6,3,-1,-1,-1,-1,-1,-1,-1,-1,0,-1
2020470979764,2020,470979764,3,9,0,2,2,0,0,0,0,1,0,0,0,0,1,1,6,6,3,-1,-1,-1,-1,-1,-1,-1,-1,0,-1
2020440148347,2020,440148347,2,19,0,7,7,7,1,0,0,8,0,0,0,0,0,1,6,6,1,50,8,-1,-1,-1,-1,8,E01017086,0,-1
2020430073786,2020,430073786,1,9,0,18,19,7,3,0,0,0,5,11,1,11,1,1,2,2,2,36,7,-1,-1,-1,-1,10,E01022438,0,-1
2020052000030,2020,052000030,2,9,0,18,19,5,1,0,0,0,0,0,0,0,4,1,2,2,1,35,6,-1,-1,-1,-1,1,E01006614,0,-1
2020231002600,2020,231002600,2,1,0,18,19,4,8,0,0,0,0,0,0,0,3,1,5,6,1,49,8,-1,-1,-1,-1,10,E01029822,0,-1
2020052001272,2020,052001272,1,11,0,18,19,1,5,0,0,0,0,0,0,0,1,1,1,1,1,48,8,-1,-1,-1,-1,1,E01006484,0,-1
2020460973809,2020,460973809,1,19,0,1,1,4,8,0,0,0,0,0,0,0,0,1,6,6,3,-1,-1,-1,-1,-1,-1,-1,-1,0,-1
202006L174188,2020,06L174188,2,1,0,18,19,5,1,9,9,0,0,0,0,0,1,1,6,6,1,12,3,-1,-1,-1,-1,2,E01006356,0,-1
2020470987582,2020,470987582,1,19,0,18,19,2,6,0,0,0,0,0,0,0,1,1,2,2,1,44,7,-1,-1,-1,-1,6,E01031784,0,-1
2020137550899,2020,137550899,2,1,0,18,19,7,3,0,0,8,0,0,0,0,1,1,6,6,1,18,4,-1,-1,-1,-1,1,E01011468,0,-1
2020522002627,2020,522002627,1,1,0,18,19,6,5,0,0,1,0,0,0,0,1,1,6,6,1,55,8,-1,-1,-1,-1,9,E01014871,0,-1
2020461002836,2020,461002836,1,19,0,18,19,7,3,0,0,0,0,0,0,0,1,1,6,6,1,-1,-1,-1,-1,-1,-1,6,E01024335,0,-1
2020122000579,2020,122000579,3,19,0,2,2,0,0,0,0,1,0,0,0,0,0,1,1,1,1,47,8,-1,-1,-1,-1,2,E01011540,0,-1
2020122001047,2020,122001047,1,1,0,15,15,1,5,0,0,0,0,0,0,0,2,1,6,6,1,52,8,-1,-1,-1,-1,3,E01027651,0,-1
2020010254429,2020,010254429,1,9,0,4,4,4,8,0,0,1,0,0,0,0,3,1,6,6,1,20,4,-1,-1,-1,-1,-1,-1,0,-1
2020552100257,2020,552100257,2,22,0,9,9,6,4,0,0,5,5,0,0,0,3,1,6,6,1,84,11,-1,-1,-1,-1,6,E01020508,0,-1
2020010251125,2020,010251125,1,8,0,99,99,9,9,99,99,8,9,99,9,99,9,9,6,6,3,30,6,-1,-1,-1,-1,-1,-1,0,-1
2020320561638,2020,320561638,2,9,0,18,19,7,3,0,0,8,1,0,0,0,1,1,6,6,1,35,6,-1,-1,-1,-1,7,E01026397,0,-1
2020500988644,2020,500988644,2,9,0,18,19,5,1,0,0,0,0,0,0,0,0,1,6,6,3,-1,-1,-1,-1,-1,-1,-1,-1,0,-1
2020140940810,2020,140940810,2,9,0,2,2,0,0,0,0,0,0,0,0,0,3,1,6,6,3,-1,-1,-1,-1,-1,-1,-1,-1,0,-1
2020332000899,2020,332000899,1,9,0,9,9,5,3,0,0,5,0,0,0,0,3,1,2,2,1,31,6,-1,-1,-1,-1,1,E01013628,0,-1
2020010254932,2020,010254932,1,9,0,18,19,-1,-1,0,0,1,0,0,0,0,1,1,6,6,3,-1,-1,-1,-1,-1,-1,-1,-1,0,-1
2020010280083,2020,010280083,2,1,0,18,19,4,8,0,0,0,0,4,0,0,2,1,6,6,1,23,5,-1,-1,-1,-1,6,E01004680,0,-1
2020470998109,2020,470998109,2,9,0,2,2,0,0,0,0,0,0,0,0,0,2,1,6,6,3,-1,-1,-1,-1,-1,-1,-1,-1,0,-1
2020540307120,2020,540307120,1,9,0,5,5,3,6,0,0,1,0,0,0,0,1,1,6,6,1,68,10,-1,-1,-1,-1,4,E01015020,0,-1
2020302001236,2020,302001236,1,1,0,18,19,5,1,0,0,0,0,0,1,9,0,1,6,6,1,73,10,-1,-1,-1,-1,5,E01019402,0,-1
2020332000076,2020,332000076,2,9,0,18,19,2,2,0,0,0,1,0,0,0,1,1,6,6,1,20,4,-1,-1,-1,-1,1,E01013728,0,-1
2020430203714,2020,430203714,2,9,0,18,19,8,4,0,0,8,0,0,0,0,4,1,6,6,1,25,5,-1,-1,-1,-1,-1,-1,0,-1
202006L271551,2020,06L271551,3,90,0,18,19,2,7,0,0,1,0,0,0,0,0,1,1,1,3,-1,-1,-1,-1,-1,-1,-1,-1,0,-1
2020010285609,2020,010285609,2,1,0,18,19,1,5,0,0,8,0,0,0,0,4,1,6,6,1,29,6,-1,-1,-1,-1,2,E01004226,0,-1
20201378A0657,2020,1378A0657,1,9,0,14,14,3,7,0,0,0,0,0,0,0,1,1,6,6,3,-1,-1,-1,-1,-1,-1,-1,-1,0,-1
2020010228022,2020,010228022,1,9,0,18,19,7,3,9,9,1,0,11,7,11,1,1,6,6,1,-1,-1,-1,-1,-1,-1,-1,-1,0,-1
2020552100185,2020,552100185,1,1,0,18,19,4,8,0,0,3,0,0,0,0,0,1,6,6,1,56,9,-1,-1,-1,-1,10,E01015399,0,-1
2020332000299,2020,332000299,3,9,0,2,2,0,0,0,0,2,0,0,0,0,1,1,6,6,1,32,6,-1,-1,-1,-1,2,E01013753,0,-1
2020010260784,2020,010260784,2,1,3,14,14,1,5,0,0,6,2,0,0,0,1,1,6,6,1,21,5,-1,-1,-1,-1,3,E01001900,0,-1
2020332000472,2020,332000472,1,9,0,7,7,5,7,0,0,6,0,0,0,0,1,1,1,1,1,50,8,-1,-1,-1,-1,6,E01025956,0,-1
2020400957967,2020,400957967,2,9,0,9,9,4,8,0,0,1,0,0,0,0,1,1,6,6,3,-1,-1,-1,-1,-1,-1,-1,-1,0,-1
2020200995772,2020,200995772,2,9,0,2,2,0,0,0,0,0,0,0,0,0,3,1,2,2,1,-1,-1,-1,-1,-1,-1,-1,-1,0,-1
20201374N1181,2020,1374N1181,1,1,0,14,14,0,0,9,9,0,0,0,0,0,4,1,6,6,1,14,3,-1,-1,-1,-1,8,E01011889,0,-1
2020440346096,2020,440346096,3,9,0,18,19,6,2,0,0,0,0,0,0,0,2,1,6,6,2,73,10,-1,-1,-1,-1,7,E01020403,0,-1
2020010265118,2020,010265118,1,1,9,99,99,9,9,99,99,9,9,99,9,99,1,1,2,2,1,25,5,-1,-1,-1,-1,6,E01004476,0,-1
2020990951878,2020,990951878,2,1,0,18,19,1,5,0,0,8,0,0,0,0,4,1,5,6,1,63,9,-1,-1,-1,-1,7,-1,0,-1
2020460921435,2020,460921435,2,9,0,18,19,3,7,0,0,0,0,0,0,0,1,1,6,6,1,76,11,-1,-1,-1,-1,10,E01024329,0,-1
2020430235445,2020,430235445,1,19,0,13,13,6,2,0,0,0,0,0,0,0,4,1,6,6,1,-1,-1,-1,-1,-1,-1,-1,-1,0,-1
2020410950485,2020,410950485,1,90,0,18,19,-1,-1,0,0,0,0,0,0,0,1,1,6,6,3,-1,-1,-1,-1,-1,-1,-1,-1,0,-1
2020010268663,2020,010268663,1,1,9,99,99,9,9,99,99,9,9,99,9,99,2,1,6,6,1,36,7,-1,-1,-1,-1,5,E01002632,0,-1
2020010234252,2020,010234252,2,9,0,99,99,9,9,99,99,9,9,99,9,99,9,9,6,6,3,-1,-1,-1,-1,-1,-1,-1,-1,0,-1
2020340K07752,2020,340K07752,2,1,0,18,19,3,7,0,0,0,5,0,0,0,0,1,6,6,1,44,7,-1,-1,-1,-1,-1,-1,0,-1
2020010272817,2020,010272817,2,9,0,99,99,9,9,99,99,9,9,99,9,99,2,9,6,6,3,-1,-1,-1,-1,-1,-1,-1,-1,0,-1
2020990953179,2020,990953179,1,9,0,18,19,5,8,0,0,1,0,0,0,0,3,1,6,6,3,-1,-1,-1,-1,-1,-1,-1,-1,0,-1
2020200982335,2020,200982335,2,1,0,18,19,-1,-1,0,0,8,0,0,0,0,4,1,6,6,1,32,6,-1,-1,-1,-1,4,E01010510,0,-1
2020010286588,2020,010286588,2,-1,0,18,19,3,7,0,0,0,0,0,0,0,3,1,6,6,1,56,9,-1,-1,-1,-1,4,E01032778,1,-1
2020522004020,2020,522004020,2,9,0,18,19,5,1,0,0,0,0,0,0,0,1,1,6,6,1,30,6,-1,-1,-1,-1,-1,-1,0,-1
2020360937551,2020,360937551,2,1,0,18,19,5,1,0,0,0,2,0,0,0,1,1,1,1,2,30,6,-1,-1,-1,-1,4,E01026602,0,-1
2020990933010,2020,990933010,2,9,0,2,2,0,0,0,0,0,0,0,0,0,2,1,6,6,3,-1,-1,-1,-1,-1,-1,-1,-1,0,-1
2020501007541,2020,501007541,1,1,0,6,6,7,3,0,0,0,0,0,0,0,1,1,6,6,1,54,8,-1,-1,-1,-1,4,E01015269,0,-1
2020052001358,2020,052001358,2,1,0,18,19,1,5,0,0,3,0,0,0,0,3,1,1,1,2,31,6,-1,-1,-1,-1,1,E01007019,0,-1
2020990970503,2020,990970503,1,1,0,18,19,7,3,0,0,0,0,0,0,0,1,1,5,6,1,16,4,-1,-1,-1,-1,10,-1,0,-1
2020400932202,2020,400932202,2,20,0,2,2,0,0,9,9,0,0,0,0,0,2,1,6,6,3,-1,-1,-1,-1,-1,-1,-1,-1,0,-1
2020010258464,2020,010258464,2,9,0,9,9,1,7,99,99,0,9,99,9,99,3,9,6,6,1,-1,-1,-1,-1,-1,-1,-1,-1,0,-1
2020160956513,2020,160956513,3,9,0,9,9,4,3,0,0,5,0,0,0,0,2,1,6,6,3,-1,-1,-1,-1,-1,-1,-1,-1,0,-1
2020010233350,2020,010233350,2,9,0,18,19,5,1,0,0,7,0,0,0,0,1,1,6,6,1,28,6,-1,-1,-1,-1,3,E01003734,0,-1
2020450919729,2020,450919729,1,1,0,18,19,1,5,0,0,0,0,0,0,0,1,1,5,6,1,32,6,-1,-1,-1,-1,6,E01030995,0,-1
2020430273954,2020,430273954,2,9,0,18,19,4,8,0,0,1,0,0,0,0,1,1,6,6,2,-1,-1,-1,-1,-1,-1,-1,-1,0,-1
2020010270610,2020,010270610,2,1,0,18,19,1,5,0,0,1,0,0,0,0,3,1,6,6,2,16,4,-1,-1,-1,-1,5,E01003484,0,-1
20201373P1057,2020,1373P1057,1,19,0,18,19,4,8,0,0,0,0,0,0,0,0,1,6,6,3,-1,-1,-1,-1,-1,-1,-1,-1,0,-1
2020450998409,2020,450998409,2,9,0,13,13,7,3,0,0,0,0,0,0,0,4,1,6,6,3,40,7,-1,-1,-1,-1,-1,-1,0,-1
202031A115520,2020,31A115520,2,1,0,18,19,5,1,0,0,0,0,0,0,0,0,1,6,6,3,-1,-1,-1,-1,-1,-1,-1,-1,0,-1
2020552000520,2020,552000520,1,9,0,5,5,8,2,0,0,4,0,0,0,0,4,1,6,6,3,-1,-1,-1,-1,-1,-1,-1,-1,0,-1
2020410987613,2020,410987613,2,-1,0,18,19,5,1,0,0,8,0,0,0,0,2,1,2,2,1,25,5,-1,-1,-1,-1,3,E01004735,1,-1
2020450944333,2020,450944333,2,1,0,18,19,4,8,0,0,0,5,0,0,0,1,1,5,6,1,51,8,-1,-1,-1,-1,9,E01030477,0,-1
202006E168412,2020,06E168412,2,1,0,18,19,6,2,0,0,8,0,0,0,0,1,1,6,6,1,35,6,-1,-1,-1,-1,8,E01005155,0,-1
2020450972644,2020,450972644,2,1,0,17,19,3,7,0,0,2,0,0,0,0,3,1,5,6,1,65,9,-1,-1,-1,-1,6,E01030678,0,-1
2020440385421,2020,440385421,1,1,0,16,19,7,2,0,0,8,0,0,0,0,0,1,6,6,2,45,7,-1,-1,-1,-1,4,E01017327,0,-1
2020332000362,2020,332000362,2,4,0,18,19,7,3,0,0,8,0,0,0,0,4,1,6,6,1,23,5,-1,-1,-1,-1,7,E01025751,0,-1
2020010259171,2020,010259171,2,1,0,18,19,6,2,0,0,0,5,0,0,0,3,1,1,1,1,47,8,-1,-1,-1,-1,8,E01002946,0,-1
2020430045010,2020,430045010,1,1,0,13,13,5,1,0,0,0,0,0,0,0,4,1,6,6,1,43,7,-1,-1,-1,-1,6,E01002439,0,-1
202063C013020,2020,63C013020,1,19,0,17,19,5,2,0,0,0,0,0,0,0,3,1,6,6,3,-1,-1,-1,-1,-1,-1,-1,-1,0,-1
2020010247289,2020,010247289,2,9,0,4,4,3,7,0,0,1,0,0,0,0,2,1,2,2,2,50,8,-1,-1,-1,-1,8,E01000985,0,-1
2020450998409,2020,450998409,1,1,0,18,19,7,3,0,0,0,0,0,0,0,3,1,1,1,1,55,8,-1,-1,-1,-1,6,E01031591,0,-1
2020010258280,2020,010258280,1,1,9,99,99,9,9,99,99,9,9,99,9,99,2,1,6,6,1,50,8,-1,-1,-1,-1,3,E01000195,0,-1
202060Y142237,2020,60Y142237,1,9,0,18,19,4,8,0,0,0,1,10,8,4,2,1,6,6,1,19,4,-1,-1,-1,-1,-1,-1,0,-1
2020010280434,2020,010280434,2,-1,0,14,14,5,1,0,0,1,2,0,0,0,1,1,6,6,1,29,6,-1,-1,-1,-1,3,E01000642,1,-1
2020052001244,2020,052001244,2,1,0,18,19,1,5,0,0,8,0,0,0,0,3,1,6,6,2,76,11,-1,-1,-1,-1,10,E01006943,0,-1
2020430223121,2020,430223121,2,21,1,1,1,1,5,0,0,8,0,0,0,0,2,1,1,1,1,40,7,-1,-1,-1,-1,3,E01001548,0,-1
2020450945834,2020,450945834,2,98,0,13,13,1,5,0,0,8,0,0,0,0,0,1,6,6,3,55,8,-1,-1,-1,-1,-1,-1,0,-1
2020010271393,2020,010271393,1,9,0,99,99,9,9,99,99,9,9,99,9,99,9,9,6,6,3,-1,-1,-1,-1,-1,-1,-1,-1,0,-1
2020100980999,2020,100980999,1,1,0,16,19,7,2,0,0,0,0,0,0,0,1,1,6,6,1,8,2,-1,-1,-1,-1,-1,-1,0,-1
2020201022442,2020,201022442,2,1,0,18,19,8,4,0,0,8,0,0,0,0,1,1,6,6,2,54,8,-1,-1,-1,-1,5,E01010267,0,-1
2020410963027,2020,410963027,2,1,0,18,19,3,7,5,5,0,0,0,0,0,1,1,5,6,2,37,7,-1,-1,-1,-1,3,E01023793,0,-1
2020041003884,2020,041003884,4,9,0,2,2,0,0,0,0,0,0,4,1,0,4,1,6,6,3,-1,-1,-1,-1,-1,-1,-1,-1,0,-1
2020160988154,2020,160988154,1,1,0,18,19,7,3,0,0,1,0,0,0,0,1,1,6,6,1,35,6,-1,-1,-1,-1,3,E01013133,0,-1
2020010250072,2020,010250072,2,1,0,18,19,3,7,4,4,6,0,0,0,0,1,1,6,6,1,30,6,-1,-1,-1,-1,2,E01004323,0,-1
2020401014536,2020,401014536,1,9,0,18,19,8,4,0,0,0,0,0,0,0,1,1,6,6,3,-1,-1,-1,-1,-1,-1,-1,-1,0,-1
202031D050920,2020,31D050920,1,22,0,18,19,8,4,0,0,8,0,0,0,0,0,1,6,6,1,80,11,-1,-1,-1,-1,9,E01028149,0,-1
2020500958768,2020,500958768,2,1,0,18,19,8,4,0,0,0,0,4,0,0,1,1,5,6,1,75,10,-1,-1,-1,-1,1,E01015182,0,-1
2020010277073,2020,010277073,2,1,0,18,19,2,6,0,0,1,0,0,0,0,1,1,1,1,1,25,5,-1,-1,-1,-1,2,E01001246,0,-1
2020450970398,2020,450970398,1,9,0,7,7,5,3,0,0,1,2,10,0,0,4,1,6,6,1,21,5,-1,-1,-1,-1,9,E01030488,0,-1
2020990946711,2020,990946711,1,9,0,2,2,0,0,0,0,0,0,0,0,0,3,1,6,6,3,-1,-1,-1,-1,-1,-1,-1,-1,0,-1
2020010254441,2020,010254441,1,1,9,99,99,9,9,99,99,9,9,99,9,99,1,1,2,2,1,26,6,-1,-1,-1,-1,6,E01004626,0,-1
2020070619457,2020,070619457,1,19,0,1,1,1,5,0,0,0,0,0,0,0,0,2,1,1,1,33,6,-1,-1,-1,-1,9,E01018575,0,-1
2020010260227,2020,010260227,1,11,0,3,3,1,5,3,2,0,0,0,0,0,0,1,1,1,1,34,6,-1,-1,-1,-1,3,E01004336,0,-1
2020010263811,2020,010263811,1,1,9,99,99,9,9,99,99,9,9,99,9,99,9,1,6,6,1,30,6,-1,-1,-1,-1,9,E01033135,0,-1
2020522002814,2020,522002814,2,21,0,10,10,4,2,0,0,8,0,0,0,0,2,1,6,6,1,40,7,-1,-1,-1,-1,-1,-1,0,-1
2020010240607,2020,010240607,1,3,0,99,99,9,9,99,99,0,9,99,9,99,1,1,6,6,3,-1,-1,-1,-1,-1,-1,-1,-1,0,-1
2020332001114,2020,332001114,2,97,0,18,19,3,7,0,0,8,0,0,0,0,0,1,6,6,1,39,7,-1,-1,-1,-1,-1,-1,0,-1
2020552000795,2020,552000795,2,1,0,18,19,5,1,0,0,8,0,0,0,0,3,1,2,2,1,25,5,-1,-1,-1,-1,6,E01015291,0,-1
2020440281551,2020,440281551,2,5,0,18,19,6,1,0,0,8,1,0,0,0,2,1,2,2,1,54,8,-1,-1,-1,-1,4,E01022549,0,-1
202063D029520,2020,63D029520,2,1,0,18,19,7,3,0,0,6,0,0,0,0,1,1,6,6,1,8,2,-1,-1,-1,-1,8,W01001905,0,-1
2020010256165,2020,010256165,1,1,9,99,99,9,9,99,99,9,9,99,9,99,9,1,6,6,1,38,7,-1,-1,-1,-1,5,E01004483,0,-1
2020470933579,2020,470933579,3,9,0,13,13,6,2,0,0,0,0,0,0,0,0,1,6,6,3,-1,-1,-1,-1,-1,-1,-1,-1,0,-1
2020220961608,2020,220961608,2,1,0,17,19,4,1,0,0,8,0,0,0,0,1,1,2,2,1,61,9,-1,-1,-1,-1,9,E01032421,0,-1
2020010262250,2020,010262250,1,9,0,18,19,3,7,0,0,1,0,0,0,0,1,1,6,6,3,-1,-1,-1,-1,-1,-1,-1,-1,0,-1
2020161000164,2020,161000164,2,1,0,12,12,5,3,0,0,8,0,0,0,0,1,1,6,6,2,-1,-1,-1,-1,-1,-1,-1,-1,0,-1
2020520004074,2020,520004074,1,9,0,18,19,8,4,0,0,2,0,0,0,0,1,1,6,6,2,31,6,-1,-1,-1,-1,4,E01029241,0,-1
2020010248358,2020,010248358,1,1,9,99,99,9,9,99,99,9,9,99,9,99,9,1,6,6,2,26,6,-1,-1,-1,-1,3,E01033324,0,-1
2020350969049,2020,350969049,1,1,0,18,19,5,1,0,0,2,5,10,1,0,1,1,6,6,1,53,8,-1,-1,-1,-1,1,E01015663,0,-1
2020340C07302,2020,340C07302,1,1,0,9,9,2,8,0,0,8,0,0,0,0,3,1,6,6,1,57,9,-1,-1,-1,-1,2,E01026961,0,-1
2020010276494,2020,010276494,3,9,0,18,19,1,5,0,0,0,0,0,0,0,1,1,6,6,3,-1,-1,-1,-1,-1,-1,-1,-1,0,-1
2020332000044,2020,332000044,2,19,0,18,19,6,2,0,0,0,0,0,1,4,1,1,1,1,1,30,6,-1,-1,-1,-1,5,E01028336,0,-1
202060Y170054,2020,60Y170054,2,9,0,8,8,3,7,0,0,1,0,0,0,0,2,1,6,6,2,30,6,-1,-1,-1,-1,-1,-1,0,-1
2020220955124,2020,220955124,2,1,0,9,9,6,4,0,0,6,0,0,0,0,2,1,5,6,1,77,11,-1,-1,-1,-1,-1,-1,0,-1
2020211024138,2020,211024138,1,9,0,18,19,7,3,0,0,0,0,0,0,0,1,1,6,6,1,-1,-1,-1,-1,-1,-1,-1,-1,0,-1
2020990994085,2020,990994085,1,98,0,7,7,5,7,0,0,2,0,0,0,0,4,1,6,6,1,40,7,-1,-1,-1,-1,-1,-1,0,-1
2020460949036,2020,460949036,1,9,0,16,19,3,7,0,0,0,0,0,0,0,3,1,5,6,3,-1,-1,-1,-1,-1,-1,-1,-1,0,-1
202031C001320,2020,31C001320,2,1,0,18,19,8,4,0,0,1,0,8,0,0,1,1,6,6,1,65,9,-1,-1,-1,-1,7,E01013902,0,-1
2020411011082,2020,411011082,2,98,0,18,19,2,6,0,0,0,0,0,0,0,1,1,6,6,3,-1,-1,-1,-1,-1,-1,-1,-1,0,-1
2020460919527,2020,460919527,2,9,0,18,19,3,7,0,0,2,0,0,0,0,4,1,6,6,2,42,7,-1,-1,-1,-1,10,E01024326,0,-1
2020010252660,2020,010252660,1,1,9,99,99,9,9,99,99,0,9,99,9,99,9,1,6,6,1,26,6,-1,-1,-1,-1,1,E01004300,0,-1
2020220939984,2020,220939984,2,9,0,2,2,0,0,0,0,0,0,0,0,0,2,1,5,6,1,61,9,-1,-1,-1,-1,5,E01014014,0,-1
2020140928109,2020,140928109,2,19,0,9,9,4,2,0,0,6,0,0,0,0,1,1,6,6,3,-1,-1,-1,-1,-1,-1,-1,-1,0,-1
2020350983711,2020,350983711,3,1,0,18,19,8,4,4,4,0,0,0,0,0,1,1,5,6,2,21,5,-1,-1,-1,-1,4,E01017947,0,-1
2020547822820,2020,547822820,1,9,0,16,19,4,7,0,0,1,2,0,7,10,4,1,6,6,1,28,6,-1,-1,-1,-1,7,E01032699,0,-1
202006K377675,2020,06K377675,2,9,0,18,19,3,7,0,0,2,0,0,0,0,1,1,1,1,1,30,6,-1,-1,-1,-1,-1,-1,0,-1
2020010252332,2020,010252332,1,1,9,99,99,9,9,99,99,9,9,99,9,99,9,1,6,6,1,24,5,-1,-1,-1,-1,2,E01003636,0,-1