collision_index,collision_year,collision_ref_no,vehicle_reference,vehicle_type,towing_and_articulation,vehicle_manoeuvre_historic,vehicle_manoeuvre,vehicle_direction_from,vehicle_direction_to,vehicle_location_restricted_lane_historic,vehicle_location_restricted_lane,junction_location,skidding_and_overturning,hit_object_in_carriageway,vehicle_leaving_carriageway,hit_object_off_carriageway,first_point_of_impact,vehicle_left_hand_drive,journey_purpose_of_driver_historic,journey_purpose_of_driver,sex_of_driver,age_of_driver,age_band_of_driver,engine_capacity_cc,propulsion_code,age_of_vehicle,generic_make_model,driver_imd_decile,lsoa_of_driver,escooter_flag,driver_distance_banding
2020420961637,2020,420961637,2,9,0,2,2,6,6,6,6,0,0,0,0,0,2,1,6,6,3,-1,-1,-1,-1,-1,-1,-1,-1,0,-1
2020470960281,2020,470960281,3,1,0,18,19,6,2,0,0,0,0,0,0,0,1,1,6,6,2,52,8,-1,-1,-1,-1,8,E01031535,0,-1
2020991001824,2020,991001824,1,19,0,18,19,2,6,0,0,0,0,0,0,0,2,1,6,6,3,30,6,-1,-1,-1,-1,-1,-1,0,-1
2020140985957,2020,140985957,1,97,0,16,19,1,5,9,9,2,0,0,7,11,1,1,6,6,1,39,7,-1,-1,-1,-1,5,E01007785,0,-1
2020522100692,2020,522100692,1,9,0,18,19,5,1,0,0,0,0,0,0,0,1,1,6,6,1,26,6,-1,-1,-1,-1,3,E01014942,0,-1
2020052002068,2020,052002068,2,1,0,18,19,3,7,0,0,0,0,0,0,0,1,1,6,6,1,53,8,-1,-1,-1,-1,3,E01006587,0,-1
2020010269882,2020,010269882,2,9,9,99,99,9,9,99,99,9,9,99,9,99,2,9,6,6,3,30,6,-1,-1,-1,-1,-1,-1,0,-1
20201371N0419,2020,1371N0419,2,1,0,15,15,3,7,0,0,5,0,0,0,0,1,1,1,1,1,25,5,-1,-1,-1,-1,4,E01011320,0,-1
2020302000210,2020,302000210,2,1,0,18,19,3,7,0,0,1,0,0,0,0,1,1,2,2,1,49,8,-1,-1,-1,-1,2,E01019403,0,-1
2020302000419,2020,302000419,1,1,0,18,19,6,2,0,0,0,0,0,0,0,2,1,1,1,1,56,9,-1,-1,-1,-1,9,E01019721,0,-1
2020100966264,2020,100966264,2,1,0,18,19,3,7,0,0,0,2,0,1,0,3,1,5,6,1,16,4,-1,-1,-1,-1,1,E01008596,0,-1
2020122000588,2020,122000588,2,1,0,9,9,1,7,0,0,8,1,0,0,0,4,1,6,6,1,57,9,-1,-1,-1,-1,8,E01027668,0,-1
2020990958724,2020,990958724,1,1,0,17,19,2,7,0,0,0,0,0,0,0,1,1,6,6,1,43,7,-1,-1,-1,-1,10,-1,0,-1
2020522002670,2020,522002670,1,9,0,18,19,5,1,0,0,8,0,0,0,0,1,1,6,6,1,61,9,-1,-1,-1,-1,8,E01014709,0,-1
20201379R1473,2020,1379R1473,2,19,0,18,19,3,7,0,0,0,0,0,0,0,3,1,6,6,1,31,6,-1,-1,-1,-1,7,E01011394,0,-1
2020460952815,2020,460952815,1,90,0,5,5,5,3,0,0,6,0,0,0,0,1,1,6,6,1,-1,-1,-1,-1,-1,-1,5,E01024033,0,-1
2020200931701,2020,200931701,2,9,0,9,9,1,7,0,0,8,0,0,0,0,3,1,6,6,2,31,6,-1,-1,-1,-1,7,E01010505,0,-1
2020160993944,2020,160993944,2,1,0,18,19,7,2,0,0,8,0,0,0,0,1,1,6,6,1,45,7,-1,-1,-1,-1,10,E01013092,0,-1
2020010267787,2020,010267787,3,19,0,3,3,1,5,0,0,0,0,0,0,0,2,1,6,6,3,-1,-1,-1,-1,-1,-1,-1,-1,0,-1
2020200928689,2020,200928689,1,9,0,18,19,4,8,0,0,0,0,0,0,0,1,1,6,6,3,-1,-1,-1,-1,-1,-1,-1,-1,0,-1
2020070245966,2020,070245966,1,1,0,18,19,3,7,9,9,0,0,0,0,0,1,1,6,6,2,32,6,-1,-1,-1,-1,2,E01018485,0,-1
2020030969590,2020,030969590,1,1,0,15,15,5,1,0,0,0,0,0,1,10,1,1,5,6,1,40,7,-1,-1,-1,-1,2,-1,0,-1
2020010233033,2020,010233033,1,9,0,4,4,1,5,0,0,1,0,0,0,0,1,1,2,2,1,56,9,-1,-1,-1,-1,9,E01002239,0,-1
2020200970350,2020,200970350,2,1,0,18,19,8,4,0,0,2,0,0,0,0,3,1,6,6,1,20,4,-1,-1,-1,-1,1,E01010271,0,-1
2020052002570,2020,052002570,1,11,0,18,19,7,3,0,0,0,0,0,0,0,1,1,1,1,1,50,8,-1,-1,-1,-1,1,E01006612,0,-1
2020430324946,2020,430324946,1,1,0,18,19,3,7,0,0,8,0,0,0,0,3,1,3,7,1,14,3,-1,-1,-1,-1,-1,-1,0,-1
2020160926762,2020,160926762,2,1,0,18,19,1,5,0,0,8,0,0,0,0,1,1,6,6,2,24,5,-1,-1,-1,-1,2,E01013206,0,-1
2020440293695,2020,440293695,1,9,0,18,19,8,4,0,0,0,0,0,0,0,3,1,6,6,2,20,4,-1,-1,-1,-1,4,E01017362,0,-1
2020010241904,2020,010241904,1,3,0,18,19,8,4,0,0,0,0,0,0,0,1,-1,6,6,3,-1,-1,-1,-1,-1,-1,-1,-1,0,-1
2020370995913,2020,370995913,1,9,0,18,19,2,7,0,0,1,0,0,0,0,3,1,6,6,3,-1,-1,-1,-1,-1,-1,-1,-1,0,-1
2020332000349,2020,332000349,1,9,0,18,19,6,2,0,0,4,0,0,0,0,1,1,6,6,1,22,5,-1,-1,-1,-1,6,E01025762,0,-1
202031C172520,2020,31C172520,1,1,0,18,19,1,5,0,0,0,0,10,0,0,1,1,6,6,1,20,4,-1,-1,-1,-1,4,E01013937,0,-1
2020010247152,2020,010247152,1,1,0,18,19,1,5,0,0,0,0,0,0,0,0,1,6,6,1,30,6,-1,-1,-1,-1,10,E01003007,0,-1
2020522004751,2020,522004751,2,9,0,18,19,6,1,0,0,4,0,0,0,0,4,1,6,6,1,81,11,-1,-1,-1,-1,5,E01014886,0,-1
2020010278076,2020,010278076,2,1,0,5,5,1,5,0,0,8,0,0,0,0,4,1,6,6,1,62,9,-1,-1,-1,-1,2,E01004010,0,-1
2020010252084,2020,010252084,1,1,9,99,99,9,9,99,99,9,9,99,9,99,0,1,2,2,1,49,8,-1,-1,-1,-1,9,E01002976,0,-1
2020010230699,2020,010230699,3,9,0,18,19,8,4,0,0,1,0,0,0,0,0,2,1,1,1,48,8,-1,-1,-1,-1,7,E01003456,0,-1
2020440270953,2020,440270953,1,1,0,18,19,6,2,0,0,8,0,0,0,0,4,1,6,6,2,46,8,-1,-1,-1,-1,9,E01022857,0,-1
2020070539988,2020,070539988,2,1,0,16,19,2,6,0,0,1,2,0,0,0,1,1,6,6,1,57,9,-1,-1,-1,-1,9,E01006088,0,-1
2020451008538,2020,451008538,3,9,0,2,2,1,5,0,0,0,0,0,0,0,2,1,6,6,3,-1,-1,-1,-1,-1,-1,-1,-1,0,-1
2020991008352,2020,991008352,1,9,0,5,5,1,3,0,0,6,0,0,0,0,1,1,6,6,2,30,6,-1,-1,-1,-1,-1,-1,0,-1
2020010261336,2020,010261336,1,1,9,99,99,9,9,99,99,9,9,99,9,99,9,1,6,6,2,25,5,-1,-1,-1,-1,1,E01000552,0,-1
2020500964921,2020,500964921,1,1,0,18,19,4,6,0,0,0,0,0,0,0,1,1,5,6,1,14,3,-1,-1,-1,-1,3,E01015161,0,-1
2020450925916,2020,450925916,1,1,0,18,19,5,1,0,0,0,1,0,0,0,1,1,5,6,1,48,8,-1,-1,-1,-1,9,E01030372,0,-1
2020070127875,2020,070127875,1,9,0,7,7,3,6,0,0,6,0,0,0,0,1,1,6,6,2,-1,-1,-1,-1,-1,-1,-1,-1,0,-1
2020052000511,2020,052000511,1,1,0,18,19,1,5,0,0,1,0,0,0,0,1,1,6,6,1,47,8,-1,-1,-1,-1,1,E01006776,0,-1
2020552000681,2020,552000681,2,1,0,18,19,4,6,0,0,8,0,0,0,0,3,1,2,2,2,39,7,-1,-1,-1,-1,8,E01015364,0,-1
2020360938493,2020,360938493,2,1,0,18,19,3,7,0,0,2,0,0,0,0,3,1,6,6,1,43,7,-1,-1,-1,-1,3,E01030025,0,-1
2020370959498,2020,370959498,1,1,-1,4,4,0,0,9,9,0,0,8,0,0,1,1,5,6,1,33,6,-1,-1,-1,-1,6,E01030005,0,-1
2020010265636,2020,010265636,1,1,9,99,99,9,9,99,99,9,9,99,9,99,9,1,2,2,2,32,6,-1,-1,-1,-1,7,E01003456,0,-1
2020010252637,2020,010252637,2,9,0,7,7,5,7,0,0,8,0,0,0,0,1,1,6,6,3,-1,-1,-1,-1,-1,-1,-1,-1,0,-1
2020201019935,2020,201019935,1,19,0,18,19,-1,-1,0,0,8,0,0,0,0,2,1,1,1,3,-1,-1,-1,-1,-1,-1,-1,-1,0,-1
202031C026020,2020,31C026020,2,1,0,18,19,4,8,0,0,8,1,0,0,0,0,1,2,2,1,30,6,-1,-1,-1,-1,7,E01028086,0,-1
2020470987792,2020,470987792,2,1,0,18,19,1,5,0,0,8,0,0,0,0,2,1,1,1,1,15,3,-1,-1,-1,-1,10,E01031680,0,-1
2020010247012,2020,010247012,1,1,0,18,19,2,6,0,0,0,0,0,0,0,2,1,6,6,1,32,6,-1,-1,-1,-1,4,E01002788,0,-1
2020040917553,2020,040917553,2,9,0,4,4,3,7,0,0,0,0,0,1,0,3,1,6,6,1,61,9,-1,-1,-1,-1,1,E01025042,0,-1
2020170M10860,2020,170M10860,1,19,0,18,19,3,7,0,0,0,0,0,0,0,1,1,6,6,3,-1,-1,-1,-1,-1,-1,-1,-1,0,-1
2020530951851,2020,530951851,2,9,0,18,19,-1,-1,0,0,0,0,-1,0,0,-1,1,6,6,3,-1,-1,-1,-1,-1,-1,-1,-1,0,-1
2020010250837,2020,010250837,2,1,0,18,19,1,5,0,0,1,0,0,0,0,1,1,6,6,2,32,6,-1,-1,-1,-1,5,E01003359,0,-1
2020010258139,2020,010258139,2,90,0,99,99,9,9,99,99,9,9,99,9,99,1,9,6,6,3,-1,-1,-1,-1,-1,-1,-1,-1,0,-1
2020010277784,2020,010277784,1,2,0,18,19,2,6,0,0,0,1,0,0,0,0,1,2,2,1,61,9,-1,-1,-1,-1,2,E01002368,0,-1
2020430437973,2020,430437973,1,9,0,18,19,4,8,0,0,8,0,0,0,0,1,1,6,6,1,53,8,-1,-1,-1,-1,-1,-1,0,-1
202031A050020,2020,31A050020,2,19,0,18,19,1,4,0,0,1,0,0,0,0,1,1,1,1,1,63,9,-1,-1,-1,-1,3,E01028229,0,-1
2020010282964,2020,010282964,2,22,0,5,5,1,5,0,0,8,0,4,0,0,4,1,6,6,1,18,4,-1,-1,-1,-1,3,E01001673,0,-1
2020332001174,2020,332001174,2,1,0,18,19,6,2,0,0,0,0,0,0,0,0,1,6,6,1,21,5,-1,-1,-1,-1,-1,-1,0,-1
2020010268110,2020,010268110,2,1,0,18,19,1,5,0,0,1,5,0,0,0,3,1,6,6,1,41,7,-1,-1,-1,-1,5,E01003217,0,-1
2020990986779,2020,990986779,2,1,0,9,9,2,6,0,0,8,0,0,0,0,2,1,6,6,2,43,7,-1,-1,-1,-1,-1,-1,0,-1
2020461011166,2020,461011166,1,9,0,18,19,7,3,0,0,1,0,0,0,0,3,1,6,6,1,26,6,-1,-1,-1,-1,4,E01024510,0,-1
2020010233189,2020,010233189,1,9,9,99,99,9,9,99,99,2,9,99,9,99,9,9,-1,-1,3,-1,-1,-1,-1,-1,-1,-1,-1,0,-1
2020170M11880,2020,170M11880,1,9,0,9,9,1,7,0,0,8,0,0,0,0,1,1,6,6,1,21,5,-1,-1,-1,-1,2,E01012081,0,-1
2020052000791,2020,052000791,2,1,0,18,19,8,4,0,0,0,0,0,1,4,1,1,6,6,1,26,6,-1,-1,-1,-1,9,E01012448,0,-1
2020137CI0898,2020,137CI0898,1,9,0,5,5,8,4,0,0,0,0,0,0,0,3,1,6,6,2,-1,-1,-1,-1,-1,-1,-1,-1,0,-1
2020470950754,2020,470950754,3,9,0,2,2,0,0,0,0,0,0,0,0,0,2,1,6,6,3,-1,-1,-1,-1,-1,-1,-1,-1,0,-1
2020137831546,2020,137831546,3,90,0,18,19,8,4,0,0,8,0,0,0,0,0,1,1,1,1,32,6,-1,-1,-1,-1,2,E01010958,0,-1
2020010248316,2020,010248316,2,9,0,18,19,9,9,0,0,2,9,0,0,99,1,9,6,6,1,-1,-1,-1,-1,-1,-1,-1,-1,0,-1
2020220926780,2020,220926780,1,9,0,16,19,4,7,0,0,0,0,0,0,0,3,1,6,6,1,58,9,-1,-1,-1,-1,8,E01029001,0,-1
2020430171040,2020,430171040,2,9,0,18,19,7,3,0,0,1,0,0,0,0,1,1,6,6,3,-1,-1,-1,-1,-1,-1,-1,-1,0,-1
2020332000260,2020,332000260,1,9,0,18,19,1,5,0,0,8,0,0,0,0,1,1,6,6,1,30,6,-1,-1,-1,-1,3,E01013613,0,-1
2020211001018,2020,211001018,2,1,-1,-1,-1,-1,-1,-1,-1,0,-1,-1,-1,0,-1,1,5,6,1,25,5,-1,-1,-1,-1,5,E01029504,0,-1
2020440380665,2020,440380665,2,1,0,17,19,6,3,0,0,8,0,0,0,0,2,1,6,6,1,72,10,-1,-1,-1,-1,6,E01017174,0,-1
2020140943190,2020,140943190,2,1,-1,18,19,4,8,0,0,1,0,0,0,0,-1,1,6,6,1,42,7,-1,-1,-1,-1,10,E01007920,0,-1
2020010279948,2020,010279948,2,1,0,17,19,3,2,0,0,8,0,0,0,0,1,1,1,1,1,39,7,-1,-1,-1,-1,3,E01003264,0,-1
2020450954910,2020,450954910,2,1,0,18,19,3,7,0,0,1,0,0,0,0,3,1,6,6,2,15,3,-1,-1,-1,-1,5,E01030983,0,-1
2020010247925,2020,010247925,1,19,0,18,19,8,4,0,0,2,0,0,0,0,3,1,1,1,1,47,8,-1,-1,-1,-1,6,E01001619,0,-1
2020522100661,2020,522100661,2,1,0,18,19,2,6,0,0,6,1,0,0,0,1,1,6,6,1,53,8,-1,-1,-1,-1,6,E01014764,0,-1
2020010237304,2020,010237304,2,1,9,99,99,9,9,99,99,9,9,99,9,99,1,1,6,6,1,-1,-1,-1,-1,-1,-1,-1,-1,0,-1
2020010278496,2020,010278496,1,1,0,18,19,7,3,0,0,0,0,0,0,0,3,1,6,6,1,23,5,-1,-1,-1,-1,3,E01004217,0,-1
2020522100619,2020,522100619,2,1,0,18,19,7,3,0,0,8,0,0,0,0,1,1,6,6,1,31,6,-1,-1,-1,-1,6,E01014670,0,-1
2020480990431,2020,480990431,1,19,0,9,9,3,5,0,0,8,0,0,0,0,4,1,1,1,1,60,9,-1,-1,-1,-1,-1,-1,0,-1
2020440014274,2020,440014274,2,1,0,18,19,6,2,0,0,8,0,0,0,0,1,1,2,2,1,49,8,-1,-1,-1,-1,9,E01022633,0,-1
2020010250425,2020,010250425,1,1,9,99,99,9,9,99,99,9,9,99,9,99,2,-1,2,2,1,33,6,-1,-1,-1,-1,6,E01002875,0,-1
2020231017555,2020,231017555,5,19,0,18,19,4,8,0,0,0,0,0,0,0,3,1,1,1,1,24,5,-1,-1,-1,-1,-1,-1,0,-1
2020100990319,2020,100990319,2,1,0,18,19,4,2,0,0,1,0,0,0,0,3,1,5,6,2,44,7,-1,-1,-1,-1,3,E01008561,0,-1
2020040918141,2020,040918141,1,9,0,18,19,7,3,0,0,1,0,0,0,0,1,1,6,6,3,-1,-1,-1,-1,-1,-1,-1,-1,0,-1
2020140963649,2020,140963649,2,9,0,7,7,6,8,0,0,1,0,0,0,0,1,1,6,6,3,25,5,-1,-1,-1,-1,-1,-1,0,-1
2020470953248,2020,470953248,2,19,0,2,2,0,0,0,0,0,0,0,0,0,3,1,6,6,3,-1,-1,-1,-1,-1,-1,-1,-1,0,-1
2020030978835,2020,030978835,2,1,0,18,19,1,5,9,9,0,0,0,0,0,0,1,5,6,2,8,2,-1,-1,-1,-1,1,E01025226,0,-1
202031A013820,2020,31A013820,1,19,0,5,5,4,2,0,0,2,0,0,0,0,1,1,6,6,1,-1,-1,-1,-1,-1,-1,-1,-1,0,-1
2020430407072,2020,430407072,1,9,0,11,11,6,1,0,0,0,1,0,7,9,1,1,6,6,2,28,6,-1,-1,-1,-1,9,E01017875,0,-1
2020552000518,2020,552000518,2,11,0,18,19,2,6,0,0,1,0,0,0,0,4,1,1,1,1,37,7,-1,-1,-1,-1,9,E01020505,0,-1
2020990983526,2020,990983526,1,90,0,7,7,4,7,0,0,0,0,4,7,0,4,1,6,6,1,24,5,-1,-1,-1,-1,1,-1,0,-1
2020420977925,2020,420977925,1,-1,0,18,19,7,3,9,9,6,0,0,0,0,0,1,6,6,1,18,4,-1,-1,-1,-1,-1,-1,1,-1
2020040965394,2020,040965394,1,98,0,9,9,3,1,0,0,2,0,0,0,0,3,1,6,6,3,-1,-1,-1,-1,-1,-1,-1,-1,0,-1
2020542987920,2020,542987920,2,1,0,18,19,2,6,0,0,8,0,0,0,0,1,1,6,6,1,58,9,-1,-1,-1,-1,8,E01015498,0,-1
2020460993402,2020,460993402,4,9,0,3,3,8,4,0,0,0,0,0,0,0,2,1,6,6,3,-1,-1,-1,-1,-1,-1,-1,-1,0,-1
2020440223426,2020,440223426,2,1,0,18,19,5,1,5,5,8,0,0,0,0,1,1,6,6,1,66,10,-1,-1,-1,-1,9,E01023103,0,-1
2020320185250,2020,320185250,1,1,0,18,19,1,5,0,0,0,0,0,0,0,0,1,6,6,1,70,10,-1,-1,-1,-1,9,E01013154,0,-1
2020522100293,2020,522100293,1,9,0,7,7,7,8,0,0,6,0,0,0,0,1,1,6,6,1,52,8,-1,-1,-1,-1,6,E01014923,0,-1
2020440296608,2020,440296608,2,19,0,18,19,6,2,0,0,0,0,0,0,0,1,1,6,6,1,-1,-1,-1,-1,-1,-1,-1,-1,0,-1
2020010280705,2020,010280705,1,3,0,7,7,7,2,0,0,1,1,0,0,0,1,1,6,6,1,24,5,-1,-1,-1,-1,2,E01003175,0,-1
2020040984328,2020,040984328,2,1,0,18,19,5,1,0,0,8,0,0,0,0,1,1,6,6,1,-1,-1,-1,-1,-1,-1,1,E01012672,0,-1
20201371A1066,2020,1371A1066,1,9,0,18,19,5,1,0,0,0,0,0,0,0,4,1,6,6,1,60,9,-1,-1,-1,-1,6,E01010689,0,-1
2020332000691,2020,332000691,2,9,0,3,3,7,3,0,0,1,0,0,0,0,2,1,2,2,2,42,7,-1,-1,-1,-1,5,E01019883,0,-1
2020220966756,2020,220966756,2,9,0,2,2,0,0,0,0,0,0,0,0,0,2,1,6,6,3,-1,-1,-1,-1,-1,-1,-1,-1,0,-1
2020010256616,2020,010256616,1,1,9,99,99,9,9,99,99,1,9,99,9,99,9,1,6,6,1,26,6,-1,-1,-1,-1,4,E01003757,0,-1
2020470938986,2020,470938986,2,9,-1,18,19,1,5,0,0,1,0,0,0,0,0,1,6,6,3,-1,-1,-1,-1,-1,-1,-1,-1,0,-1
2020552000402,2020,552000402,1,19,0,9,9,3,7,0,0,8,0,0,0,0,0,1,6,6,3,-1,-1,-1,-1,-1,-1,-1,-1,0,-1
2020430283541,2020,430283541,1,1,0,17,19,5,2,0,0,8,0,0,0,0,1,1,6,6,1,14,3,-1,-1,-1,-1,-1,-1,0,-1
2020200948453,2020,200948453,2,1,0,18,19,1,5,0,0,0,0,0,0,0,1,1,6,6,1,13,3,-1,-1,-1,-1,1,E01009752,0,-1
2020450985442,2020,450985442,2,9,0,18,19,1,5,0,0,0,0,0,0,0,1,1,6,6,3,33,6,-1,-1,-1,-1,-1,-1,0,-1
2020501007346,2020,501007346,2,9,0,2,2,7,3,6,6,0,0,12,0,0,1,1,1,1,1,46,8,-1,-1,-1,-1,9,E01015064,0,-1
2020010273543,2020,010273543,2,1,0,18,19,7,3,0,0,4,0,0,0,0,2,1,6,6,1,55,8,-1,-1,-1,-1,5,E01003345,0,-1
2020052002178,2020,052002178,2,9,0,18,19,7,3,0,0,0,0,0,0,0,3,1,6,6,1,46,8,-1,-1,-1,-1,7,E01006685,0,-1
202060Y017116,2020,60Y017116,1,9,0,18,19,7,3,0,0,0,0,0,0,0,1,1,1,1,1,34,6,-1,-1,-1,-1,-1,-1,0,-1
2020160937728,2020,160937728,3,9,0,2,2,0,0,0,0,0,0,0,0,0,4,1,6,6,3,-1,-1,-1,-1,-1,-1,-1,-1,0,-1
2020200994976,2020,200994976,1,1,0,18,19,8,4,0,0,2,0,0,0,0,1,1,6,6,1,63,9,-1,-1,-1,-1,3,E01010512,0,-1
2020200988407,2020,200988407,3,19,0,18,19,1,6,0,0,0,0,0,0,0,0,1,6,6,3,-1,-1,-1,-1,-1,-1,-1,-1,0,-1
2020070219358,2020,070219358,1,1,0,18,19,7,3,0,0,1,5,0,0,0,1,1,6,6,1,37,7,-1,-1,-1,-1,6,E01018627,0,-1
2020230949824,2020,230949824,2,1,0,18,19,1,5,0,0,0,0,0,0,0,1,1,5,6,1,45,7,-1,-1,-1,-1,9,E01032894,0,-1
2020470949914,2020,470949914,1,9,0,18,19,7,4,0,0,8,0,0,0,0,4,1,1,1,1,27,6,-1,-1,-1,-1,8,E01030867,0,-1
2020010260130,2020,010260130,1,90,0,99,99,9,9,99,99,0,9,99,9,99,1,9,6,6,3,-1,-1,-1,-1,-1,-1,-1,-1,0,-1
2020332001192,2020,332001192,1,9,0,18,19,3,7,0,0,0,0,0,0,0,0,1,6,6,1,34,6,-1,-1,-1,-1,-1,-1,0,-1
2020230966725,2020,230966725,1,9,0,13,13,3,7,0,0,0,0,0,0,0,1,1,5,6,1,18,4,-1,-1,-1,-1,-1,-1,0,-1
2020460943613,2020,460943613,2,9,0,18,19,6,2,0,0,1,0,0,0,0,1,1,6,6,2,62,9,-1,-1,-1,-1,1,E01024390,0,-1
2020460993355,2020,460993355,1,19,0,5,5,1,4,0,0,7,0,0,0,0,3,1,5,6,2,23,5,-1,-1,-1,-1,5,E01033087,0,-1
2020320374509,2020,320374509,1,9,0,18,19,3,7,0,0,0,0,0,0,0,1,1,1,1,1,29,6,-1,-1,-1,-1,1,E01013860,0,-1
2020100979788,2020,100979788,1,21,0,14,14,8,4,0,0,0,0,0,0,0,4,1,6,6,3,-1,-1,-1,-1,-1,-1,-1,-1,0,-1
2020622000310,2020,622000310,1,9,0,18,19,4,8,0,0,0,0,0,0,0,1,1,1,1,1,59,9,-1,-1,-1,-1,10,W01001846,0,-1
2020990971254,2020,990971254,1,1,0,18,19,3,1,8,6,3,0,11,0,0,1,1,5,6,1,12,3,-1,-1,-1,-1,2,-1,0,-1
2020420995246,2020,420995246,2,1,0,18,19,3,7,0,0,3,0,0,0,0,4,1,5,6,2,42,7,-1,-1,-1,-1,5,E01021417,0,-1
2020400970036,2020,400970036,1,9,0,18,19,6,4,0,0,0,0,0,0,0,4,1,5,6,1,43,7,-1,-1,-1,-1,7,E01016783,0,-1
2020990935904,2020,990935904,2,1,0,17,19,4,1,0,0,8,5,0,0,0,0,1,5,6,1,42,7,-1,-1,-1,-1,3,-1,0,-1
2020010265468,2020,010265468,1,1,9,99,99,9,9,99,99,2,9,99,9,99,1,1,6,6,2,26,6,-1,-1,-1,-1,2,E01003984,0,-1
2020450989659,2020,450989659,2,9,0,2,2,0,0,0,0,0,0,0,0,0,0,1,6,6,3,-1,-1,-1,-1,-1,-1,-1,-1,0,-1
2020549121220,2020,549121220,2,1,0,18,19,6,2,0,0,1,0,0,0,0,4,1,6,6,2,51,8,-1,-1,-1,-1,10,E01032017,0,-1
2020332000308,2020,332000308,1,9,0,17,19,5,2,0,0,8,0,0,0,0,1,1,6,6,1,68,10,-1,-1,-1,-1,8,E01025664,0,-1
2020430428590,2020,430428590,2,9,0,10,10,2,6,0,0,1,0,10,1,0,2,1,2,2,1,74,10,-1,-1,-1,-1,6,E01028703,0,-1
2020522100331,2020,522100331,1,9,0,1,1,1,5,0,0,0,0,0,0,0,2,1,6,6,2,29,6,-1,-1,-1,-1,10,E01022708,0,-1
2020332000828,2020,332000828,2,9,0,5,5,3,7,8,6,1,0,0,0,0,3,1,6,6,2,67,10,-1,-1,-1,-1,3,E01013697,0,-1
2020440473144,2020,440473144,1,1,0,18,19,5,1,0,0,6,0,0,0,0,1,1,2,2,1,26,6,-1,-1,-1,-1,1,E01017036,0,-1
202060Y008015,2020,60Y008015,2,1,0,18,19,6,2,0,0,1,1,0,0,0,0,1,6,6,1,59,9,-1,-1,-1,-1,-1,-1,0,-1
2020010237488,2020,010237488,2,1,0,18,19,7,3,0,0,1,0,0,0,0,0,1,6,6,1,41,7,-1,-1,-1,-1,6,E01014648,0,-1
2020100990067,2020,100990067,1,9,0,18,19,7,3,0,0,0,0,0,0,0,1,1,6,6,1,-1,-1,-1,-1,-1,-1,-1,-1,0,-1
2020350973028,2020,350973028,2,1,0,5,5,1,1,0,0,0,0,0,0,0,0,1,5,6,2,27,6,-1,-1,-1,-1,6,E01033121,0,-1
2020430044531,2020,430044531,2,21,0,9,9,7,5,0,0,5,0,0,0,0,3,1,1,1,3,-1,-1,-1,-1,-1,-1,-1,-1,0,-1
2020302000490,2020,302000490,1,9,0,18,19,1,5,0,0,0,0,0,0,0,4,1,6,6,1,59,9,-1,-1,-1,-1,8,E01019600,0,-1
2020351015337,2020,351015337,2,9,0,5,5,3,7,0,0,8,0,0,0,0,3,1,6,6,1,37,7,-1,-1,-1,-1,4,E01015623,0,-1
2020140960637,2020,140960637,3,9,0,2,2,0,0,0,0,0,0,0,0,0,3,1,6,6,3,-1,-1,-1,-1,-1,-1,-1,-1,0,-1
2020440349821,2020,440349821,1,9,0,9,9,3,1,0,0,8,0,0,0,0,1,1,6,6,3,-1,-1,-1,-1,-1,-1,-1,-1,0,-1
2020460929121,2020,460929121,1,9,0,18,19,7,3,0,0,0,0,0,0,0,0,1,6,6,3,-1,-1,-1,-1,-1,-1,-1,-1,0,-1
2020160988422,2020,160988422,1,1,0,18,19,7,3,0,0,0,0,0,0,0,3,1,6,6,1,31,6,-1,-1,-1,-1,1,E01012859,0,-1
2020010256033,2020,010256033,2,1,0,5,5,1,5,0,0,1,0,0,1,0,3,1,6,6,2,31,6,-1,-1,-1,-1,5,E01004646,0,-1
2020420960498,2020,420960498,1,9,0,17,19,6,4,0,0,0,0,0,0,0,3,1,6,6,3,35,6,-1,-1,-1,-1,-1,-1,0,-1
2020010281357,2020,010281357,1,5,0,5,5,5,1,0,0,8,0,0,0,0,2,1,1,1,1,39,7,-1,-1,-1,-1,-1,-1,0,-1
2020010270681,2020,010270681,2,10,0,99,99,9,9,99,99,0,9,99,9,99,1,9,6,6,3,-1,-1,-1,-1,-1,-1,-1,-1,0,-1
2020470959071,2020,470959071,1,1,0,18,19,6,2,0,0,8,0,0,0,0,1,1,5,6,1,18,4,-1,-1,-1,-1,1,E01016964,0,-1
2020010252757,2020,010252757,2,9,0,99,99,9,9,99,99,9,9,99,9,99,1,9,6,6,3,-1,-1,-1,-1,-1,-1,-1,-1,0,-1
2020552000677,2020,552000677,2,5,0,18,19,3,7,0,0,8,1,0,0,0,1,1,2,2,1,57,9,-1,-1,-1,-1,7,E01015391,0,-1
2020070020546,2020,070020546,2,1,0,18,19,1,5,0,0,6,0,0,0,0,1,1,2,2,1,13,3,-1,-1,-1,-1,9,E01012493,0,-1
202060Y006046,2020,60Y006046,1,9,0,4,4,7,3,0,0,0,0,0,0,0,1,1,6,6,2,37,7,-1,-1,-1,-1,-1,-1,0,-1
2020360934433,2020,360934433,1,98,0,18,19,7,3,0,0,0,0,0,0,0,0,1,1,1,3,-1,-1,-1,-1,-1,-1,-1,-1,0,-1
2020990928809,2020,990928809,1,9,0,18,19,3,7,0,0,2,0,0,0,0,3,1,6,6,3,17,4,-1,-1,-1,-1,-1,-1,0,-1
2020200929832,2020,200929832,1,9,0,9,9,2,8,0,0,6,0,0,0,0,1,1,6,6,1,65,9,-1,-1,-1,-1,3,E01009049,0,-1
2020990941775,2020,990941775,1,9,0,18,19,3,7,0,0,0,0,0,0,0,3,1,6,6,3,17,4,-1,-1,-1,-1,-1,-1,0,-1
2020430048596,2020,430048596,3,9,0,2,2,0,0,0,0,1,0,0,0,0,3,1,6,6,3,-1,-1,-1,-1,-1,-1,-1,-1,0,-1
2020010256855,2020,010256855,3,9,0,99,99,9,9,99,99,0,9,99,9,99,1,9,6,6,3,-1,-1,-1,-1,-1,-1,-1,-1,0,-1
2020320380095,2020,320380095,2,1,0,18,19,5,1,0,0,8,0,0,0,0,4,1,6,6,2,39,7,-1,-1,-1,-1,7,E01026340,0,-1
202031A087720,2020,31A087720,1,9,0,18,19,4,8,0,0,0,0,0,0,0,1,1,6,6,1,36,7,-1,-1,-1,-1,4,E01027960,0,-1