collision_index,collision_year,collision_ref_no,vehicle_reference,vehicle_type,towing_and_articulation,vehicle_manoeuvre_historic,vehicle_manoeuvre,vehicle_direction_from,vehicle_direction_to,vehicle_location_restricted_lane_historic,vehicle_location_restricted_lane,junction_location,skidding_and_overturning,hit_object_in_carriageway,vehicle_leaving_carriageway,hit_object_off_carriageway,first_point_of_impact,vehicle_left_hand_drive,journey_purpose_of_driver_historic,journey_purpose_of_driver,sex_of_driver,age_of_driver,age_band_of_driver,engine_capacity_cc,propulsion_code,age_of_vehicle,generic_make_model,driver_imd_decile,lsoa_of_driver,escooter_flag,driver_distance_banding
2020302000983,2020,302000983,1,19,0,9,9,4,1,0,0,5,0,0,0,0,4,1,2,2,1,20,4,-1,-1,-1,-1,6,E01019545,0,-1
202006A274552,2020,06A274552,1,9,0,5,5,8,4,0,0,2,0,0,0,0,3,1,6,6,1,30,6,-1,-1,-1,-1,-1,-1,0,-1
2020010278919,2020,010278919,1,23,0,18,19,2,6,0,0,2,0,0,0,0,1,1,6,6,3,-1,-1,-1,-1,-1,-1,-1,-1,0,-1
2020010233331,2020,010233331,2,1,0,18,19,7,3,0,0,0,0,0,0,0,3,1,2,2,1,37,7,-1,-1,-1,-1,1,E01004205,0,-1
2020220946434,2020,220946434,2,9,0,2,2,0,0,0,0,0,0,0,0,0,3,1,5,6,2,40,7,-1,-1,-1,-1,8,E01032221,0,-1
202006E175302,2020,06E175302,2,9,0,13,13,7,3,0,0,8,0,0,0,0,1,1,6,6,3,-1,-1,-1,-1,-1,-1,-1,-1,0,-1
2020610009620,2020,610009620,4,9,0,18,19,1,0,0,0,0,0,0,0,0,0,1,1,1,1,27,6,-1,-1,-1,-1,2,W01001690,0,-1
2020010261985,2020,010261985,1,1,0,18,19,1,5,2,2,1,0,0,0,0,1,1,6,6,1,32,6,-1,-1,-1,-1,5,E01003173,0,-1
2020010265078,2020,010265078,2,1,9,99,99,9,9,99,99,9,9,99,9,99,9,1,6,6,1,21,5,-1,-1,-1,-1,9,E01003457,0,-1
2020430433644,2020,430433644,1,1,0,18,19,2,6,0,0,8,0,0,0,0,3,1,6,6,1,58,9,-1,-1,-1,-1,6,E01032955,0,-1
2020010267805,2020,010267805,2,1,0,5,5,5,1,0,0,0,0,0,0,0,2,1,6,6,1,16,4,-1,-1,-1,-1,5,E01002739,0,-1
2020332000129,2020,332000129,1,9,0,6,6,2,2,0,0,8,0,0,0,0,1,1,6,6,1,40,7,-1,-1,-1,-1,6,E01025824,0,-1
2020140967031,2020,140967031,2,9,0,18,19,4,8,0,0,1,1,0,0,0,1,1,2,2,2,27,6,-1,-1,-1,-1,1,E01028001,0,-1
2020010276075,2020,010276075,1,1,9,99,99,9,9,99,99,1,9,99,9,99,9,1,6,6,2,47,8,-1,-1,-1,-1,2,E01003299,0,-1
2020010250428,2020,010250428,1,3,0,18,19,7,3,0,0,1,0,0,0,0,2,1,1,1,1,22,5,-1,-1,-1,-1,4,E01001185,0,-1
2020010250443,2020,010250443,2,9,0,99,99,9,9,99,99,9,9,99,9,99,1,9,6,6,3,24,5,-1,-1,-1,-1,5,E01002447,0,-1
202063A004020,2020,63A004020,2,9,0,13,13,4,7,0,0,0,0,0,0,0,0,1,6,6,3,-1,-1,-1,-1,-1,-1,-1,-1,0,-1
2020010246055,2020,010246055,2,9,0,99,99,9,9,99,99,9,9,99,9,99,4,9,6,6,3,-1,-1,-1,-1,-1,-1,-1,-1,0,-1
2020010264017,2020,010264017,2,1,0,9,9,3,1,0,0,2,5,0,0,0,0,1,6,6,1,31,6,-1,-1,-1,-1,4,E01004016,0,-1
2020010269317,2020,010269317,2,1,0,18,19,1,5,0,0,1,0,0,0,0,0,1,6,6,1,50,8,-1,-1,-1,-1,9,E01001521,0,-1
2020170H10540,2020,170H10540,1,1,0,18,19,1,5,0,0,8,0,0,0,0,1,1,6,6,1,11,3,-1,-1,-1,-1,8,E01033465,0,-1
20201372H0610,2020,1372H0610,2,1,0,18,19,5,1,0,0,8,0,0,0,0,3,1,1,1,1,31,6,-1,-1,-1,-1,3,E01033011,0,-1
2020122000783,2020,122000783,1,9,0,18,19,7,3,0,0,1,0,0,0,0,4,1,1,1,1,34,6,-1,-1,-1,-1,9,E01027737,0,-1
2020440164118,2020,440164118,1,1,0,18,19,1,5,0,0,0,0,0,0,0,1,1,6,6,1,32,6,-1,-1,-1,-1,6,E01017018,0,-1
2020302001058,2020,302001058,2,3,0,17,19,4,8,0,0,1,0,0,0,0,1,1,6,6,1,17,4,-1,-1,-1,-1,5,E01019741,0,-1
2020010255279,2020,010255279,2,9,0,99,99,9,9,99,99,9,9,99,9,99,0,9,6,6,3,-1,-1,-1,-1,-1,-1,-1,-1,0,-1
2020440242750,2020,440242750,2,1,0,16,19,2,4,0,0,0,0,0,0,0,3,1,6,6,2,11,3,-1,-1,-1,-1,7,E01023271,0,-1
2020200956027,2020,200956027,1,9,0,18,19,3,5,0,0,0,0,0,0,0,1,1,6,6,3,-1,-1,-1,-1,-1,-1,-1,-1,0,-1
2020440275637,2020,440275637,2,9,0,6,6,0,1,0,0,1,0,0,0,0,0,1,6,6,1,54,8,-1,-1,-1,-1,4,E01022671,0,-1
2020420960739,2020,420960739,4,9,0,2,2,0,0,0,0,0,0,0,0,0,2,1,6,6,3,-1,-1,-1,-1,-1,-1,-1,-1,0,-1
2020010237318,2020,010237318,1,1,9,99,99,9,9,99,99,9,9,99,9,99,1,-1,6,6,1,34,6,-1,-1,-1,-1,4,E01003268,0,-1
202060Y153929,2020,60Y153929,1,9,0,18,19,5,1,0,0,0,0,0,0,0,1,1,6,6,1,80,11,-1,-1,-1,-1,-1,-1,0,-1
2020052001227,2020,052001227,2,9,0,18,19,1,5,0,0,1,0,0,0,0,1,1,6,6,2,-1,-1,-1,-1,-1,-1,-1,-1,0,-1
2020140980302,2020,140980302,1,9,0,18,19,3,7,0,0,0,0,12,0,0,4,1,6,6,3,-1,-1,-1,-1,-1,-1,-1,-1,0,-1
2020370962594,2020,370962594,2,1,0,18,19,-1,-1,0,0,0,0,0,0,0,2,1,6,6,1,29,6,-1,-1,-1,-1,6,E01030275,0,-1
2020010285868,2020,010285868,2,1,0,18,19,1,5,0,0,1,0,0,0,0,4,1,1,1,2,36,7,-1,-1,-1,-1,6,E01000871,0,-1
2020010255514,2020,010255514,2,9,0,18,19,3,7,0,0,2,0,0,0,0,1,1,6,6,3,-1,-1,-1,-1,-1,-1,-1,-1,0,-1
2020470995118,2020,470995118,2,1,0,18,19,3,7,0,0,0,0,0,0,0,3,1,6,6,1,23,5,-1,-1,-1,-1,9,E01031772,0,-1
202060Y147643,2020,60Y147643,2,9,0,10,10,6,3,0,0,1,0,0,0,0,4,1,6,6,2,45,7,-1,-1,-1,-1,-1,-1,0,-1
2020470927615,2020,470927615,2,1,0,18,19,6,2,0,0,8,0,0,0,0,3,1,6,6,1,21,5,-1,-1,-1,-1,4,E01016890,0,-1
2020460974966,2020,460974966,1,9,0,18,19,5,1,0,0,0,0,0,0,0,4,1,6,6,3,-1,-1,-1,-1,-1,-1,-1,-1,0,-1
2020400970030,2020,400970030,1,9,0,5,5,7,3,0,0,4,0,0,0,0,1,1,5,6,1,40,7,-1,-1,-1,-1,5,E01023358,0,-1
2020041004462,2020,041004462,3,9,0,2,2,0,0,0,0,0,0,0,0,0,2,1,6,6,3,-1,-1,-1,-1,-1,-1,-1,-1,0,-1
2020220969743,2020,220969743,1,1,0,18,19,7,3,0,0,0,0,0,0,0,3,1,6,6,1,51,8,-1,-1,-1,-1,10,E01028845,0,-1
2020052002708,2020,052002708,2,1,0,18,19,5,1,0,0,8,0,0,0,0,1,1,6,6,1,34,6,-1,-1,-1,-1,2,E01007176,0,-1
2020010265619,2020,010265619,2,1,0,18,19,5,1,4,4,0,0,0,0,0,1,1,2,2,1,27,6,-1,-1,-1,-1,2,E01000955,0,-1
2020010267820,2020,010267820,3,1,0,14,14,5,1,0,0,0,0,4,0,0,1,1,6,6,1,32,6,-1,-1,-1,-1,3,E01004452,0,-1
2020070323480,2020,070323480,2,1,0,16,19,7,3,0,0,0,0,0,0,0,3,1,1,1,1,34,6,-1,-1,-1,-1,1,E01005205,0,-1
2020010281148,2020,010281148,2,1,0,9,9,6,4,0,0,2,0,0,0,0,2,1,2,2,1,59,9,-1,-1,-1,-1,2,E01004398,0,-1
2020230939725,2020,230939725,1,9,0,13,13,7,3,0,0,0,0,0,0,0,4,1,6,6,3,34,6,-1,-1,-1,-1,-1,-1,0,-1
2020470957456,2020,470957456,3,1,0,18,19,1,5,0,0,1,0,0,0,0,1,1,6,6,1,43,7,-1,-1,-1,-1,2,E01002087,0,-1
2020360995605,2020,360995605,1,17,0,18,19,-1,-1,0,0,0,0,0,0,0,0,1,6,6,1,62,9,-1,-1,-1,-1,5,E01026591,0,-1
202006M178452,2020,06M178452,2,1,0,18,19,6,2,0,0,8,0,0,0,0,1,1,6,6,1,18,4,-1,-1,-1,-1,5,E01005301,0,-1
2020010253181,2020,010253181,2,9,0,99,99,9,9,99,99,9,9,99,9,99,1,9,6,6,3,-1,-1,-1,-1,-1,-1,-1,-1,0,-1
20201378B1939,2020,1378B1939,2,1,0,18,19,5,1,9,9,1,0,0,0,0,1,1,6,6,1,15,3,-1,-1,-1,-1,1,E01011434,0,-1
2020100951927,2020,100951927,1,9,0,2,2,8,5,0,0,1,0,0,0,0,4,1,6,6,1,30,6,-1,-1,-1,-1,-1,-1,0,-1
2020520004929,2020,520004929,2,9,0,18,19,5,1,0,0,0,1,0,0,0,1,1,6,6,1,29,6,-1,-1,-1,-1,8,E01014771,0,-1
2020040945204,2020,040945204,2,1,0,18,19,7,3,0,0,0,0,0,0,0,3,1,6,6,1,15,3,-1,-1,-1,-1,8,E01012613,0,-1
2020010277413,2020,010277413,2,9,0,99,99,9,9,99,99,9,9,99,9,99,9,9,6,6,1,70,10,-1,-1,-1,-1,8,E01002495,0,-1
2020010241158,2020,010241158,1,9,0,18,19,7,3,0,0,0,0,0,0,0,1,1,2,2,1,46,8,-1,-1,-1,-1,8,E01002495,0,-1
2020522002586,2020,522002586,2,9,0,2,2,0,0,0,0,0,0,0,0,0,3,1,6,6,2,30,6,-1,-1,-1,-1,-1,-1,0,-1
202063D067820,2020,63D067820,1,9,0,7,7,7,1,0,0,5,0,0,0,0,2,1,6,6,2,33,6,-1,-1,-1,-1,6,W01000496,0,-1
2020010273325,2020,010273325,1,-1,0,18,19,3,7,0,0,0,0,0,0,0,2,1,2,2,1,22,5,-1,-1,-1,-1,2,E01002784,1,-1
2020460961356,2020,460961356,2,1,0,17,19,4,1,0,0,1,0,0,0,0,1,1,6,6,1,62,9,-1,-1,-1,-1,6,E01024436,0,-1
2020230948879,2020,230948879,2,1,0,18,19,1,5,0,0,6,0,0,0,0,1,1,5,6,1,73,10,-1,-1,-1,-1,10,E01010183,0,-1
2020140927853,2020,140927853,2,9,0,13,13,1,5,0,0,0,0,0,0,0,4,1,6,6,3,-1,-1,-1,-1,-1,-1,-1,-1,0,-1
2020010252370,2020,010252370,2,9,0,12,12,1,5,0,0,8,9,0,0,99,3,9,6,6,1,-1,-1,-1,-1,-1,-1,-1,-1,0,-1
2020010263183,2020,010263183,1,19,0,18,19,7,3,0,0,2,0,0,0,0,1,2,6,6,1,49,8,-1,-1,-1,-1,5,E01002347,0,-1
2020010285036,2020,010285036,1,9,0,18,19,2,6,0,0,0,0,0,0,0,4,1,6,6,3,-1,-1,-1,-1,-1,-1,-1,-1,0,-1
2020302001244,2020,302001244,1,9,0,18,19,4,8,0,0,0,0,0,0,0,1,1,6,6,2,50,8,-1,-1,-1,-1,7,E01019843,0,-1
2020400991610,2020,400991610,2,1,0,18,19,7,3,0,0,0,0,0,0,0,1,1,5,6,1,17,4,-1,-1,-1,-1,2,E01015716,0,-1
2020430158837,2020,430158837,2,1,0,18,19,2,6,0,0,6,0,0,0,0,1,1,6,6,1,40,7,-1,-1,-1,-1,4,E01028574,0,-1
2020010286735,2020,010286735,2,9,0,99,99,9,9,99,99,9,9,99,9,99,9,9,6,6,3,-1,-1,-1,-1,-1,-1,-1,-1,0,-1
2020010246551,2020,010246551,2,9,9,99,99,9,9,0,0,1,0,99,0,0,9,9,6,6,3,-1,-1,-1,-1,-1,-1,-1,-1,0,-1
2020991017285,2020,991017285,1,19,0,18,19,1,5,0,0,0,0,0,0,0,4,1,6,6,3,30,6,-1,-1,-1,-1,-1,-1,0,-1
2020220948757,2020,220948757,1,9,0,5,5,2,8,0,0,6,0,0,0,0,1,1,5,6,1,36,7,-1,-1,-1,-1,8,E01032182,0,-1
2020010272898,2020,010272898,2,1,0,18,19,7,3,0,0,8,0,0,0,0,1,1,2,2,1,22,5,-1,-1,-1,-1,1,E01004322,0,-1
2020010274155,2020,010274155,1,1,0,18,19,5,1,0,0,2,0,0,0,0,1,1,6,6,1,20,4,-1,-1,-1,-1,10,E01023696,0,-1
2020137C61174,2020,137C61174,1,9,0,18,19,3,7,0,0,0,0,0,0,0,1,1,6,6,3,-1,-1,-1,-1,-1,-1,-1,-1,0,-1
2020010256653,2020,010256653,2,1,0,17,19,4,8,0,0,8,0,0,0,0,1,1,2,2,1,41,7,-1,-1,-1,-1,3,E01004022,0,-1
2020052000887,2020,052000887,1,9,0,1,1,3,7,0,0,0,0,0,0,0,2,1,6,6,3,-1,-1,-1,-1,-1,-1,-1,-1,0,-1
2020990978366,2020,990978366,1,9,0,18,19,7,3,0,0,8,0,0,0,0,4,1,6,6,1,50,8,-1,-1,-1,-1,-1,-1,0,-1
2020420968113,2020,420968113,1,1,0,18,19,1,5,0,0,0,1,0,0,0,1,1,6,6,1,-1,-1,-1,-1,-1,-1,-1,-1,0,-1
2020332000601,2020,332000601,1,9,0,9,9,3,1,0,0,5,0,0,0,0,3,1,6,6,1,30,6,-1,-1,-1,-1,10,E01025968,0,-1
2020010283321,2020,010283321,1,1,0,3,3,4,8,0,0,1,0,0,0,0,1,1,1,1,2,32,6,-1,-1,-1,-1,4,E01003282,0,-1
2020010278058,2020,010278058,2,9,0,99,99,9,9,99,99,9,9,99,9,99,2,9,6,6,3,-1,-1,-1,-1,-1,-1,-1,-1,0,-1
2020450996913,2020,450996913,2,9,0,16,19,6,5,0,0,2,0,0,0,0,1,1,6,6,3,45,7,-1,-1,-1,-1,-1,-1,0,-1
2020070445910,2020,070445910,2,1,0,5,5,4,2,0,0,6,0,0,0,0,2,1,6,6,1,25,5,-1,-1,-1,-1,9,E01012503,0,-1
2020052000436,2020,052000436,2,1,0,18,19,1,5,0,0,8,0,0,0,0,1,1,4,7,1,17,4,-1,-1,-1,-1,4,E01006959,0,-1
2020170S10730,2020,170S10730,1,1,0,9,9,7,5,0,0,0,0,0,0,0,1,1,6,6,1,36,7,-1,-1,-1,-1,-1,-1,0,-1
2020302000678,2020,302000678,1,1,0,18,19,8,4,0,0,0,0,0,0,0,0,1,6,6,1,33,6,-1,-1,-1,-1,1,E01013583,0,-1
2020440373853,2020,440373853,1,1,0,18,19,5,1,0,0,1,0,0,0,0,3,1,6,6,1,54,8,-1,-1,-1,-1,3,E01017111,0,-1
2020430186144,2020,430186144,1,1,0,16,19,3,6,0,0,8,0,0,0,0,1,1,6,6,1,25,5,-1,-1,-1,-1,-1,-1,0,-1
2020230970068,2020,230970068,1,9,0,18,19,6,2,0,0,0,0,0,0,0,1,1,5,6,1,59,9,-1,-1,-1,-1,3,E01009624,0,-1
2020110989378,2020,110989378,2,9,0,9,9,1,7,0,0,8,0,0,0,0,1,1,5,6,1,19,4,-1,-1,-1,-1,7,E01012334,0,-1
2020332001210,2020,332001210,1,9,0,18,19,5,1,0,0,0,0,0,0,0,0,1,6,6,1,-1,-1,-1,-1,-1,-1,-1,-1,0,-1
2020460960474,2020,460960474,2,1,0,18,19,1,5,0,0,8,0,0,0,0,3,1,6,6,1,29,6,-1,-1,-1,-1,5,E01024601,0,-1
2020111003879,2020,111003879,1,1,0,18,19,1,5,0,0,1,0,0,0,0,1,1,1,1,1,59,9,-1,-1,-1,-1,7,E01020710,0,-1
2020340E00442,2020,340E00442,1,9,0,18,19,4,8,0,0,0,0,0,0,0,1,1,6,6,3,-1,-1,-1,-1,-1,-1,-1,-1,0,-1
2020990959945,2020,990959945,2,9,0,18,19,5,1,0,0,0,0,0,0,0,2,1,1,1,1,60,9,-1,-1,-1,-1,-1,-1,0,-1
2020440379001,2020,440379001,2,9,0,16,19,2,5,0,0,8,0,10,8,11,3,1,6,6,2,61,9,-1,-1,-1,-1,9,E01022755,0,-1
2020010233210,2020,010233210,1,1,9,99,99,9,9,99,99,9,9,99,9,99,9,1,6,6,1,23,5,-1,-1,-1,-1,1,E01001730,0,-1
2020201003856,2020,201003856,1,9,0,18,19,7,3,0,0,1,0,0,0,0,1,1,6,6,3,-1,-1,-1,-1,-1,-1,-1,-1,0,-1
2020010274277,2020,010274277,2,1,0,18,19,7,3,0,0,1,0,0,0,0,1,1,6,6,2,28,6,-1,-1,-1,-1,8,E01000873,0,-1
2020010250357,2020,010250357,2,1,0,11,11,3,7,0,0,0,5,0,0,0,1,1,6,6,1,37,7,-1,-1,-1,-1,4,E01000943,0,-1
2020010238433,2020,010238433,1,9,0,5,5,3,7,0,0,1,0,10,0,0,1,1,6,6,1,51,8,-1,-1,-1,-1,8,E01001585,0,-1
2020440349226,2020,440349226,1,9,0,17,19,2,6,0,0,1,1,0,2,10,1,1,6,6,1,46,8,-1,-1,-1,-1,7,E01017323,0,-1
2020010248842,2020,010248842,2,1,9,99,99,9,9,99,99,9,9,99,9,99,9,1,6,6,1,-1,-1,-1,-1,-1,-1,-1,-1,0,-1
2020010279584,2020,010279584,2,1,0,18,19,5,1,0,0,1,0,0,0,0,2,1,1,1,1,34,6,-1,-1,-1,-1,4,E01001898,0,-1
2020010240067,2020,010240067,2,1,0,5,5,2,6,0,0,0,2,0,0,0,2,1,6,6,1,17,4,-1,-1,-1,-1,5,E01002488,0,-1
2020160975378,2020,160975378,2,90,0,18,19,1,5,0,0,0,0,0,0,0,1,1,6,6,1,16,4,-1,-1,-1,-1,5,E01013274,0,-1
2020543823720,2020,543823720,1,9,0,18,19,1,4,0,0,4,0,0,0,0,1,1,6,6,3,50,8,-1,-1,-1,-1,-1,-1,0,-1
2020410972898,2020,410972898,2,1,0,18,19,5,2,0,0,3,2,0,0,0,4,1,5,6,2,35,6,-1,-1,-1,-1,6,E01023305,0,-1
2020990961811,2020,990961811,2,1,0,5,5,5,2,0,0,8,0,0,0,0,1,1,6,6,1,18,4,-1,-1,-1,-1,2,-1,0,-1
2020010263692,2020,010263692,2,-1,0,16,19,5,1,0,0,1,0,0,0,0,3,1,6,6,1,31,6,-1,-1,-1,-1,2,E01003995,1,-1
2020122000239,2020,122000239,1,19,0,13,13,8,4,0,0,8,0,0,0,0,4,1,6,6,3,-1,-1,-1,-1,-1,-1,-1,-1,0,-1
2020010237120,2020,010237120,1,1,0,18,19,3,7,0,0,8,0,0,0,0,4,1,2,2,1,54,8,-1,-1,-1,-1,5,E01003276,0,-1
2020010257347,2020,010257347,2,1,0,18,19,3,7,0,0,6,0,0,0,0,1,1,6,6,2,54,8,-1,-1,-1,-1,7,E01001929,0,-1
2020010259224,2020,010259224,2,1,0,5,5,7,3,0,0,7,0,0,0,0,3,1,6,6,1,31,6,-1,-1,-1,-1,4,E01001974,0,-1
2020140934151,2020,140934151,1,98,0,2,2,2,2,0,0,0,0,0,0,0,3,1,6,6,3,-1,-1,-1,-1,-1,-1,-1,-1,0,-1
2020010262112,2020,010262112,1,1,9,99,99,9,9,99,99,0,9,99,9,99,9,1,2,2,1,29,6,-1,-1,-1,-1,6,E01003153,0,-1
2020010262897,2020,010262897,2,1,0,17,19,1,5,2,2,1,0,0,0,0,1,1,6,6,2,32,6,-1,-1,-1,-1,3,E01003978,0,-1
2020160978584,2020,160978584,1,9,0,18,19,1,5,0,0,6,0,0,0,0,1,1,6,6,1,-1,-1,-1,-1,-1,-1,-1,-1,0,-1
2020137BR1093,2020,137BR1093,1,9,0,18,19,2,6,0,0,0,0,0,0,0,1,1,6,6,1,40,7,-1,-1,-1,-1,7,E01019754,0,-1
2020370960724,2020,370960724,1,9,0,17,19,2,6,0,0,0,0,0,0,0,1,1,5,6,1,39,7,-1,-1,-1,-1,2,E01030023,0,-1
2020010273997,2020,010273997,2,1,0,5,5,1,5,5,5,1,0,0,0,0,1,1,6,6,2,57,9,-1,-1,-1,-1,1,E01002081,0,-1
2020010258815,2020,010258815,1,1,9,99,99,9,9,99,99,9,9,99,9,99,9,1,6,6,1,70,10,-1,-1,-1,-1,3,E01003521,0,-1
2020430358552,2020,430358552,2,1,0,3,3,8,2,0,0,1,0,0,0,0,1,1,2,2,1,53,8,-1,-1,-1,-1,3,E01017723,0,-1
2020040934870,2020,040934870,2,9,0,3,3,1,7,0,0,6,0,4,0,0,1,1,5,6,1,60,9,-1,-1,-1,-1,5,E01024873,0,-1
2020520042120,2020,520042120,4,9,0,18,19,7,3,0,0,0,0,0,0,0,1,1,1,1,1,47,8,-1,-1,-1,-1,5,E01014518,0,-1
2020010230633,2020,010230633,1,9,0,7,7,8,3,0,0,1,0,0,0,0,3,1,6,6,1,41,7,-1,-1,-1,-1,1,W01001609,0,-1
202006E278777,2020,06E278777,1,9,0,2,2,0,0,4,4,0,0,0,0,0,2,1,6,6,3,-1,-1,-1,-1,-1,-1,-1,-1,0,-1
2020010271954,2020,010271954,1,1,9,99,99,9,9,99,99,9,9,99,9,99,9,1,2,2,2,32,6,-1,-1,-1,-1,10,E01030623,0,-1
2020010238845,2020,010238845,1,5,0,99,99,9,9,99,99,9,9,99,9,99,1,1,2,2,1,37,7,-1,-1,-1,-1,3,E01003584,0,-1
2020010254248,2020,010254248,2,9,0,99,99,9,9,99,99,9,9,99,9,99,0,9,6,6,3,-1,-1,-1,-1,-1,-1,-1,-1,0,-1
2020421000529,2020,421000529,1,1,0,14,14,7,3,0,0,0,0,0,0,0,3,1,5,6,1,33,6,-1,-1,-1,-1,1,E01021990,0,-1
2020140957498,2020,140957498,2,9,0,18,19,2,6,0,0,0,0,0,0,0,1,1,6,6,3,-1,-1,-1,-1,-1,-1,-1,-1,0,-1
2020542884820,2020,542884820,1,1,0,18,19,4,8,0,0,0,0,0,0,0,1,1,6,6,1,63,9,-1,-1,-1,-1,7,E01032116,0,-1
202060Y074475,2020,60Y074475,1,9,0,7,7,6,8,0,0,5,0,0,0,0,1,1,6,6,2,30,6,-1,-1,-1,-1,-1,-1,0,-1
2020360939527,2020,360939527,2,9,0,3,3,0,0,0,0,2,0,0,0,0,2,1,4,7,1,36,7,-1,-1,-1,-1,6,E01026877,0,-1
2020010245008,2020,010245008,1,11,0,5,5,5,1,2,2,0,0,0,0,0,0,1,1,1,1,56,9,-1,-1,-1,-1,9,E01002391,0,-1
2020332000590,2020,332000590,1,9,0,17,19,2,6,0,0,0,5,0,7,4,1,1,6,6,2,18,4,-1,-1,-1,-1,10,E01025624,0,-1
2020340N02432,2020,340N02432,4,22,0,18,19,7,3,0,0,6,0,0,0,0,0,1,6,6,2,58,9,-1,-1,-1,-1,3,E01027240,0,-1
2020990921831,2020,990921831,2,1,0,18,19,2,6,0,0,1,0,0,0,0,1,1,2,2,1,41,7,-1,-1,-1,-1,1,-1,0,-1
2020137AC0300,2020,137AC0300,3,9,0,18,19,5,1,0,0,0,0,0,0,0,2,1,1,1,1,42,7,-1,-1,-1,-1,3,E01010847,0,-1
2020460943007,2020,460943007,1,9,0,4,4,6,2,0,0,0,0,0,0,0,1,1,5,6,3,-1,-1,-1,-1,-1,-1,-1,-1,0,-1
2020552100168,2020,552100168,1,1,0,18,19,6,2,0,0,0,0,0,0,0,1,1,6,6,1,24,5,-1,-1,-1,-1,-1,-1,0,-1
2020040981781,2020,040981781,1,9,0,18,19,6,2,0,0,1,0,0,0,0,4,1,6,6,3,-1,-1,-1,-1,-1,-1,-1,-1,0,-1
2020351013567,2020,351013567,2,9,0,2,2,0,0,0,0,1,0,0,0,0,2,1,6,6,3,-1,-1,-1,-1,-1,-1,-1,-1,0,-1
2020010251965,2020,010251965,2,1,0,18,19,4,8,0,0,8,5,0,0,0,2,1,6,6,1,63,9,-1,-1,-1,-1,3,E01004744,0,-1
2020010286640,2020,010286640,3,1,0,9,9,8,6,5,5,1,0,0,0,0,0,1,6,6,1,25,5,-1,-1,-1,-1,1,E01003207,0,-1
202006J171694,2020,06J171694,1,9,0,18,19,4,8,0,0,0,0,0,0,0,1,1,6,6,1,30,6,-1,-1,-1,-1,-1,-1,0,-1
2020400921602,2020,400921602,2,19,0,4,4,-1,-1,9,9,4,0,0,0,0,1,1,5,6,3,-1,-1,-1,-1,-1,-1,-1,-1,0,-1
2020500961076,2020,500961076,1,9,0,18,19,1,5,0,0,1,0,0,0,0,4,1,1,1,1,45,7,-1,-1,-1,-1,4,E01015269,0,-1
2020430055883,2020,430055883,1,2,0,18,19,3,7,5,5,0,0,0,0,0,1,1,6,6,1,35,6,-1,-1,-1,-1,2,E01028569,0,-1
202054C030520,2020,54C030520,1,9,0,18,19,5,1,0,0,0,0,0,0,0,1,1,6,6,1,28,6,-1,-1,-1,-1,4,E01032714,0,-1
2020010267934,2020,010267934,1,9,0,99,99,9,9,99,99,9,9,99,9,99,1,9,6,6,3,-1,-1,-1,-1,-1,-1,-1,-1,0,-1
2020010282779,2020,010282779,2,9,0,18,19,7,3,0,0,1,0,0,0,0,4,1,2,2,1,34,6,-1,-1,-1,-1,7,E01000693,0,-1
2020010245987,2020,010245987,3,1,0,18,19,4,8,0,0,1,0,0,0,0,1,-1,6,6,1,26,6,-1,-1,-1,-1,5,E01003072,0,-1
2020070579859,2020,070579859,2,1,0,18,19,1,5,0,0,0,5,0,0,0,1,1,6,6,1,52,8,-1,-1,-1,-1,3,E01018435,0,-1
2020552000353,2020,552000353,2,1,0,18,19,4,8,0,0,1,0,0,0,0,1,1,6,6,1,46,8,-1,-1,-1,-1,5,E01015301,0,-1
2020440052331,2020,440052331,1,1,0,18,19,5,1,0,0,1,0,0,0,0,1,1,4,7,1,13,3,-1,-1,-1,-1,1,E01017274,0,-1
2020430088109,2020,430088109,2,9,0,13,13,6,2,0,0,4,0,0,0,0,4,1,6,6,1,-1,-1,-1,-1,-1,-1,-1,-1,0,-1
2020040986341,2020,040986341,2,1,0,2,2,0,0,0,0,0,0,0,0,0,2,1,6,6,1,62,9,-1,-1,-1,-1,2,E01006879,0,-1
2020140976771,2020,140976771,2,1,0,18,19,7,4,0,0,1,0,0,0,0,1,1,6,6,1,37,7,-1,-1,-1,-1,1,E01008118,0,-1
2020460936907,2020,460936907,2,9,2,18,19,3,7,0,0,0,0,0,1,0,3,1,6,6,1,28,6,-1,-1,-1,-1,-1,-1,0,-1
2020010274702,2020,010274702,1,3,0,18,19,1,5,0,0,0,0,0,0,0,1,1,6,6,3,-1,-1,-1,-1,-1,-1,-1,-1,0,-1
2020210995373,2020,210995373,2,1,0,18,19,4,8,0,0,0,0,0,0,0,0,1,6,6,1,42,7,-1,-1,-1,-1,7,E01029743,0,-1
2020360977417,2020,360977417,1,1,0,9,9,3,7,0,0,0,0,0,0,0,2,1,5,6,1,62,9,-1,-1,-1,-1,8,E01026470,0,-1
202063A038820,2020,63A038820,2,9,0,18,19,5,1,0,0,0,0,0,0,0,1,1,6,6,3,-1,-1,-1,-1,-1,-1,-1,-1,0,-1
2020170M11270,2020,170M11270,1,9,0,18,19,5,1,0,0,0,0,0,0,0,1,1,6,6,3,-1,-1,-1,-1,-1,-1,-1,-1,0,-1
2020201009706,2020,201009706,2,1,0,18,19,1,5,0,0,8,2,0,0,0,0,1,6,6,2,54,8,-1,-1,-1,-1,4,E01009243,0,-1
2020420983164,2020,420983164,2,1,0,10,10,3,1,0,0,1,0,0,0,0,1,1,2,2,1,20,4,-1,-1,-1,-1,3,E01021276,0,-1
2020010242457,2020,010242457,1,19,9,18,19,4,8,0,0,9,9,0,9,0,1,9,-1,-1,3,-1,-1,-1,-1,-1,-1,-1,-1,0,-1
2020302001672,2020,302001672,2,1,0,18,19,2,6,0,0,8,0,0,0,0,2,1,6,6,1,57,9,-1,-1,-1,-1,2,E01019644,0,-1
2020010281910,2020,010281910,2,1,0,5,5,5,1,0,0,1,0,0,0,0,2,1,2,2,2,27,6,-1,-1,-1,-1,4,E01001898,0,-1
2020220920400,2020,220920400,1,1,0,18,19,8,4,0,0,8,0,0,0,0,1,1,5,6,1,42,7,-1,-1,-1,-1,4,E01014073,0,-1