collision_index,collision_year,collision_ref_no,vehicle_reference,vehicle_type,towing_and_articulation,vehicle_manoeuvre_historic,vehicle_manoeuvre,vehicle_direction_from,vehicle_direction_to,vehicle_location_restricted_lane_historic,vehicle_location_restricted_lane,junction_location,skidding_and_overturning,hit_object_in_carriageway,vehicle_leaving_carriageway,hit_object_off_carriageway,first_point_of_impact,vehicle_left_hand_drive,journey_purpose_of_driver_historic,journey_purpose_of_driver,sex_of_driver,age_of_driver,age_band_of_driver,engine_capacity_cc,propulsion_code,age_of_vehicle,generic_make_model,driver_imd_decile,lsoa_of_driver,escooter_flag,driver_distance_banding
2020552000431,2020,552000431,3,9,0,9,9,6,4,0,0,6,0,0,0,0,0,1,6,6,3,-1,-1,-1,-1,-1,-1,-1,-1,0,-1
2020450959340,2020,450959340,2,9,0,7,7,1,3,0,0,0,0,0,0,0,4,1,6,6,3,50,8,-1,-1,-1,-1,-1,-1,0,-1
20201378C1209,2020,1378C1209,2,9,0,9,9,1,5,0,0,1,0,0,0,0,1,1,1,1,1,56,9,-1,-1,-1,-1,1,E01011084,0,-1
2020010246829,2020,010246829,1,1,9,99,99,9,9,99,99,9,9,99,9,99,1,-1,2,2,1,34,6,-1,-1,-1,-1,2,E01003508,0,-1
2020520002373,2020,520002373,2,9,0,18,19,4,8,0,0,8,0,0,0,0,1,1,6,6,1,68,10,-1,-1,-1,-1,7,E01029199,0,-1
202031B042820,2020,31B042820,1,19,0,17,19,3,8,0,0,0,0,0,0,0,3,1,6,6,3,-1,-1,-1,-1,-1,-1,-1,-1,0,-1
2020320472091,2020,320472091,2,22,0,18,19,4,2,0,0,0,5,0,0,0,4,1,6,6,1,84,11,-1,-1,-1,-1,4,E01026067,0,-1
2020440306142,2020,440306142,2,5,0,18,19,4,8,0,0,8,0,0,0,0,1,1,6,6,1,58,9,-1,-1,-1,-1,5,E01000239,0,-1
2020010283975,2020,010283975,2,1,0,99,99,9,9,9,9,9,0,12,0,0,9,1,6,6,1,-1,-1,-1,-1,-1,-1,-1,-1,0,-1
2020030920937,2020,030920937,1,9,0,18,19,5,1,0,0,0,0,0,1,4,4,1,5,6,1,18,4,-1,-1,-1,-1,2,E01033160,0,-1
2020990974811,2020,990974811,1,9,0,7,7,3,6,0,0,8,0,0,0,0,0,1,6,6,1,25,5,-1,-1,-1,-1,-1,-1,0,-1
2020137171307,2020,137171307,2,1,0,14,14,1,5,0,0,0,0,0,0,0,1,1,6,6,2,24,5,-1,-1,-1,-1,-1,-1,0,-1
2020450927254,2020,450927254,2,9,0,18,19,1,5,0,0,0,0,0,0,0,1,1,6,6,3,33,6,-1,-1,-1,-1,-1,-1,0,-1
2020522002928,2020,522002928,2,9,0,18,19,5,1,0,0,0,0,0,0,0,1,1,6,6,3,-1,-1,-1,-1,-1,-1,-1,-1,0,-1
2020552000504,2020,552000504,2,9,0,8,8,2,4,0,0,5,0,0,0,0,2,1,1,1,1,28,6,-1,-1,-1,-1,2,E01015341,0,-1
2020450925843,2020,450925843,1,1,0,18,19,1,5,0,0,1,0,0,0,0,1,1,5,6,2,17,4,-1,-1,-1,-1,10,E01030439,0,-1
2020430226067,2020,430226067,1,19,0,7,7,4,8,0,0,0,0,0,0,0,1,1,2,2,1,31,6,-1,-1,-1,-1,5,E01028538,0,-1
2020200980461,2020,200980461,2,1,0,18,19,4,0,9,9,0,0,8,0,0,1,1,1,1,2,53,8,-1,-1,-1,-1,4,E01009035,0,-1
2020010276182,2020,010276182,1,2,0,5,5,1,5,0,0,1,0,0,0,0,3,1,1,1,1,24,5,-1,-1,-1,-1,4,E01000155,0,-1
2020200947175,2020,200947175,2,9,0,13,13,8,4,0,0,8,0,10,7,10,4,1,6,6,3,-1,-1,-1,-1,-1,-1,-1,-1,0,-1
2020990916713,2020,990916713,1,97,0,18,19,8,4,0,0,1,1,0,0,0,1,1,5,6,1,15,3,-1,-1,-1,-1,8,-1,0,-1
2020010258554,2020,010258554,1,10,0,9,9,7,5,0,0,8,0,0,6,0,4,2,1,1,1,18,4,-1,-1,-1,-1,-1,-1,0,-1
2020040962813,2020,040962813,1,1,0,18,19,1,5,9,9,0,0,0,0,0,2,1,6,6,3,-1,-1,-1,-1,-1,-1,-1,-1,0,-1
2020420943145,2020,420943145,2,1,0,18,19,7,3,0,0,0,0,11,0,0,1,1,5,6,1,52,8,-1,-1,-1,-1,8,E01021763,0,-1
202060Y179332,2020,60Y179332,1,1,0,18,19,5,1,0,0,1,0,4,0,0,1,1,6,6,1,14,3,-1,-1,-1,-1,-1,-1,0,-1
2020040931326,2020,040931326,2,1,0,17,19,5,2,0,0,8,0,0,0,0,4,1,1,1,1,27,6,-1,-1,-1,-1,5,E01025459,0,-1
2020170M20300,2020,170M20300,4,9,0,2,2,0,0,0,0,2,0,0,0,0,2,1,6,6,1,-1,-1,-1,-1,-1,-1,-1,-1,0,-1
2020200970031,2020,200970031,2,3,0,18,19,3,7,0,0,8,0,0,0,0,1,1,2,2,1,-1,-1,-1,-1,-1,-1,1,E01008911,0,-1
2020500946069,2020,500946069,2,9,0,4,4,2,6,0,0,1,0,0,0,0,2,1,5,6,1,58,9,-1,-1,-1,-1,5,E01019954,0,-1
2020140995198,2020,140995198,2,98,0,4,4,5,1,0,0,1,0,0,0,0,1,1,6,6,3,-1,-1,-1,-1,-1,-1,-1,-1,0,-1
2020010281814,2020,010281814,1,1,0,99,99,9,9,0,0,6,0,0,0,0,9,1,6,6,1,26,6,-1,-1,-1,-1,2,E01001827,0,-1
2020522002304,2020,522002304,2,1,0,18,19,5,1,5,5,0,0,0,0,0,0,1,6,6,3,-1,-1,-1,-1,-1,-1,-1,-1,0,-1
2020010255125,2020,010255125,1,1,9,13,13,6,2,5,5,0,5,0,0,99,1,1,2,2,1,40,7,-1,-1,-1,-1,1,E01033153,0,-1
2020052100019,2020,052100019,1,9,0,9,9,7,5,0,0,5,0,0,0,0,1,1,6,6,3,-1,-1,-1,-1,-1,-1,-1,-1,0,-1
2020140986007,2020,140986007,2,3,0,14,14,3,7,0,0,1,5,0,0,0,4,1,5,6,1,75,10,-1,-1,-1,-1,10,E01008044,0,-1
2020420982538,2020,420982538,2,9,0,2,2,5,4,0,0,0,0,4,0,0,2,1,6,6,3,-1,-1,-1,-1,-1,-1,-1,-1,0,-1
2020160971132,2020,160971132,1,9,0,13,13,4,8,0,0,0,0,0,0,0,1,1,6,6,3,-1,-1,-1,-1,-1,-1,-1,-1,0,-1
2020137891125,2020,137891125,1,1,0,18,19,1,5,0,0,4,0,0,0,0,3,1,6,6,1,34,6,-1,-1,-1,-1,7,E01011351,0,-1
2020470994821,2020,470994821,1,1,0,18,19,6,2,0,0,0,0,0,0,0,3,1,5,6,1,60,9,-1,-1,-1,-1,3,E01031441,0,-1
2020440391391,2020,440391391,2,9,0,2,2,0,0,0,0,8,0,0,0,0,2,1,6,6,3,-1,-1,-1,-1,-1,-1,-1,-1,0,-1
2020350962455,2020,350962455,2,9,0,9,9,7,3,0,0,0,0,0,0,0,3,1,1,1,2,23,5,-1,-1,-1,-1,5,E01021800,0,-1
2020440047746,2020,440047746,2,1,0,9,9,6,8,0,0,8,0,0,0,0,1,1,6,6,1,43,7,-1,-1,-1,-1,10,E01022644,0,-1
2020122000498,2020,122000498,1,9,4,17,19,7,4,0,0,8,0,0,0,0,4,1,6,6,3,-1,-1,-1,-1,-1,-1,-1,-1,0,-1
2020230934235,2020,230934235,1,9,0,9,9,8,5,0,0,6,0,0,0,0,1,1,5,6,2,73,10,-1,-1,-1,-1,8,E01031205,0,-1
2020430131161,2020,430131161,1,9,0,17,19,5,2,0,0,0,0,0,1,1,3,1,1,1,1,31,6,-1,-1,-1,-1,9,E01027303,0,-1
2020522100675,2020,522100675,2,9,0,18,19,2,6,0,0,1,0,0,0,0,1,1,6,6,1,54,8,-1,-1,-1,-1,5,E01014518,0,-1
2020161002077,2020,161002077,1,1,-1,-1,-1,-1,-1,-1,-1,-1,-1,-1,-1,0,-1,1,2,2,1,47,8,-1,-1,-1,-1,2,E01012903,0,-1
2020332000086,2020,332000086,1,9,0,18,19,5,1,0,0,0,0,0,0,0,1,1,6,6,1,22,5,-1,-1,-1,-1,4,E01013663,0,-1
2020470941955,2020,470941955,1,9,0,16,19,1,4,0,0,1,0,0,0,0,0,1,6,6,3,-1,-1,-1,-1,-1,-1,-1,-1,0,-1
2020070775281,2020,070775281,2,1,0,18,19,5,1,0,0,8,0,0,0,0,3,1,6,6,1,19,4,-1,-1,-1,-1,5,E01018651,0,-1
2020010249566,2020,010249566,1,1,9,99,99,9,9,99,99,9,9,99,9,99,1,1,6,6,1,30,6,-1,-1,-1,-1,4,E01003255,0,-1
2020010280886,2020,010280886,3,11,0,18,19,1,5,0,0,0,0,0,0,0,3,1,6,6,3,-1,-1,-1,-1,-1,-1,-1,-1,0,-1
2020100940384,2020,100940384,1,11,0,18,19,1,5,2,2,2,0,0,0,0,4,1,1,1,3,16,4,-1,-1,-1,-1,-1,-1,0,-1
2020160924162,2020,160924162,2,9,0,7,7,8,1,0,0,8,0,0,0,0,1,1,6,6,3,-1,-1,-1,-1,-1,-1,-1,-1,0,-1
2020010263002,2020,010263002,2,9,0,99,99,9,9,99,99,0,9,99,9,99,1,9,6,6,3,-1,-1,-1,-1,-1,-1,7,E01017643,0,-1
202006K373954,2020,06K373954,2,1,0,15,15,3,7,0,0,0,0,0,0,0,2,1,6,6,1,21,5,-1,-1,-1,-1,2,E01004876,0,-1
2020010265199,2020,010265199,2,9,0,99,99,9,9,99,99,9,9,99,9,99,1,9,6,6,3,-1,-1,-1,-1,-1,-1,2,E01004284,0,-1
2020010277262,2020,010277262,1,1,9,99,99,9,9,99,99,9,9,99,9,99,1,1,2,2,1,24,5,-1,-1,-1,-1,9,E01002571,0,-1
2020010272002,2020,010272002,1,1,9,99,99,9,9,99,99,9,9,99,9,99,9,1,2,2,1,37,7,-1,-1,-1,-1,9,E01001123,0,-1
2020410988300,2020,410988300,2,21,1,18,19,2,6,0,0,0,0,0,0,0,1,1,6,6,3,-1,-1,-1,-1,-1,-1,-1,-1,0,-1
202031C104620,2020,31C104620,2,1,0,5,5,5,1,0,0,2,0,0,0,0,3,1,1,1,1,45,7,-1,-1,-1,-1,4,E01028174,0,-1
2020010278741,2020,010278741,1,4,0,18,19,5,1,0,0,0,0,0,0,0,1,1,6,6,1,49,8,-1,-1,-1,-1,2,E01004341,0,-1
2020460931644,2020,460931644,2,9,0,18,19,5,1,0,0,0,0,0,0,0,1,1,5,6,1,21,5,-1,-1,-1,-1,2,E01024374,0,-1
2020010237357,2020,010237357,1,9,0,99,99,9,9,99,99,9,9,99,9,99,9,9,6,6,3,18,4,-1,-1,-1,-1,3,E01001505,0,-1
2020220955120,2020,220955120,1,1,0,7,7,8,2,0,0,2,0,0,0,0,2,1,5,6,1,26,6,-1,-1,-1,-1,5,E01028904,0,-1
2020010233920,2020,010233920,1,1,9,99,99,9,9,99,99,9,9,99,9,99,9,1,2,2,2,40,7,-1,-1,-1,-1,8,E01004170,0,-1
2020440284341,2020,440284341,2,1,0,18,19,5,2,0,0,8,0,0,0,0,4,1,6,6,1,65,9,-1,-1,-1,-1,3,E01017091,0,-1
2020010230298,2020,010230298,2,1,0,18,19,5,1,0,0,3,0,0,0,0,4,1,6,6,1,35,6,-1,-1,-1,-1,3,E01002587,0,-1
2020010263516,2020,010263516,1,9,0,10,10,1,5,0,0,1,9,0,0,99,2,9,2,2,2,44,7,-1,-1,-1,-1,4,E01004417,0,-1
2020140965115,2020,140965115,2,9,0,18,19,7,3,0,0,0,0,0,0,0,1,1,1,1,1,37,7,-1,-1,-1,-1,3,E01007504,0,-1
2020440126514,2020,440126514,1,9,0,4,4,6,2,0,0,1,1,7,1,11,2,1,6,6,2,27,6,-1,-1,-1,-1,6,E01023288,0,-1
202006Q167609,2020,06Q167609,2,9,0,17,19,7,4,0,0,0,0,0,0,0,1,1,6,6,1,24,5,-1,-1,-1,-1,1,E01005433,0,-1
2020552000187,2020,552000187,2,1,0,18,19,8,4,0,0,8,0,0,0,0,4,1,1,1,1,47,8,-1,-1,-1,-1,1,E01015281,0,-1
2020201025959,2020,201025959,2,8,0,2,2,0,0,0,0,1,0,0,0,0,2,1,6,6,1,64,9,-1,-1,-1,-1,1,E01009352,0,-1
2020040982250,2020,040982250,2,9,0,2,2,0,0,0,0,1,0,0,0,0,1,1,6,6,3,-1,-1,-1,-1,-1,-1,-1,-1,0,-1
2020332000732,2020,332000732,2,9,0,18,19,8,4,0,0,8,0,0,0,0,1,1,6,6,2,25,5,-1,-1,-1,-1,2,E01013625,0,-1
2020340N01972,2020,340N01972,2,9,0,18,19,7,3,0,0,8,0,0,0,0,1,1,2,2,1,24,5,-1,-1,-1,-1,-1,-1,0,-1
2020200928652,2020,200928652,1,9,0,10,10,5,3,0,0,8,1,0,0,0,1,1,6,6,2,32,6,-1,-1,-1,-1,2,E01009158,0,-1
2020010277296,2020,010277296,1,9,9,18,19,1,5,99,99,9,9,0,0,0,9,9,6,6,3,-1,-1,-1,-1,-1,-1,-1,-1,0,-1
2020470970141,2020,470970141,1,22,0,18,19,8,4,9,9,0,0,0,0,0,1,1,5,6,1,74,10,-1,-1,-1,-1,3,E01021185,0,-1
2020010233176,2020,010233176,1,9,9,99,99,9,9,99,99,1,9,99,9,99,9,9,6,6,3,-1,-1,-1,-1,-1,-1,-1,-1,0,-1
2020052000012,2020,052000012,1,9,0,16,19,3,7,0,0,8,0,0,0,0,1,1,6,6,3,-1,-1,-1,-1,-1,-1,-1,-1,0,-1
2020100967650,2020,100967650,3,9,0,2,2,6,2,0,0,8,0,0,0,0,2,1,6,6,3,-1,-1,-1,-1,-1,-1,-1,-1,0,-1
2020990932356,2020,990932356,1,9,0,4,4,8,4,0,0,0,0,0,0,0,1,1,6,6,1,20,4,-1,-1,-1,-1,-1,-1,0,-1
2020010282772,2020,010282772,2,1,0,18,19,8,4,0,0,1,0,0,0,0,1,1,1,1,1,43,7,-1,-1,-1,-1,8,E01004074,0,-1
20201375S1038,2020,1375S1038,2,1,0,18,19,3,7,0,0,8,0,0,0,0,4,1,6,6,1,34,6,-1,-1,-1,-1,1,E01011038,0,-1
2020430246388,2020,430246388,1,1,0,18,19,7,3,0,0,0,0,0,0,0,0,1,2,2,1,52,8,-1,-1,-1,-1,4,E01028632,0,-1
2020010265716,2020,010265716,2,1,0,18,19,3,7,0,0,2,0,0,0,0,1,1,6,6,1,36,7,-1,-1,-1,-1,10,E01030754,0,-1
2020141002048,2020,141002048,2,1,0,18,19,1,5,0,0,1,0,11,0,0,1,1,6,6,1,35,6,-1,-1,-1,-1,1,E01008102,0,-1
2020460951053,2020,460951053,2,1,0,4,4,4,4,0,0,1,0,0,0,0,0,1,2,2,1,54,8,-1,-1,-1,-1,1,E01024657,0,-1
2020400956087,2020,400956087,1,9,0,18,19,5,1,0,0,0,0,0,0,0,1,1,6,6,1,-1,-1,-1,-1,-1,-1,-1,-1,0,-1
2020350982885,2020,350982885,2,9,0,-1,-1,6,7,0,0,8,0,0,0,0,3,1,6,6,3,-1,-1,-1,-1,-1,-1,-1,-1,0,-1
2020211007508,2020,211007508,2,1,0,9,9,7,3,0,0,8,0,0,0,0,1,1,2,2,2,32,6,-1,-1,-1,-1,6,E01029488,0,-1
2020010253002,2020,010253002,1,9,0,99,99,9,9,99,99,9,9,99,9,99,9,9,6,6,1,65,9,-1,-1,-1,-1,3,E01001649,0,-1
2020460992383,2020,460992383,1,1,0,18,19,5,1,0,0,0,0,0,0,0,1,1,5,6,1,34,6,-1,-1,-1,-1,9,E01016176,0,-1
2020140994662,2020,140994662,2,9,0,9,9,1,2,0,0,2,0,0,0,0,1,1,5,6,1,51,8,-1,-1,-1,-1,4,E01007797,0,-1
2020200933277,2020,200933277,1,9,0,1,1,6,2,9,9,6,0,0,0,0,2,1,6,6,3,-1,-1,-1,-1,-1,-1,-1,-1,0,-1
2020460920371,2020,460920371,1,9,0,18,19,1,5,0,0,0,0,0,0,0,1,1,6,6,3,-1,-1,-1,-1,-1,-1,-1,-1,0,-1
2020421000499,2020,421000499,2,1,0,18,19,4,8,0,0,0,0,0,0,0,3,1,5,6,2,47,8,-1,-1,-1,-1,9,E01022072,0,-1
2020010271346,2020,010271346,1,1,9,99,99,9,9,99,99,9,9,99,9,99,2,1,2,2,1,25,5,-1,-1,-1,-1,3,E01000577,0,-1
2020010255877,2020,010255877,3,1,0,14,14,1,5,0,0,1,0,0,0,0,1,1,6,6,1,51,8,-1,-1,-1,-1,4,E01002017,0,-1
2020052002008,2020,052002008,2,1,0,18,19,1,5,0,0,3,0,0,0,0,3,1,6,6,2,23,5,-1,-1,-1,-1,1,E01006863,0,-1
2020010252204,2020,010252204,1,1,9,99,99,9,9,99,99,8,9,99,9,99,9,1,2,2,1,36,7,-1,-1,-1,-1,6,E01001948,0,-1
2020370941387,2020,370941387,2,9,0,18,19,7,1,0,0,2,0,0,0,0,1,1,6,6,1,41,7,-1,-1,-1,-1,3,E01029962,0,-1
2020010273805,2020,010273805,3,21,0,99,99,9,9,0,0,8,0,0,0,0,4,1,6,6,3,-1,-1,-1,-1,-1,-1,-1,-1,0,-1
2020440369977,2020,440369977,2,9,0,9,9,2,8,0,0,6,0,0,0,0,3,1,6,6,1,24,5,-1,-1,-1,-1,5,E01022656,0,-1
2020302000867,2020,302000867,2,1,0,18,19,6,3,0,0,1,0,0,0,0,1,1,6,6,1,55,8,-1,-1,-1,-1,7,E01019656,0,-1
202006F276246,2020,06F276246,2,1,0,18,19,3,8,0,0,1,0,0,0,0,1,1,6,6,1,28,6,-1,-1,-1,-1,5,E01005687,0,-1
2020990938226,2020,990938226,2,1,0,17,19,4,8,0,0,8,0,0,0,0,1,1,1,1,1,68,10,-1,-1,-1,-1,-1,-1,0,-1
2020370946454,2020,370946454,1,9,0,4,4,3,7,0,0,1,0,0,0,0,1,1,2,2,2,23,5,-1,-1,-1,-1,10,E01030180,0,-1
2020010268108,2020,010268108,2,9,0,7,7,7,1,0,0,6,0,0,0,0,1,1,6,6,1,48,8,-1,-1,-1,-1,5,E01001322,0,-1
2020460925511,2020,460925511,1,9,0,17,19,6,2,0,0,0,0,0,0,0,1,1,5,6,1,76,11,-1,-1,-1,-1,2,E01016140,0,-1
2020471006369,2020,471006369,2,1,0,18,19,3,7,0,0,8,0,0,0,0,1,1,2,2,2,21,5,-1,-1,-1,-1,6,E01031480,0,-1
2020010252366,2020,010252366,2,2,0,99,99,9,9,99,99,0,9,99,9,99,9,9,6,6,3,-1,-1,-1,-1,-1,-1,-1,-1,0,-1
2020010283080,2020,010283080,2,9,0,99,99,9,9,99,99,8,9,99,9,99,1,9,6,6,3,-1,-1,-1,-1,-1,-1,-1,-1,0,-1
2020430197506,2020,430197506,2,1,0,10,10,8,6,0,0,1,0,0,0,0,1,1,6,6,1,47,8,-1,-1,-1,-1,10,E01016182,0,-1
2020430089633,2020,430089633,2,9,0,18,19,5,1,0,0,0,0,0,0,0,4,1,6,6,1,-1,-1,-1,-1,-1,-1,-1,-1,0,-1
2020221001543,2020,221001543,2,1,0,3,3,2,6,0,0,1,0,0,0,0,1,1,4,7,1,13,3,-1,-1,-1,-1,-1,-1,0,-1
2020140915326,2020,140915326,2,1,0,18,19,4,8,0,0,4,0,0,0,0,1,1,6,6,1,53,8,-1,-1,-1,-1,6,E01007688,0,-1
2020500947742,2020,500947742,2,1,0,18,19,5,1,0,0,0,0,0,0,0,1,1,6,6,2,5,1,-1,-1,-1,-1,7,E01020075,0,-1
2020100960279,2020,100960279,2,1,0,18,19,7,3,0,0,0,2,0,1,0,3,1,5,6,1,30,6,-1,-1,-1,-1,2,E01008385,0,-1
2020141004302,2020,141004302,1,9,0,-1,-1,-1,-1,-1,-1,0,-1,-1,-1,0,-1,1,6,6,3,-1,-1,-1,-1,-1,-1,-1,-1,0,-1
2020522101011,2020,522101011,2,1,0,18,19,5,8,0,0,2,0,0,0,0,1,1,6,6,1,13,3,-1,-1,-1,-1,8,E01014821,0,-1
2020430089719,2020,430089719,2,9,0,18,19,2,6,0,0,0,0,0,0,0,3,1,6,6,3,-1,-1,-1,-1,-1,-1,-1,-1,0,-1
2020010242756,2020,010242756,2,9,0,99,99,9,9,99,99,9,9,99,9,99,1,9,6,6,3,-1,-1,-1,-1,-1,-1,-1,-1,0,-1
20201372B0688,2020,1372B0688,1,8,0,7,7,5,1,0,0,1,0,0,0,0,4,1,6,6,3,-1,-1,-1,-1,-1,-1,-1,-1,0,-1
2020320582407,2020,320582407,2,9,0,18,19,2,6,0,0,8,0,0,1,0,1,1,2,2,2,39,7,-1,-1,-1,-1,7,E01026039,0,-1
2020400988445,2020,400988445,1,9,0,1,1,6,2,0,0,0,0,0,0,0,2,1,6,6,3,-1,-1,-1,-1,-1,-1,-1,-1,0,-1
2020430085192,2020,430085192,1,9,0,18,19,7,3,0,0,0,0,0,0,0,4,1,6,6,2,-1,-1,-1,-1,-1,-1,-1,-1,0,-1
2020041023064,2020,041023064,1,1,0,18,19,5,1,0,0,2,0,0,0,0,1,1,6,6,1,6,2,-1,-1,-1,-1,1,E01033231,0,-1
2020440340409,2020,440340409,2,1,0,5,5,1,5,0,0,8,0,0,0,0,1,1,2,2,2,38,7,-1,-1,-1,-1,7,E01017114,0,-1
2020100920594,2020,100920594,1,9,0,1,1,7,3,0,0,0,0,0,0,0,2,1,1,1,1,41,7,-1,-1,-1,-1,-1,-1,0,-1
2020010246393,2020,010246393,1,9,0,99,99,9,9,0,0,8,0,0,0,0,9,1,-1,-1,3,-1,-1,-1,-1,-1,-1,-1,-1,0,-1
2020401000972,2020,401000972,1,9,0,3,3,5,5,0,0,1,0,0,0,0,2,1,6,6,3,-1,-1,-1,-1,-1,-1,-1,-1,0,-1
2020370938318,2020,370938318,1,1,0,18,19,1,5,0,0,0,0,0,0,0,1,1,6,6,2,19,4,-1,-1,-1,-1,9,E01033316,0,-1
2020010247227,2020,010247227,2,1,0,18,19,7,3,0,0,1,0,0,0,0,1,1,6,6,2,33,6,-1,-1,-1,-1,7,E01004297,0,-1
2020010274246,2020,010274246,2,9,0,99,99,9,9,99,99,9,9,99,9,99,9,9,6,6,1,21,5,-1,-1,-1,-1,1,E01004286,0,-1
2020430123767,2020,430123767,1,1,0,16,19,6,2,0,0,0,0,0,0,0,0,1,6,6,2,40,7,-1,-1,-1,-1,9,E01028799,0,-1
2020201003415,2020,201003415,2,1,0,18,19,4,8,0,0,8,0,0,0,0,1,1,6,6,1,39,7,-1,-1,-1,-1,3,E01009294,0,-1
2020440341679,2020,440341679,2,9,0,18,19,4,8,0,0,0,0,0,1,11,1,1,6,6,1,52,8,-1,-1,-1,-1,2,E01017188,0,-1
2020332000994,2020,332000994,1,3,0,18,19,3,7,0,0,8,1,0,7,0,2,1,2,2,1,25,5,-1,-1,-1,-1,10,E01025968,0,-1
2020480999089,2020,480999089,2,1,0,18,19,1,5,4,4,8,0,0,0,0,1,1,2,2,1,25,5,-1,-1,-1,-1,4,E01001756,0,-1
2020010252346,2020,010252346,2,1,0,9,9,3,8,0,0,1,1,0,0,0,1,1,2,2,1,37,7,-1,-1,-1,-1,3,E01003379,0,-1
202006XF75165,2020,06XF75165,1,9,0,18,19,3,7,0,0,0,0,0,0,0,1,1,6,6,1,64,9,-1,-1,-1,-1,3,E01005282,0,-1
2020010232179,2020,010232179,2,1,0,5,5,1,5,0,0,4,0,0,0,0,2,1,1,1,1,29,6,-1,-1,-1,-1,6,E01004724,0,-1
2020170S31410,2020,170S31410,1,19,0,18,19,1,5,0,0,0,0,0,0,0,1,1,6,6,3,-1,-1,-1,-1,-1,-1,-1,-1,0,-1
2020460956008,2020,460956008,1,9,0,17,19,1,2,0,0,8,0,0,0,0,3,1,6,6,3,-1,-1,-1,-1,-1,-1,-1,-1,0,-1
2020370996321,2020,370996321,1,1,0,18,19,2,6,0,0,1,0,0,0,0,0,1,5,6,1,79,11,-1,-1,-1,-1,7,E01030159,0,-1
2020410999451,2020,410999451,2,1,0,5,5,6,2,0,0,0,0,0,0,0,1,1,6,6,1,62,9,-1,-1,-1,-1,4,E01023877,0,-1
2020552001055,2020,552001055,2,1,0,18,19,2,6,0,0,8,0,0,0,0,1,1,6,6,1,24,5,-1,-1,-1,-1,6,E01015383,0,-1
2020010283698,2020,010283698,2,9,0,99,99,9,9,99,99,9,9,99,9,99,1,9,6,6,3,-1,-1,-1,-1,-1,-1,2,E01002087,0,-1
2020140987846,2020,140987846,1,9,0,9,9,6,4,0,0,1,0,0,0,0,4,1,6,6,3,-1,-1,-1,-1,-1,-1,-1,-1,0,-1
2020990930484,2020,990930484,1,9,0,2,2,0,0,0,0,1,0,0,0,0,1,1,6,6,3,-1,-1,-1,-1,-1,-1,-1,-1,0,-1
2020460984282,2020,460984282,1,9,0,5,5,2,6,0,0,2,0,0,0,0,4,1,5,6,2,45,7,-1,-1,-1,-1,4,E01024120,0,-1
2020052002468,2020,052002468,2,1,0,18,19,8,4,0,0,0,0,0,0,0,1,1,6,6,1,20,4,-1,-1,-1,-1,2,E01006912,0,-1
2020332000921,2020,332000921,1,9,0,18,19,2,6,0,0,8,0,0,0,0,1,1,6,6,1,22,5,-1,-1,-1,-1,1,E01013634,0,-1
2020522000210,2020,522000210,1,1,0,18,19,1,5,0,0,0,0,0,0,0,3,1,4,7,1,16,4,-1,-1,-1,-1,8,E01014894,0,-1
2020410987808,2020,410987808,1,19,0,18,19,5,2,0,0,0,0,0,0,0,1,1,5,6,3,-1,-1,-1,-1,-1,-1,-1,-1,0,-1
2020332000848,2020,332000848,2,9,0,4,4,6,1,0,0,0,0,0,0,0,1,1,6,6,1,33,6,-1,-1,-1,-1,2,E01013605,0,-1
2020990952358,2020,990952358,2,1,0,18,19,3,8,0,0,8,0,0,0,0,1,1,6,6,1,61,9,-1,-1,-1,-1,9,-1,0,-1
2020520000701,2020,520000701,1,1,0,18,19,3,7,0,0,8,0,0,0,0,1,1,6,6,1,32,6,-1,-1,-1,-1,8,E01032651,0,-1
2020410953518,2020,410953518,2,1,0,18,19,5,4,0,0,0,0,0,0,0,1,1,5,6,1,17,4,-1,-1,-1,-1,8,E01023708,0,-1
2020470960239,2020,470960239,2,9,0,2,2,0,0,9,9,0,0,0,0,0,2,1,6,6,3,-1,-1,-1,-1,-1,-1,-1,-1,0,-1
2020110989399,2020,110989399,2,19,0,8,8,7,1,0,0,1,0,0,0,0,1,1,5,6,1,51,8,-1,-1,-1,-1,6,E01012317,0,-1
20201379U1051,2020,1379U1051,1,9,0,18,19,3,5,0,0,1,0,0,0,0,4,1,6,6,3,-1,-1,-1,-1,-1,-1,-1,-1,0,-1
202060Y087358,2020,60Y087358,1,9,0,5,5,2,6,0,0,0,0,0,0,0,4,1,6,6,2,-1,-1,-1,-1,-1,-1,-1,-1,0,-1
2020990973369,2020,990973369,2,9,0,18,19,4,8,0,0,0,0,0,0,0,2,1,1,1,1,33,6,-1,-1,-1,-1,5,-1,0,-1
2020360968342,2020,360968342,2,19,5,18,19,6,2,0,0,1,0,0,0,0,1,1,5,6,1,54,8,-1,-1,-1,-1,7,E01026421,0,-1
2020430389758,2020,430389758,1,1,0,9,9,4,2,0,0,8,0,0,0,0,4,1,1,1,1,30,6,-1,-1,-1,-1,3,E01016377,0,-1
2020990997894,2020,990997894,2,1,0,12,12,4,8,0,0,1,0,0,0,0,2,1,5,6,1,50,8,-1,-1,-1,-1,3,-1,0,-1
2020430105374,2020,430105374,1,1,0,18,19,7,3,0,0,0,0,0,0,0,3,1,6,6,1,15,3,-1,-1,-1,-1,10,E01017764,0,-1
2020430085187,2020,430085187,2,1,0,18,19,7,3,0,0,8,0,0,0,0,4,1,6,6,1,59,9,-1,-1,-1,-1,7,E01028690,0,-1
2020052001224,2020,052001224,2,1,0,18,19,1,5,0,0,0,0,0,0,0,4,1,6,6,1,36,7,-1,-1,-1,-1,1,E01006630,0,-1
2020622000480,2020,622000480,2,1,0,18,19,3,7,0,0,8,0,0,0,0,1,1,6,6,1,62,9,-1,-1,-1,-1,10,W01001130,0,-1
20201376F0674,2020,1376F0674,1,1,0,18,19,6,2,0,0,8,0,0,0,0,4,1,6,6,2,9,2,-1,-1,-1,-1,1,E01011750,0,-1
2020010244774,2020,010244774,2,1,0,18,19,5,1,0,0,1,0,0,0,0,0,1,6,6,1,30,6,-1,-1,-1,-1,7,E01033133,0,-1
2020010263083,2020,010263083,1,1,9,99,99,9,9,99,99,9,9,99,9,99,9,1,2,2,2,40,7,-1,-1,-1,-1,4,E01004234,0,-1