collision_index,collision_year,collision_ref_no,vehicle_reference,vehicle_type,towing_and_articulation,vehicle_manoeuvre_historic,vehicle_manoeuvre,vehicle_direction_from,vehicle_direction_to,vehicle_location_restricted_lane_historic,vehicle_location_restricted_lane,junction_location,skidding_and_overturning,hit_object_in_carriageway,vehicle_leaving_carriageway,hit_object_off_carriageway,first_point_of_impact,vehicle_left_hand_drive,journey_purpose_of_driver_historic,journey_purpose_of_driver,sex_of_driver,age_of_driver,age_band_of_driver,engine_capacity_cc,propulsion_code,age_of_vehicle,generic_make_model,driver_imd_decile,lsoa_of_driver,escooter_flag,driver_distance_banding
2020440219285,2020,440219285,4,19,0,4,4,1,5,0,0,0,0,0,0,0,2,1,6,6,1,64,9,-1,-1,-1,-1,5,E01027179,0,-1
2020200995587,2020,200995587,2,1,0,18,19,-1,-1,0,0,0,0,0,0,0,2,1,6,6,1,20,4,-1,-1,-1,-1,1,E01033650,0,-1
202006L171546,2020,06L171546,1,9,0,18,19,2,6,0,0,0,0,0,0,0,1,1,6,6,2,28,6,-1,-1,-1,-1,-1,-1,0,-1
202060Y138728,2020,60Y138728,1,9,0,18,19,6,2,0,0,0,0,0,0,0,1,1,6,6,2,57,9,-1,-1,-1,-1,-1,-1,0,-1
2020010261412,2020,010261412,2,9,0,99,99,9,9,99,99,9,9,99,9,99,1,9,6,6,3,-1,-1,-1,-1,-1,-1,-1,-1,0,-1
2020160915337,2020,160915337,2,1,0,12,12,4,8,0,0,0,0,0,0,0,3,1,6,6,1,10,2,-1,-1,-1,-1,2,E01012826,0,-1
2020430148189,2020,430148189,2,1,0,18,19,1,5,0,0,8,0,0,0,0,4,1,6,6,1,33,6,-1,-1,-1,-1,7,E01016365,0,-1
2020332000943,2020,332000943,1,9,0,18,19,1,5,0,0,0,0,0,0,0,1,1,6,6,3,-1,-1,-1,-1,-1,-1,-1,-1,0,-1
2020052001225,2020,052001225,1,19,0,18,19,4,8,0,0,0,0,0,0,0,1,1,6,6,3,-1,-1,-1,-1,-1,-1,-1,-1,0,-1
2020200934239,2020,200934239,1,9,0,18,19,-1,-1,0,0,8,0,0,0,0,1,1,6,6,3,-1,-1,-1,-1,-1,-1,-1,-1,0,-1
2020010232421,2020,010232421,1,1,0,18,19,3,7,0,0,8,0,0,0,0,1,1,1,1,1,28,6,-1,-1,-1,-1,9,E01004558,0,-1
2020010242279,2020,010242279,2,2,0,18,19,5,1,0,0,1,0,0,0,0,1,1,2,2,1,38,7,-1,-1,-1,-1,6,E01000727,0,-1
2020461011109,2020,461011109,1,1,0,4,4,3,7,0,0,8,0,0,0,0,1,1,5,6,1,21,5,-1,-1,-1,-1,2,E01016039,0,-1
2020332000819,2020,332000819,1,9,0,5,5,7,3,0,0,1,0,0,0,0,1,1,6,6,1,49,8,-1,-1,-1,-1,3,E01013731,0,-1
2020500962996,2020,500962996,1,1,0,7,7,8,4,0,0,4,0,0,0,0,0,1,5,6,2,32,6,-1,-1,-1,-1,3,E01018888,0,-1
2020470955445,2020,470955445,3,9,0,2,2,0,0,0,0,0,0,0,0,0,3,1,6,6,3,-1,-1,-1,-1,-1,-1,-1,-1,0,-1
2020990986161,2020,990986161,2,1,0,18,19,8,4,0,0,1,0,0,0,0,1,1,5,6,1,66,10,-1,-1,-1,-1,9,-1,0,-1
2020470958305,2020,470958305,1,98,0,9,9,7,5,0,0,1,0,0,0,0,-1,1,6,6,3,-1,-1,-1,-1,-1,-1,-1,-1,0,-1
2020010242232,2020,010242232,1,9,0,18,19,3,7,0,0,0,0,0,0,0,1,1,2,2,1,59,9,-1,-1,-1,-1,5,E01023806,0,-1
2020430250751,2020,430250751,1,5,0,4,4,8,4,0,0,0,1,0,0,0,0,1,6,6,1,41,7,-1,-1,-1,-1,9,E01016541,0,-1
2020010277938,2020,010277938,1,1,9,99,99,9,9,99,99,9,9,99,9,99,9,1,2,2,1,32,6,-1,-1,-1,-1,2,E01001136,0,-1
2020500961390,2020,500961390,1,1,0,18,19,1,5,0,0,0,0,0,0,0,1,1,6,6,1,34,6,-1,-1,-1,-1,5,E01015225,0,-1
2020010277008,2020,010277008,2,9,0,18,19,6,2,0,0,1,0,0,0,0,1,1,6,6,3,-1,-1,-1,-1,-1,-1,-1,-1,0,-1
2020991008692,2020,991008692,2,1,0,18,19,5,1,0,0,1,0,0,0,0,1,1,5,6,2,50,8,-1,-1,-1,-1,6,-1,0,-1
2020460973296,2020,460973296,2,1,0,18,19,1,5,0,0,0,0,0,0,0,0,1,6,6,2,57,9,-1,-1,-1,-1,6,E01024456,0,-1
2020161009015,2020,161009015,1,9,0,1,1,0,3,0,0,0,0,0,0,0,4,1,1,1,1,35,6,-1,-1,-1,-1,1,E01012854,0,-1
2020990951916,2020,990951916,1,9,0,18,19,3,7,0,0,8,0,0,0,0,1,1,1,1,1,27,6,-1,-1,-1,-1,4,-1,0,-1
202006J279108,2020,06J279108,2,1,0,18,19,2,6,0,0,8,0,0,0,1,0,1,4,7,1,15,3,-1,-1,-1,-1,1,E01005905,0,-1
2020010252575,2020,010252575,2,1,0,18,19,7,3,5,5,1,0,0,0,0,1,1,6,6,1,57,9,-1,-1,-1,-1,2,E01001734,0,-1
2020360937635,2020,360937635,3,9,0,2,2,0,0,0,0,1,0,0,0,0,0,1,6,6,3,-1,-1,-1,-1,-1,-1,-1,-1,0,-1
2020122000731,2020,122000731,2,1,0,9,9,5,3,0,0,8,0,0,0,0,3,1,6,6,2,33,6,-1,-1,-1,-1,6,E01013412,0,-1
2020010259928,2020,010259928,1,2,0,18,19,1,5,0,0,1,0,0,0,0,1,1,4,7,1,40,7,-1,-1,-1,-1,4,E01003608,0,-1
202060Y078727,2020,60Y078727,1,8,0,18,19,6,2,0,0,2,0,0,0,0,1,1,1,1,1,38,7,-1,-1,-1,-1,-1,-1,0,-1
20201377O1495,2020,1377O1495,1,1,0,18,19,1,5,0,0,4,0,0,0,0,3,1,6,6,1,27,6,-1,-1,-1,-1,1,E01011375,0,-1
2020522001544,2020,522001544,1,1,0,18,19,1,5,1,1,8,0,0,0,0,1,1,6,6,1,65,9,-1,-1,-1,-1,5,E01014432,0,-1
2020470950268,2020,470950268,2,9,0,2,2,0,0,0,0,2,0,0,0,0,3,1,6,6,3,-1,-1,-1,-1,-1,-1,-1,-1,0,-1
2020410958172,2020,410958172,2,9,0,9,9,5,3,0,0,8,0,0,0,0,1,1,2,2,1,19,4,-1,-1,-1,-1,7,E01023923,0,-1
2020522101333,2020,522101333,2,1,0,18,19,7,3,0,0,8,0,0,0,0,1,1,6,6,1,62,9,-1,-1,-1,-1,3,E01014673,0,-1
202060Y178376,2020,60Y178376,1,9,0,9,9,5,3,0,0,5,0,0,0,0,1,1,6,6,1,43,7,-1,-1,-1,-1,-1,-1,0,-1
2020040950324,2020,040950324,1,1,0,5,5,3,7,0,0,0,0,0,0,0,1,1,5,6,1,57,9,-1,-1,-1,-1,-1,-1,0,-1
2020122000555,2020,122000555,1,5,0,13,13,7,3,0,0,0,0,0,7,0,1,1,6,6,1,57,9,-1,-1,-1,-1,6,E01013074,0,-1
2020010259677,2020,010259677,2,9,0,16,19,3,7,0,0,2,0,99,9,99,1,9,6,6,3,-1,-1,-1,-1,-1,-1,-1,-1,0,-1
2020137BM1096,2020,137BM1096,1,9,0,1,1,7,3,9,9,0,0,0,0,0,2,2,6,6,2,39,7,-1,-1,-1,-1,9,E01010589,0,-1
2020302001548,2020,302001548,2,1,0,18,19,5,1,0,0,8,0,0,0,0,1,1,6,6,1,59,9,-1,-1,-1,-1,7,E01019832,0,-1
2020522000980,2020,522000980,1,9,0,12,12,1,5,0,0,0,0,0,0,0,1,1,6,6,3,20,4,-1,-1,-1,-1,-1,-1,0,-1
2020350952108,2020,350952108,2,9,0,2,2,0,0,0,0,0,0,0,0,0,4,1,6,6,3,-1,-1,-1,-1,-1,-1,-1,-1,0,-1
2020052000050,2020,052000050,2,1,0,7,7,1,5,0,0,6,0,0,0,0,3,1,6,6,1,24,5,-1,-1,-1,-1,2,E01006899,0,-1
2020010255817,2020,010255817,1,1,0,18,19,7,3,0,0,1,0,0,0,0,4,1,2,2,1,44,7,-1,-1,-1,-1,4,E01031657,0,-1
2020010252616,2020,010252616,3,4,0,16,19,7,1,0,0,0,0,0,0,0,1,1,6,6,3,-1,-1,-1,-1,-1,-1,-1,-1,0,-1
2020351001092,2020,351001092,1,90,0,18,19,4,8,3,2,0,0,0,0,0,1,1,6,6,3,-1,-1,-1,-1,-1,-1,-1,-1,0,-1
2020500931611,2020,500931611,2,17,0,18,19,2,6,0,0,0,0,0,0,0,1,1,1,1,1,26,6,-1,-1,-1,-1,10,E01025651,0,-1
2020122001229,2020,122001229,1,9,0,9,9,5,3,0,0,2,0,0,0,0,4,9,6,6,3,-1,-1,-1,-1,-1,-1,-1,-1,0,-1
2020361010791,2020,361010791,1,9,0,18,19,2,7,0,0,0,0,0,0,0,0,1,6,6,3,-1,-1,-1,-1,-1,-1,-1,-1,0,-1
2020100938063,2020,100938063,1,9,0,12,12,1,5,0,0,8,0,0,7,0,1,1,1,1,1,50,8,-1,-1,-1,-1,-1,-1,0,-1
2020010240440,2020,010240440,1,1,9,18,19,1,5,0,0,2,5,0,0,99,2,1,6,6,1,28,6,-1,-1,-1,-1,5,E01000564,0,-1
2020430322431,2020,430322431,1,1,0,18,19,8,4,0,0,0,0,0,0,0,3,1,2,2,1,53,8,-1,-1,-1,-1,8,E01016549,0,-1
202031D170820,2020,31D170820,1,22,0,18,19,6,2,0,0,0,0,0,0,0,1,1,6,6,1,81,11,-1,-1,-1,-1,5,E01028132,0,-1
20201376H0903,2020,1376H0903,1,9,0,18,19,5,1,0,0,0,0,0,0,0,1,1,6,6,1,41,7,-1,-1,-1,-1,1,E01010829,0,-1
20201371N0562,2020,1371N0562,1,9,0,9,9,2,8,0,0,5,0,0,0,0,1,1,6,6,2,-1,-1,-1,-1,-1,-1,-1,-1,0,-1
2020460971381,2020,460971381,1,22,0,18,19,1,5,0,0,0,0,11,0,0,1,1,6,6,2,80,11,-1,-1,-1,-1,5,E01024383,0,-1
2020470936924,2020,470936924,2,1,0,9,9,8,5,0,0,8,5,0,0,0,4,1,2,2,2,28,6,-1,-1,-1,-1,9,E01031728,0,-1
2020440219285,2020,440219285,5,19,0,4,4,1,5,0,0,0,0,0,0,0,2,1,1,1,1,45,7,-1,-1,-1,-1,3,E01026719,0,-1
2020010230306,2020,010230306,2,1,0,15,15,1,5,0,0,1,0,0,0,0,2,1,2,2,1,49,8,-1,-1,-1,-1,8,E01004110,0,-1
202006F278499,2020,06F278499,2,1,0,18,19,6,2,0,0,0,0,0,0,0,1,1,6,6,1,35,6,-1,-1,-1,-1,1,E01005611,0,-1
2020010274327,2020,010274327,2,1,0,18,19,1,5,0,0,8,0,0,0,0,1,1,2,2,2,62,9,-1,-1,-1,-1,4,E01001450,0,-1
2020430419511,2020,430419511,2,9,0,18,19,5,1,0,0,0,0,0,1,11,1,1,6,6,1,20,4,-1,-1,-1,-1,9,E01028798,0,-1
2020401009695,2020,401009695,2,1,0,18,19,3,7,0,0,0,0,0,0,0,2,1,5,6,1,41,7,-1,-1,-1,-1,7,E01023736,0,-1
2020302001551,2020,302001551,1,9,0,4,4,1,5,0,0,0,0,0,0,0,4,1,6,6,3,-1,-1,-1,-1,-1,-1,5,E01019456,0,-1
202006K376777,2020,06K376777,2,1,0,18,19,2,6,0,0,8,0,0,0,0,1,1,6,6,1,17,4,-1,-1,-1,-1,2,E01004814,0,-1
2020350986119,2020,350986119,2,1,0,18,19,-1,-1,0,0,8,0,0,0,0,-1,1,6,6,1,30,6,-1,-1,-1,-1,9,E01018010,0,-1
2020332000213,2020,332000213,1,9,0,5,5,1,5,0,0,0,1,10,7,2,1,1,6,6,1,39,7,-1,-1,-1,-1,1,E01013628,0,-1
2020010240700,2020,010240700,2,9,0,99,99,9,9,99,99,0,9,99,9,99,9,9,6,6,3,-1,-1,-1,-1,-1,-1,-1,-1,0,-1
2020010286735,2020,010286735,1,1,9,99,99,9,9,99,99,9,9,99,9,99,1,1,2,2,1,51,8,-1,-1,-1,-1,-1,-1,0,-1
2020010268888,2020,010268888,2,9,0,99,99,9,9,0,0,9,0,99,0,0,9,1,6,6,3,-1,-1,-1,-1,-1,-1,-1,-1,0,-1
2020520003404,2020,520003404,2,9,0,3,3,8,4,0,0,0,0,0,0,1,1,1,1,1,1,-1,-1,-1,-1,-1,-1,-1,-1,0,-1
2020332000847,2020,332000847,2,9,0,14,14,7,3,0,0,0,0,0,0,0,1,1,6,6,1,30,6,-1,-1,-1,-1,7,E01025985,0,-1
2020010246975,2020,010246975,2,1,0,9,9,5,3,0,0,4,0,0,0,0,4,1,6,6,1,75,10,-1,-1,-1,-1,7,E01003800,0,-1
2020990922335,2020,990922335,1,9,0,18,19,6,2,0,0,0,5,0,7,0,1,1,2,2,1,44,7,-1,-1,-1,-1,1,-1,0,-1
2020302000679,2020,302000679,2,1,0,18,19,8,4,0,0,0,0,0,0,0,1,1,6,6,1,15,3,-1,-1,-1,-1,4,E01019851,0,-1
2020430146523,2020,430146523,2,1,0,18,19,4,8,0,0,8,0,0,0,0,1,1,6,6,1,24,5,-1,-1,-1,-1,3,E01016459,0,-1
2020010267573,2020,010267573,2,1,0,8,8,7,8,0,0,3,0,0,0,0,2,1,6,6,2,48,8,-1,-1,-1,-1,4,E01002250,0,-1
202060Y170361,2020,60Y170361,1,19,0,7,7,8,2,0,0,6,0,0,0,0,1,1,1,1,1,47,8,-1,-1,-1,-1,-1,-1,0,-1
2020010256597,2020,010256597,2,8,0,99,99,9,9,99,99,0,9,99,9,99,1,9,6,6,3,-1,-1,-1,-1,-1,-1,-1,-1,0,-1
2020230924036,2020,230924036,2,9,0,18,19,5,1,0,0,0,0,0,0,0,2,1,5,6,2,26,6,-1,-1,-1,-1,9,E01025974,0,-1
2020010232477,2020,010232477,1,1,0,18,19,1,5,0,0,0,1,0,0,0,1,1,1,1,1,43,7,-1,-1,-1,-1,8,E01003827,0,-1
2020470997713,2020,470997713,1,3,0,18,19,-1,-1,5,5,0,0,0,0,0,-1,1,6,6,3,-1,-1,-1,-1,-1,-1,-1,-1,0,-1
2020052000168,2020,052000168,1,8,0,18,19,4,8,0,0,8,0,0,0,0,4,1,1,1,3,-1,-1,-1,-1,-1,-1,-1,-1,0,-1
2020530949335,2020,530949335,3,9,0,2,2,0,0,0,0,0,0,0,0,0,2,1,6,6,3,-1,-1,-1,-1,-1,-1,-1,-1,0,-1
2020052002303,2020,052002303,2,1,0,18,19,8,4,0,0,2,0,0,0,0,1,1,6,6,1,60,9,-1,-1,-1,-1,4,E01007050,0,-1
2020010249172,2020,010249172,1,1,0,18,19,4,8,0,0,8,0,0,0,0,1,-1,6,6,1,23,5,-1,-1,-1,-1,3,E01033492,0,-1
2020010267413,2020,010267413,2,1,0,18,19,5,1,0,0,1,0,0,0,0,0,1,6,6,1,31,6,-1,-1,-1,-1,2,E01002767,0,-1
2020522004928,2020,522004928,2,21,0,1,1,8,4,0,0,0,0,0,0,0,2,1,6,6,1,45,7,-1,-1,-1,-1,-1,-1,0,-1
2020460966708,2020,460966708,1,21,1,12,12,2,4,0,0,0,0,0,0,0,1,1,1,1,1,24,5,-1,-1,-1,-1,-1,-1,0,-1
2020430298531,2020,430298531,1,19,0,16,19,4,6,0,0,1,0,0,0,0,4,1,6,6,1,-1,-1,-1,-1,-1,-1,-1,-1,0,-1
202060Y013892,2020,60Y013892,1,9,0,17,19,7,4,0,0,0,0,0,2,4,1,1,6,6,1,25,5,-1,-1,-1,-1,-1,-1,0,-1
2020010241096,2020,010241096,1,1,9,18,19,2,6,0,0,8,5,0,0,99,3,1,6,6,1,55,8,-1,-1,-1,-1,7,E01004629,0,-1
2020440223616,2020,440223616,1,1,0,18,19,8,4,0,0,8,0,0,0,0,4,1,6,6,1,48,8,-1,-1,-1,-1,10,E01032859,0,-1
2020200996211,2020,200996211,1,-1,0,18,19,6,2,9,9,0,0,0,0,0,1,1,6,6,3,-1,-1,-1,-1,-1,-1,-1,-1,1,-1
2020040976727,2020,040976727,2,1,0,18,19,3,7,0,0,1,0,0,0,0,1,1,6,6,1,32,6,-1,-1,-1,-1,6,E01025421,0,-1
2020990950241,2020,990950241,2,1,0,18,19,6,2,0,0,1,0,0,0,0,0,1,5,6,1,47,8,-1,-1,-1,-1,8,-1,0,-1
202054B634420,2020,54B634420,2,9,0,18,19,7,3,0,0,8,0,0,7,0,4,1,6,6,1,41,7,-1,-1,-1,-1,10,E01014932,0,-1
2020332000395,2020,332000395,2,9,0,17,19,1,7,0,0,0,1,0,0,0,3,1,6,6,2,34,6,-1,-1,-1,-1,9,E01025686,0,-1
20201379Q0354,2020,1379Q0354,2,9,0,4,4,4,3,0,0,1,0,0,0,0,1,1,6,6,1,-1,-1,-1,-1,-1,-1,-1,-1,0,-1
202006Q267293,2020,06Q267293,1,9,0,18,19,5,1,0,0,1,0,0,1,0,1,1,6,6,1,30,6,-1,-1,-1,-1,-1,-1,0,-1
2020161004769,2020,161004769,1,19,0,7,7,7,2,0,0,3,0,0,0,0,4,1,1,1,1,49,8,-1,-1,-1,-1,1,-1,0,-1
2020440189079,2020,440189079,2,1,0,18,19,8,4,0,0,0,0,0,1,2,1,1,6,6,1,61,9,-1,-1,-1,-1,10,E01022784,0,-1
2020450948853,2020,450948853,1,1,0,18,19,1,5,0,0,8,0,0,0,0,4,1,2,2,2,58,9,-1,-1,-1,-1,10,E01030439,0,-1
2020010253666,2020,010253666,2,8,0,99,99,9,9,99,99,9,9,99,9,99,1,9,6,6,3,-1,-1,-1,-1,-1,-1,-1,-1,0,-1
2020160960639,2020,160960639,1,11,0,18,19,6,2,0,0,0,0,0,0,0,3,1,1,1,1,43,7,-1,-1,-1,-1,3,E01012860,0,-1
2020430408344,2020,430408344,2,9,0,18,19,1,4,0,0,1,0,0,0,0,1,1,6,6,3,-1,-1,-1,-1,-1,-1,-1,-1,0,-1
2020010253408,2020,010253408,1,1,9,99,99,9,9,99,99,0,9,99,9,99,1,1,6,6,1,28,6,-1,-1,-1,-1,3,E01003035,0,-1
2020010230500,2020,010230500,2,9,0,9,9,7,6,0,0,8,0,0,0,0,4,1,6,6,2,49,8,-1,-1,-1,-1,-1,-1,0,-1
2020010262559,2020,010262559,2,9,0,18,19,-1,-1,0,0,8,0,0,0,0,1,1,6,6,3,-1,-1,-1,-1,-1,-1,-1,-1,0,-1
2020990976962,2020,990976962,1,9,0,18,19,2,6,0,0,1,0,0,0,0,1,1,1,1,1,39,7,-1,-1,-1,-1,1,-1,0,-1
2020520004503,2020,520004503,2,9,0,18,19,2,6,0,0,0,0,0,0,0,1,1,6,6,2,29,6,-1,-1,-1,-1,4,E01019049,0,-1
2020010275300,2020,010275300,2,9,0,13,13,5,1,5,5,8,0,0,0,0,0,1,6,6,3,-1,-1,-1,-1,-1,-1,-1,-1,0,-1
2020010252625,2020,010252625,2,9,0,99,99,9,9,0,0,0,9,99,9,99,1,9,6,6,3,-1,-1,-1,-1,-1,-1,7,E01016545,0,-1
2020430267572,2020,430267572,2,19,0,7,7,4,6,0,0,3,0,0,0,0,4,1,6,6,3,-1,-1,-1,-1,-1,-1,-1,-1,0,-1
2020430326855,2020,430326855,2,1,0,18,19,5,1,0,0,0,0,0,1,0,3,1,2,2,1,43,7,-1,-1,-1,-1,9,E01016303,0,-1
2020549300620,2020,549300620,2,1,0,18,19,6,2,0,0,1,0,0,0,0,3,1,6,6,1,11,3,-1,-1,-1,-1,4,E01032014,0,-1
2020460998780,2020,460998780,2,1,0,4,4,4,8,0,0,0,0,0,0,0,0,1,5,6,1,70,10,-1,-1,-1,-1,7,E01024433,0,-1
2020430191516,2020,430191516,1,1,0,18,19,5,1,0,0,0,0,0,0,0,1,1,6,6,2,13,3,-1,-1,-1,-1,7,E01017925,0,-1
2020460963218,2020,460963218,2,1,0,18,19,7,3,0,0,1,0,0,0,0,1,1,6,6,1,52,8,-1,-1,-1,-1,9,E01021231,0,-1
2020461002513,2020,461002513,1,1,0,18,19,7,3,0,0,1,0,0,1,0,1,1,6,6,1,10,2,-1,-1,-1,-1,9,E01024851,0,-1
2020370929101,2020,370929101,2,9,0,2,2,0,0,0,0,0,0,0,0,0,3,1,6,6,3,-1,-1,-1,-1,-1,-1,-1,-1,0,-1
2020140925890,2020,140925890,1,8,0,8,8,2,4,0,0,1,0,0,0,0,3,1,5,6,1,32,6,-1,-1,-1,-1,1,E01007949,0,-1
2020470944044,2020,470944044,2,9,0,2,2,0,0,0,0,0,0,0,0,0,1,1,6,6,3,-1,-1,-1,-1,-1,-1,-1,-1,0,-1
2020010253226,2020,010253226,2,1,9,99,99,9,9,99,99,9,9,99,9,99,9,1,6,6,3,-1,-1,-1,-1,-1,-1,-1,-1,0,-1
2020522002546,2020,522002546,2,9,0,18,19,4,6,0,0,1,0,0,0,0,4,1,6,6,3,-1,-1,-1,-1,-1,-1,-1,-1,0,-1
2020010282014,2020,010282014,2,9,0,99,99,9,9,99,99,9,9,99,9,99,9,9,6,6,3,-1,-1,-1,-1,-1,-1,-1,-1,0,-1
202031C090320,2020,31C090320,1,18,0,4,4,5,1,1,1,0,0,0,0,0,0,1,1,1,3,-1,-1,-1,-1,-1,-1,-1,-1,0,-1
2020010279072,2020,010279072,1,1,9,99,99,9,9,99,99,9,9,99,9,99,9,1,6,6,1,33,6,-1,-1,-1,-1,4,E01002762,0,-1
202060Y140260,2020,60Y140260,1,9,0,5,5,8,4,0,0,8,0,0,0,0,3,1,1,1,2,76,11,-1,-1,-1,-1,-1,-1,0,-1
202031D175820,2020,31D175820,1,9,0,18,19,5,1,0,0,1,0,0,0,0,0,1,6,6,2,-1,-1,-1,-1,-1,-1,-1,-1,0,-1
2020500921457,2020,500921457,1,19,0,11,11,1,7,0,0,8,0,0,0,0,0,1,6,6,3,-1,-1,-1,-1,-1,-1,-1,-1,0,-1
2020010231808,2020,010231808,2,8,0,99,99,9,9,99,99,9,9,99,9,99,1,9,6,6,3,-1,-1,-1,-1,-1,-1,-1,-1,0,-1
2020461010408,2020,461010408,3,98,0,18,19,6,2,0,0,0,0,0,0,0,0,1,6,6,3,-1,-1,-1,-1,-1,-1,-1,-1,0,-1
2020052001895,2020,052001895,1,9,0,18,19,7,3,0,0,8,0,0,0,0,1,1,6,6,3,-1,-1,-1,-1,-1,-1,-1,-1,0,-1
2020010278313,2020,010278313,2,9,0,18,19,2,6,0,0,1,0,0,0,0,1,1,6,6,3,-1,-1,-1,-1,-1,-1,-1,-1,0,-1
2020010254110,2020,010254110,2,1,0,18,19,7,3,0,0,2,0,0,0,0,2,1,6,6,2,24,5,-1,-1,-1,-1,9,E01001306,0,-1
2020332000481,2020,332000481,1,19,0,9,9,6,4,0,0,5,0,0,0,0,1,1,6,6,1,50,8,-1,-1,-1,-1,7,E01026351,0,-1
2020440025829,2020,440025829,1,9,0,18,19,2,4,0,0,8,0,0,7,2,4,1,6,6,2,66,10,-1,-1,-1,-1,8,E01023221,0,-1
2020470928269,2020,470928269,2,1,0,18,19,7,3,0,0,0,0,0,0,0,3,1,6,6,1,30,6,-1,-1,-1,-1,1,E01016947,0,-1
2020332001142,2020,332001142,2,9,0,18,19,2,6,0,0,0,0,0,0,0,0,1,6,6,1,49,8,-1,-1,-1,-1,-1,-1,0,-1
2020137AJ1497,2020,137AJ1497,1,9,0,18,19,7,3,0,0,0,0,0,0,0,4,1,6,6,3,-1,-1,-1,-1,-1,-1,-1,-1,0,-1
202031D003020,2020,31D003020,1,1,0,18,19,1,5,4,4,0,0,0,0,0,0,1,6,6,1,71,10,-1,-1,-1,-1,5,E01013968,0,-1
202006G173165,2020,06G173165,1,4,0,18,19,7,3,0,0,1,0,0,0,0,1,1,6,6,1,34,6,-1,-1,-1,-1,3,E01005316,0,-1
2020470915583,2020,470915583,2,9,0,17,19,3,8,0,0,0,0,0,0,0,1,1,5,6,1,25,5,-1,-1,-1,-1,2,E01020929,0,-1
202031B128620,2020,31B128620,1,9,0,18,19,1,5,0,0,8,0,0,0,0,1,1,6,6,3,-1,-1,-1,-1,-1,-1,-1,-1,0,-1
2020360971397,2020,360971397,1,9,0,9,9,6,2,0,0,1,0,0,0,0,4,1,6,6,2,23,5,-1,-1,-1,-1,7,E01033451,0,-1
202031B146320,2020,31B146320,1,3,0,18,19,7,3,0,0,0,0,4,0,0,1,1,6,6,1,21,5,-1,-1,-1,-1,6,E01028295,0,-1
2020140933384,2020,140933384,2,9,0,2,2,0,0,9,9,0,0,0,0,0,1,1,6,6,3,-1,-1,-1,-1,-1,-1,-1,-1,0,-1
202006A375932,2020,06A375932,2,1,0,18,19,8,4,0,0,8,0,0,0,0,2,1,6,6,1,51,8,-1,-1,-1,-1,1,E01005108,0,-1
2020010258415,2020,010258415,2,1,0,18,19,6,2,0,0,1,2,0,0,0,1,1,6,6,1,44,7,-1,-1,-1,-1,9,E01004277,0,-1
2020010240031,2020,010240031,1,1,9,99,99,9,9,99,99,9,9,99,9,99,1,1,6,6,3,-1,-1,-1,-1,-1,-1,-1,-1,0,-1
202006J276285,2020,06J276285,2,1,0,18,19,5,1,0,0,8,0,0,0,0,4,1,6,6,2,30,6,-1,-1,-1,-1,6,E01005832,0,-1
2020332000781,2020,332000781,1,9,0,9,9,3,1,0,0,6,0,0,0,0,1,1,6,6,3,-1,-1,-1,-1,-1,-1,-1,-1,0,-1
2020010230829,2020,010230829,1,1,0,7,7,5,8,9,9,0,0,10,0,0,1,1,2,2,2,37,7,-1,-1,-1,-1,3,E01001238,0,-1
2020440372515,2020,440372515,1,5,0,13,13,2,6,0,0,0,0,0,0,0,1,1,6,6,1,45,7,-1,-1,-1,-1,8,E01022815,0,-1
2020160929329,2020,160929329,2,9,0,2,2,0,0,0,0,2,0,0,0,0,1,1,6,6,3,-1,-1,-1,-1,-1,-1,-1,-1,0,-1
2020211029069,2020,211029069,1,9,0,9,9,4,8,0,0,8,0,0,0,0,1,1,6,6,2,34,6,-1,-1,-1,-1,7,E01029391,0,-1
202060Y079571,2020,60Y079571,1,9,0,18,19,3,7,0,0,1,0,0,0,0,1,1,6,6,3,-1,-1,-1,-1,-1,-1,-1,-1,0,-1
2020470989434,2020,470989434,1,9,0,5,5,4,8,0,0,0,0,0,0,0,3,1,6,6,1,47,8,-1,-1,-1,-1,9,E01031685,0,-1
2020010264407,2020,010264407,1,1,9,99,99,9,9,99,99,9,9,99,9,99,9,1,6,6,1,55,8,-1,-1,-1,-1,10,E01003780,0,-1
202031C011720,2020,31C011720,2,1,0,18,19,2,6,0,0,6,0,0,0,0,4,1,6,6,1,45,7,-1,-1,-1,-1,9,E01013981,0,-1
2020070467538,2020,070467538,1,9,0,18,19,7,3,0,0,0,0,0,0,0,1,1,6,6,3,-1,-1,-1,-1,-1,-1,-1,-1,0,-1
2020200998495,2020,200998495,2,1,0,18,19,2,6,0,0,0,0,0,0,0,1,1,6,6,1,8,2,-1,-1,-1,-1,3,E01009956,0,-1
2020160999308,2020,160999308,2,9,0,9,9,6,4,0,0,1,0,0,1,0,1,1,1,1,1,22,5,-1,-1,-1,-1,6,E01007570,0,-1
2020140950291,2020,140950291,2,9,0,18,19,3,7,0,0,0,0,0,0,0,0,1,6,6,3,-1,-1,-1,-1,-1,-1,-1,-1,0,-1
2020010280094,2020,010280094,1,9,0,99,99,9,9,99,99,0,9,99,9,99,9,9,6,6,3,-1,-1,-1,-1,-1,-1,-1,-1,0,-1
202060Y080648,2020,60Y080648,2,19,0,7,7,6,8,0,0,6,0,0,0,0,4,1,1,1,1,30,6,-1,-1,-1,-1,-1,-1,0,-1
2020220959311,2020,220959311,2,1,0,18,19,7,3,0,0,8,0,0,0,0,2,1,2,2,1,49,8,-1,-1,-1,-1,5,E01028858,0,-1
2020332000282,2020,332000282,1,22,0,18,19,8,4,0,0,0,0,0,0,0,1,1,6,6,1,54,8,-1,-1,-1,-1,1,E01032602,0,-1
2020610004320,2020,610004320,1,97,0,18,19,1,5,9,9,6,1,0,0,0,1,1,6,6,1,16,4,-1,-1,-1,-1,10,W01001394,0,-1
2020010270996,2020,010270996,2,1,0,18,19,8,4,0,0,1,5,0,0,0,4,1,6,6,2,29,6,-1,-1,-1,-1,2,E01003046,0,-1
2020141006894,2020,141006894,5,9,0,2,2,0,0,0,0,0,0,0,0,0,3,1,6,6,3,-1,-1,-1,-1,-1,-1,-1,-1,0,-1
2020440230177,2020,440230177,2,1,0,3,3,6,2,0,0,2,0,0,0,0,1,1,6,6,1,55,8,-1,-1,-1,-1,10,E01022790,0,-1
2020010273824,2020,010273824,1,1,0,18,19,5,1,0,0,2,0,0,0,0,1,1,2,2,1,30,6,-1,-1,-1,-1,8,E01003138,0,-1