collision_index,collision_year,collision_ref_no,vehicle_reference,vehicle_type,towing_and_articulation,vehicle_manoeuvre_historic,vehicle_manoeuvre,vehicle_direction_from,vehicle_direction_to,vehicle_location_restricted_lane_historic,vehicle_location_restricted_lane,junction_location,skidding_and_overturning,hit_object_in_carriageway,vehicle_leaving_carriageway,hit_object_off_carriageway,first_point_of_impact,vehicle_left_hand_drive,journey_purpose_of_driver_historic,journey_purpose_of_driver,sex_of_driver,age_of_driver,age_band_of_driver,engine_capacity_cc,propulsion_code,age_of_vehicle,generic_make_model,driver_imd_decile,lsoa_of_driver,escooter_flag,driver_distance_banding
2020421006714,2020,421006714,1,9,0,4,4,1,5,0,0,1,0,0,0,0,1,1,6,6,2,60,9,-1,-1,-1,-1,-1,-1,0,-1
2020070152707,2020,070152707,1,1,0,16,19,3,7,0,0,6,0,0,0,10,1,1,6,6,2,48,8,-1,-1,-1,-1,2,E01018400,0,-1
2020470928504,2020,470928504,1,9,0,18,19,1,5,0,0,0,0,0,0,0,1,1,5,6,2,67,10,-1,-1,-1,-1,7,E01016916,0,-1
2020137BA1689,2020,137BA1689,2,1,0,18,19,1,5,0,0,0,0,0,0,0,2,1,2,2,1,18,4,-1,-1,-1,-1,10,E01011567,0,-1
2020200935534,2020,200935534,1,9,0,18,19,-1,-1,0,0,0,0,0,0,0,1,1,6,6,3,-1,-1,-1,-1,-1,-1,-1,-1,0,-1
2020990917973,2020,990917973,1,9,0,9,9,4,1,0,0,1,0,0,0,0,1,1,5,6,1,49,8,-1,-1,-1,-1,2,-1,0,-1
202006XJ76565,2020,06XJ76565,2,9,0,18,19,8,4,0,0,0,0,0,0,0,1,1,6,6,3,-1,-1,-1,-1,-1,-1,-1,-1,0,-1
202060Y034594,2020,60Y034594,2,9,0,9,9,6,4,0,0,1,0,0,0,0,3,1,6,6,1,53,8,-1,-1,-1,-1,-1,-1,0,-1
2020421003848,2020,421003848,2,1,0,18,19,7,3,0,0,8,1,0,0,0,3,1,6,6,1,15,3,-1,-1,-1,-1,5,E01021683,0,-1
202060Y030108,2020,60Y030108,1,9,0,7,7,3,5,0,0,5,0,0,0,0,1,1,1,1,1,34,6,-1,-1,-1,-1,-1,-1,0,-1
2020140979359,2020,140979359,1,1,0,15,15,3,7,0,0,0,0,0,0,0,1,1,2,2,1,36,7,-1,-1,-1,-1,9,E01008159,0,-1
202031D002820,2020,31D002820,2,1,0,18,19,2,7,0,0,8,0,0,0,0,1,1,2,2,1,45,7,-1,-1,-1,-1,7,E01028170,0,-1
2020010245712,2020,010245712,2,1,0,18,19,6,2,4,4,1,0,0,0,0,1,1,6,6,2,39,7,-1,-1,-1,-1,4,E01004531,0,-1
2020547884520,2020,547884520,2,9,0,18,19,7,3,0,0,0,0,0,0,0,4,1,6,6,1,61,9,-1,-1,-1,-1,8,E01015513,0,-1
202060Y055521,2020,60Y055521,1,1,0,18,19,6,2,0,0,0,0,0,0,0,0,1,6,6,1,75,10,-1,-1,-1,-1,-1,-1,0,-1
2020200956483,2020,200956483,3,9,0,18,19,2,6,0,0,1,0,0,0,0,1,1,6,6,3,-1,-1,-1,-1,-1,-1,-1,-1,0,-1
202031C125820,2020,31C125820,2,1,0,18,19,1,5,0,0,0,0,0,0,0,3,1,6,6,1,30,6,-1,-1,-1,-1,2,E01013961,0,-1
2020040935318,2020,040935318,1,9,0,18,19,-1,-1,0,0,1,0,0,0,0,1,1,6,6,3,-1,-1,-1,-1,-1,-1,-1,-1,0,-1
2020161008095,2020,161008095,3,9,0,11,11,7,3,0,0,6,0,0,0,0,0,1,6,6,3,-1,-1,-1,-1,-1,-1,-1,-1,0,-1
2020460984101,2020,460984101,1,9,0,18,19,6,2,0,0,0,0,0,0,0,1,1,6,6,3,-1,-1,-1,-1,-1,-1,-1,-1,0,-1
2020990970903,2020,990970903,4,9,0,2,2,0,0,0,0,0,0,0,0,0,2,1,6,6,3,-1,-1,-1,-1,-1,-1,-1,-1,0,-1
2020522002689,2020,522002689,1,9,0,18,19,5,1,0,0,8,0,0,0,0,1,1,6,6,3,50,8,-1,-1,-1,-1,-1,-1,0,-1
2020332000260,2020,332000260,2,9,0,9,9,3,1,0,0,6,0,0,0,0,4,1,2,2,2,46,8,-1,-1,-1,-1,1,E01033640,0,-1
2020451002007,2020,451002007,1,1,0,18,19,3,7,0,0,0,0,0,0,0,2,1,4,7,1,12,3,-1,-1,-1,-1,6,E01030819,0,-1
2020470970859,2020,470970859,2,9,0,18,19,7,3,0,0,8,0,0,0,0,4,1,6,6,1,33,6,-1,-1,-1,-1,6,E01031464,0,-1
2020110950115,2020,110950115,2,22,0,18,19,1,5,0,0,0,0,0,0,0,3,1,6,6,1,81,11,-1,-1,-1,-1,3,E01033206,0,-1
202031B100720,2020,31B100720,1,9,0,18,19,7,4,0,0,3,1,0,1,4,1,1,6,6,1,55,8,-1,-1,-1,-1,6,E01026842,0,-1
2020440295384,2020,440295384,2,9,0,18,19,0,0,0,0,0,0,0,0,0,3,1,6,6,3,-1,-1,-1,-1,-1,-1,-1,-1,0,-1
2020010278488,2020,010278488,1,1,9,99,99,9,9,99,99,1,9,99,9,99,1,1,2,2,2,57,9,-1,-1,-1,-1,-1,-1,0,-1
2020010244559,2020,010244559,1,1,9,99,99,9,9,99,99,9,9,99,9,99,1,-1,6,6,1,45,7,-1,-1,-1,-1,1,E01001145,0,-1
2020010260686,2020,010260686,2,1,0,17,19,4,8,0,0,1,0,0,0,0,1,1,1,1,1,39,7,-1,-1,-1,-1,3,E01002504,0,-1
2020010240024,2020,010240024,2,1,0,18,19,2,6,0,0,8,5,0,1,0,0,1,2,2,1,24,5,-1,-1,-1,-1,4,E01017199,0,-1
2020040967223,2020,040967223,3,1,0,18,19,1,5,0,0,8,1,0,0,0,3,1,5,6,2,23,5,-1,-1,-1,-1,5,E01025314,0,-1
2020546414820,2020,546414820,2,1,0,18,19,7,3,0,0,8,0,0,0,0,4,1,6,6,1,15,3,-1,-1,-1,-1,8,E01032002,0,-1
2020370935970,2020,370935970,1,90,0,18,19,1,5,0,0,0,0,0,0,0,1,1,6,6,3,-1,-1,-1,-1,-1,-1,-1,-1,0,-1
2020010258525,2020,010258525,1,9,0,18,19,5,1,0,0,1,0,0,7,11,1,1,6,6,1,57,9,-1,-1,-1,-1,5,E01000488,0,-1
2020421015133,2020,421015133,1,-1,0,-1,-1,-1,-1,-1,-1,0,-1,-1,-1,0,-1,1,6,6,1,16,4,-1,-1,-1,-1,-1,-1,1,-1
2020461007140,2020,461007140,2,9,0,4,4,7,3,0,0,0,0,0,0,0,2,1,2,2,1,50,8,-1,-1,-1,-1,7,E01016124,0,-1
202063D078120,2020,63D078120,1,9,0,18,19,3,7,0,0,0,0,0,1,4,1,1,6,6,1,40,7,-1,-1,-1,-1,8,W01000429,0,-1
2020522004704,2020,522004704,2,4,0,18,19,7,3,0,0,1,0,0,0,0,1,1,6,6,1,51,8,-1,-1,-1,-1,5,E01014840,0,-1
2020070437890,2020,070437890,1,9,0,18,19,3,1,0,0,0,0,0,0,0,1,1,2,2,2,23,5,-1,-1,-1,-1,1,E01006547,0,-1
2020010261007,2020,010261007,2,4,0,18,19,8,4,0,0,1,0,0,0,0,1,1,6,6,1,30,6,-1,-1,-1,-1,3,E01003785,0,-1
2020220935777,2020,220935777,1,9,0,17,19,8,4,0,0,0,0,0,0,0,1,1,1,1,1,34,6,-1,-1,-1,-1,5,E01014054,0,-1
2020450978101,2020,450978101,3,19,0,18,19,1,5,0,0,2,0,0,0,0,3,1,1,1,1,50,8,-1,-1,-1,-1,8,E01022591,0,-1
2020010266864,2020,010266864,2,1,0,7,7,3,5,0,0,6,0,0,0,0,1,1,2,2,2,58,9,-1,-1,-1,-1,3,E01002052,0,-1
2020440470095,2020,440470095,1,1,0,18,19,3,7,0,0,8,0,0,0,0,1,1,1,1,1,19,4,-1,-1,-1,-1,6,E01022657,0,-1
2020010244941,2020,010244941,1,9,9,99,99,9,9,99,99,0,9,99,9,99,9,1,6,6,3,-1,-1,-1,-1,-1,-1,-1,-1,0,-1
2020010247098,2020,010247098,1,1,9,99,99,9,9,99,99,8,9,99,9,99,1,1,6,6,1,30,6,-1,-1,-1,-1,2,E01003622,0,-1
2020332000744,2020,332000744,2,9,0,18,19,2,6,0,0,8,0,0,7,0,1,1,2,2,1,22,5,-1,-1,-1,-1,1,E01025934,0,-1
2020990916148,2020,990916148,2,1,0,18,19,8,4,0,0,8,0,0,0,0,4,1,5,6,1,51,8,-1,-1,-1,-1,2,-1,0,-1
2020400982613,2020,400982613,1,9,0,-1,-1,-1,-1,0,0,0,0,0,0,0,-1,1,6,6,1,-1,-1,-1,-1,-1,-1,-1,-1,0,-1
2020411014154,2020,411014154,1,98,1,1,1,5,1,0,0,0,0,0,0,0,2,1,1,1,1,59,9,-1,-1,-1,-1,-1,-1,0,-1
2020990953427,2020,990953427,3,1,0,18,19,4,8,0,0,0,0,0,0,0,0,1,5,6,1,44,7,-1,-1,-1,-1,8,-1,0,-1
2020401010567,2020,401010567,2,1,0,18,19,6,2,0,0,2,0,0,0,0,2,1,6,6,1,60,9,-1,-1,-1,-1,3,E01017514,0,-1
2020332000728,2020,332000728,2,3,0,14,14,5,1,0,0,8,0,0,0,0,4,1,6,6,1,-1,-1,-1,-1,-1,-1,-1,-1,0,-1
2020470971874,2020,470971874,2,1,0,18,19,3,7,0,0,8,0,0,7,10,1,1,6,6,1,52,8,-1,-1,-1,-1,8,E01031543,0,-1
2020010240132,2020,010240132,1,1,0,18,19,1,5,0,0,0,0,99,9,0,1,1,6,6,3,-1,-1,-1,-1,-1,-1,-1,-1,0,-1
2020010284802,2020,010284802,1,1,9,99,99,9,9,99,99,9,9,99,9,99,1,1,2,2,1,41,7,-1,-1,-1,-1,1,E01004257,0,-1
2020110991127,2020,110991127,2,1,0,18,19,1,5,0,0,8,0,0,0,0,2,1,6,6,1,46,8,-1,-1,-1,-1,9,E01012188,0,-1
2020070624400,2020,070624400,1,9,0,18,19,5,1,0,0,1,0,0,0,0,1,1,6,6,2,-1,-1,-1,-1,-1,-1,-1,-1,0,-1
2020622000082,2020,622000082,2,9,0,18,19,5,1,0,0,8,0,0,1,11,1,1,6,6,1,42,7,-1,-1,-1,-1,3,W01001760,0,-1
2020052001215,2020,052001215,2,1,0,18,19,6,2,0,0,1,1,0,0,0,3,1,2,2,2,22,5,-1,-1,-1,-1,2,E01033758,0,-1
2020010235043,2020,010235043,1,1,9,99,99,9,9,99,99,9,9,99,9,99,9,1,2,2,1,35,6,-1,-1,-1,-1,9,E01002991,0,-1
2020350959596,2020,350959596,2,1,0,18,19,4,2,0,0,8,0,0,0,0,1,1,5,6,1,15,3,-1,-1,-1,-1,10,E01018245,0,-1
2020332001215,2020,332001215,2,9,0,18,19,5,1,0,0,0,0,0,0,0,0,1,6,6,1,41,7,-1,-1,-1,-1,-1,-1,0,-1
2020460938350,2020,460938350,1,9,0,18,19,1,5,0,0,0,0,0,0,0,1,1,6,6,3,-1,-1,-1,-1,-1,-1,-1,-1,0,-1
2020160995125,2020,160995125,3,1,0,9,9,5,2,0,0,0,0,0,0,0,4,1,6,6,1,12,3,-1,-1,-1,-1,-1,-1,0,-1
2020010230931,2020,010230931,2,1,9,99,99,9,9,99,99,9,9,99,9,99,1,1,6,6,3,33,6,-1,-1,-1,-1,1,E01003986,0,-1
2020500946254,2020,500946254,2,9,0,11,11,7,1,2,2,1,0,0,0,0,4,1,1,1,2,24,5,-1,-1,-1,-1,5,E01015092,0,-1
2020501015509,2020,501015509,1,9,0,18,19,7,3,0,0,0,1,0,0,0,1,1,2,2,1,46,8,-1,-1,-1,-1,4,E01018980,0,-1
2020110989399,2020,110989399,1,1,0,18,19,1,5,9,9,1,0,0,0,0,1,1,1,1,1,15,3,-1,-1,-1,-1,1,E01012359,0,-1
2020070624170,2020,070624170,2,9,0,18,19,5,1,0,0,8,0,0,0,0,2,1,6,6,1,56,9,-1,-1,-1,-1,1,E01018563,0,-1
2020010285741,2020,010285741,2,1,0,18,19,5,1,0,0,1,0,0,0,0,2,1,2,2,1,47,8,-1,-1,-1,-1,3,E01001391,0,-1
2020052001810,2020,052001810,1,1,0,18,19,5,1,0,0,6,0,0,0,0,1,1,6,6,1,20,4,-1,-1,-1,-1,3,E01007276,0,-1
2020332001115,2020,332001115,1,9,0,18,19,7,3,0,0,0,0,0,0,0,0,1,6,6,1,51,8,-1,-1,-1,-1,-1,-1,0,-1
2020010257371,2020,010257371,2,97,0,18,19,1,5,0,0,0,0,0,0,0,1,1,6,6,3,-1,-1,-1,-1,-1,-1,-1,-1,0,-1
2020610040120,2020,610040120,1,9,0,7,7,2,4,0,0,1,0,0,0,0,0,1,6,6,1,-1,-1,-1,-1,-1,-1,-1,-1,0,-1
2020320414652,2020,320414652,2,9,0,18,19,3,7,0,0,1,1,0,0,0,1,1,6,6,2,25,5,-1,-1,-1,-1,6,E01026404,0,-1
2020332001149,2020,332001149,1,9,0,18,19,5,1,0,0,0,0,0,0,0,0,1,6,6,2,25,5,-1,-1,-1,-1,-1,-1,0,-1
2020332000095,2020,332000095,2,19,0,4,4,3,7,0,0,8,0,0,0,0,1,1,2,2,1,55,8,-1,-1,-1,-1,7,E01026051,0,-1
2020450974098,2020,450974098,1,1,5,14,14,4,8,0,0,2,5,0,0,0,3,1,5,6,2,36,7,-1,-1,-1,-1,6,E01030546,0,-1
2020010283621,2020,010283621,1,1,9,99,99,9,9,99,99,9,9,99,9,99,9,1,6,6,1,50,8,-1,-1,-1,-1,5,E01004681,0,-1
202031C104520,2020,31C104520,1,9,0,18,19,3,7,0,0,1,0,0,0,0,1,1,6,6,3,-1,-1,-1,-1,-1,-1,-1,-1,0,-1
2020440195558,2020,440195558,2,9,0,16,19,8,4,0,0,8,0,0,1,0,1,1,2,2,2,18,4,-1,-1,-1,-1,8,E01023234,0,-1
2020010258583,2020,010258583,2,1,0,18,19,7,3,9,9,1,0,0,0,0,4,1,6,6,1,8,2,-1,-1,-1,-1,5,E01001149,0,-1
2020522004080,2020,522004080,2,9,0,9,9,1,7,0,0,6,0,0,0,0,1,1,6,6,1,35,6,-1,-1,-1,-1,1,E01014597,0,-1
2020010272654,2020,010272654,1,1,9,99,99,9,9,99,99,9,9,99,9,99,9,1,2,2,1,31,6,-1,-1,-1,-1,3,E01032784,0,-1
2020220998067,2020,220998067,1,9,0,5,5,3,7,9,9,0,0,0,0,0,1,1,6,6,2,57,9,-1,-1,-1,-1,-1,-1,0,-1
202006E377060,2020,06E377060,2,1,0,18,19,4,8,0,0,8,0,0,0,0,3,1,2,2,1,36,7,-1,-1,-1,-1,9,E01005848,0,-1
2020332000960,2020,332000960,1,9,0,9,9,2,8,0,0,5,0,0,0,0,3,1,6,6,1,25,5,-1,-1,-1,-1,3,E01025706,0,-1
2020440417597,2020,440417597,2,1,0,16,19,1,4,0,0,0,0,0,0,0,3,1,2,2,1,23,5,-1,-1,-1,-1,2,E01017265,0,-1
2020990945637,2020,990945637,2,1,0,8,8,7,1,0,0,1,0,0,0,0,2,1,6,6,1,45,7,-1,-1,-1,-1,10,-1,0,-1
2020220948202,2020,220948202,1,1,0,18,19,2,6,0,0,0,0,0,1,0,4,1,5,6,1,44,7,-1,-1,-1,-1,7,E01028856,0,-1
202060Y133093,2020,60Y133093,2,1,0,18,19,4,8,0,0,0,0,0,0,0,2,1,6,6,2,18,4,-1,-1,-1,-1,-1,-1,0,-1
2020340W08972,2020,340W08972,2,9,0,3,3,7,3,0,0,0,0,0,0,0,2,1,1,1,1,53,8,-1,-1,-1,-1,4,E01027315,0,-1
2020010267766,2020,010267766,1,3,0,99,99,9,9,99,99,9,9,99,9,99,1,1,2,2,1,24,5,-1,-1,-1,-1,1,E01001788,0,-1
2020350915198,2020,350915198,1,1,0,7,7,7,1,5,5,2,0,0,0,0,4,1,5,6,1,36,7,-1,-1,-1,-1,9,E01017988,0,-1
2020220947342,2020,220947342,1,1,0,18,19,5,1,0,0,0,0,0,0,0,2,1,5,6,2,19,4,-1,-1,-1,-1,2,E01028983,0,-1
2020200972504,2020,200972504,1,19,0,14,14,7,3,0,0,0,0,0,0,0,0,1,6,6,3,-1,-1,-1,-1,-1,-1,-1,-1,0,-1
2020552000706,2020,552000706,1,9,0,12,12,5,3,0,0,6,0,0,0,0,3,1,1,1,2,22,5,-1,-1,-1,-1,3,E01029175,0,-1
2020122000454,2020,122000454,1,9,0,18,19,4,8,0,0,0,0,0,0,0,4,1,6,6,3,-1,-1,-1,-1,-1,-1,-1,-1,0,-1
2020220985289,2020,220985289,1,9,0,18,19,2,6,0,0,8,0,0,0,0,4,1,5,6,1,31,6,-1,-1,-1,-1,8,E01032316,0,-1
2020991006270,2020,991006270,2,9,0,2,2,0,0,0,0,0,0,0,0,0,2,1,1,1,1,48,8,-1,-1,-1,-1,3,-1,0,-1
2020332000773,2020,332000773,1,9,0,18,19,4,8,0,0,6,0,0,0,0,1,1,6,6,2,59,9,-1,-1,-1,-1,9,E01025778,0,-1
2020100954854,2020,100954854,2,1,0,18,19,7,3,0,0,8,0,0,0,0,3,1,2,2,1,53,8,-1,-1,-1,-1,9,E01008564,0,-1
2020360945434,2020,360945434,1,9,0,18,19,7,7,0,0,1,0,0,0,0,1,1,2,2,1,33,6,-1,-1,-1,-1,9,E01026576,0,-1
2020210997822,2020,210997822,1,9,0,4,4,3,7,0,0,0,0,0,0,0,4,1,6,6,2,50,8,-1,-1,-1,-1,5,E01032430,0,-1
2020460954327,2020,460954327,1,1,0,18,19,7,3,9,9,1,0,0,0,0,1,1,6,6,1,47,8,-1,-1,-1,-1,5,E01024525,0,-1
2020010250121,2020,010250121,2,1,9,99,99,9,9,99,99,8,9,99,9,99,1,1,6,6,3,-1,-1,-1,-1,-1,-1,-1,-1,0,-1
202031C109520,2020,31C109520,3,19,0,18,19,5,1,0,0,0,0,0,0,0,1,1,6,6,1,22,5,-1,-1,-1,-1,7,E01028402,0,-1
2020990960531,2020,990960531,3,9,0,18,19,1,5,0,0,0,0,0,0,0,3,1,1,1,1,46,8,-1,-1,-1,-1,-1,-1,0,-1
2020440260941,2020,440260941,2,1,0,18,19,7,3,0,0,8,0,0,0,0,1,1,6,6,1,62,9,-1,-1,-1,-1,7,E01023082,0,-1
2020520004847,2020,520004847,2,9,0,18,19,3,7,0,0,0,0,0,0,0,1,1,6,6,1,30,6,-1,-1,-1,-1,-1,-1,0,-1
2020010247267,2020,010247267,2,1,0,18,19,5,1,0,0,1,0,0,0,0,3,-1,1,1,1,25,5,-1,-1,-1,-1,3,E01000495,0,-1
2020010249831,2020,010249831,1,1,0,9,9,1,7,0,0,6,0,0,0,0,0,1,6,6,1,14,3,-1,-1,-1,-1,4,E01000875,0,-1
2020460916503,2020,460916503,1,9,0,16,19,3,6,0,0,0,0,0,0,0,3,1,1,1,1,23,5,-1,-1,-1,-1,1,E01024661,0,-1
2020010248684,2020,010248684,2,1,0,18,19,1,5,0,0,0,0,0,0,0,3,1,6,6,1,25,5,-1,-1,-1,-1,3,E01004259,0,-1
2020990992127,2020,990992127,1,1,0,18,19,4,8,0,0,1,1,0,0,0,1,1,6,6,2,32,6,-1,-1,-1,-1,9,-1,0,-1
2020010251714,2020,010251714,2,1,0,4,4,1,5,4,4,1,0,4,0,0,1,-1,2,2,2,30,6,-1,-1,-1,-1,9,E01030389,0,-1
2020440382009,2020,440382009,1,8,0,5,5,2,6,0,0,0,0,0,0,0,1,1,1,1,3,-1,-1,-1,-1,-1,-1,-1,-1,0,-1
2020410945521,2020,410945521,2,1,0,5,5,1,2,0,0,8,0,0,0,0,2,1,5,6,1,36,7,-1,-1,-1,-1,9,E01023676,0,-1
2020201002883,2020,201002883,1,1,0,18,19,-1,-1,0,0,0,0,0,0,0,0,1,6,6,1,23,5,-1,-1,-1,-1,2,E01010405,0,-1
2020552000617,2020,552000617,1,9,0,18,19,3,7,0,0,0,0,0,0,0,1,1,6,6,3,-1,-1,-1,-1,-1,-1,-1,-1,0,-1
2020450980549,2020,450980549,1,1,0,5,5,1,1,0,0,5,0,0,0,0,1,1,6,6,1,50,8,-1,-1,-1,-1,10,E01030323,0,-1
2020170S11390,2020,170S11390,1,9,0,7,7,8,3,0,0,8,0,0,3,11,1,1,6,6,1,27,6,-1,-1,-1,-1,-1,-1,0,-1
2020010277373,2020,010277373,1,9,0,3,3,3,7,0,0,9,0,0,0,0,9,9,6,6,3,-1,-1,-1,-1,-1,-1,-1,-1,0,-1
2020010252049,2020,010252049,2,9,0,99,99,9,9,99,99,9,9,99,9,99,9,9,6,6,3,-1,-1,-1,-1,-1,-1,-1,-1,0,-1
2020360920005,2020,360920005,2,9,0,3,3,1,5,0,0,0,0,0,0,0,2,1,5,6,2,43,7,-1,-1,-1,-1,6,E01026451,0,-1
2020340D03862,2020,340D03862,1,9,0,18,19,7,3,0,0,1,0,0,0,0,0,1,6,6,2,57,9,-1,-1,-1,-1,-1,-1,0,-1
2020552001006,2020,552001006,1,19,0,16,19,8,2,0,0,0,0,0,0,0,0,1,6,6,3,-1,-1,-1,-1,-1,-1,-1,-1,0,-1
2020420979996,2020,420979996,1,21,1,12,12,5,7,0,0,0,0,0,0,0,1,2,1,1,1,41,7,-1,-1,-1,-1,-1,-1,0,-1
2020052001404,2020,052001404,1,10,0,18,19,5,1,0,0,0,0,0,0,0,0,1,1,1,1,60,9,-1,-1,-1,-1,-1,-1,0,-1
2020990992925,2020,990992925,1,9,0,18,19,7,3,0,0,0,0,12,0,0,4,1,6,6,3,18,4,-1,-1,-1,-1,-1,-1,0,-1
2020211013712,2020,211013712,1,1,0,4,4,6,4,9,9,0,0,0,0,0,1,1,6,6,1,13,3,-1,-1,-1,-1,2,E01029716,0,-1
2020440002019,2020,440002019,2,1,0,18,19,8,4,0,0,8,0,0,0,0,1,1,2,2,1,48,8,-1,-1,-1,-1,1,E01017236,0,-1
2020991008551,2020,991008551,1,1,0,5,5,2,6,0,0,5,0,0,0,0,3,1,6,6,1,83,11,-1,-1,-1,-1,6,-1,0,-1
2020410973488,2020,410973488,2,9,0,7,7,1,5,0,0,1,0,0,0,0,2,1,2,2,1,19,4,-1,-1,-1,-1,5,E01023766,0,-1
2020070750405,2020,070750405,1,1,0,18,19,4,8,0,0,0,0,0,0,0,3,1,4,7,1,14,3,-1,-1,-1,-1,-1,-1,0,-1
20201378A1960,2020,1378A1960,2,1,0,7,7,8,3,0,0,6,0,0,0,0,1,1,6,6,1,4,1,-1,-1,-1,-1,1,E01011368,0,-1
2020201006696,2020,201006696,1,9,0,9,9,8,5,0,0,5,0,0,0,0,3,1,6,6,1,-1,-1,-1,-1,-1,-1,-1,-1,0,-1
2020010231552,2020,010231552,1,1,9,99,99,9,9,99,99,9,9,99,9,99,1,-1,2,2,2,30,6,-1,-1,-1,-1,3,E01001789,0,-1
2020010286660,2020,010286660,1,9,0,7,7,6,8,0,0,1,0,0,0,0,1,1,6,6,3,-1,-1,-1,-1,-1,-1,-1,-1,0,-1
2020010251522,2020,010251522,2,10,9,99,99,9,9,99,99,9,9,99,9,99,9,9,6,6,3,-1,-1,-1,-1,-1,-1,-1,-1,0,-1
202031C130120,2020,31C130120,1,3,0,15,15,1,5,0,0,0,0,7,0,0,1,1,6,6,1,23,5,-1,-1,-1,-1,2,E01013899,0,-1
2020350931927,2020,350931927,2,9,0,2,2,0,0,0,0,1,0,0,0,0,3,1,6,6,3,-1,-1,-1,-1,-1,-1,-1,-1,0,-1
2020170M21090,2020,170M21090,1,9,0,3,3,2,6,0,0,1,0,0,0,0,2,1,6,6,2,24,5,-1,-1,-1,-1,2,E01020773,0,-1
2020430165957,2020,430165957,2,9,0,18,19,8,4,0,0,0,0,0,0,0,3,1,1,1,1,56,9,-1,-1,-1,-1,4,E01002440,0,-1
2020010250239,2020,010250239,2,1,9,18,19,1,5,99,99,9,9,99,9,99,2,1,6,6,1,-1,-1,-1,-1,-1,-1,-1,-1,0,-1
2020520003962,2020,520003962,2,1,0,18,19,3,7,0,0,0,0,0,0,0,2,1,4,7,1,10,2,-1,-1,-1,-1,-1,-1,0,-1
2020010257917,2020,010257917,2,1,0,18,19,5,1,0,0,1,0,0,0,0,3,1,6,6,1,30,6,-1,-1,-1,-1,4,E01002754,0,-1
2020332000973,2020,332000973,1,9,0,18,19,6,2,0,0,0,0,10,1,0,2,1,6,6,1,47,8,-1,-1,-1,-1,4,E01013663,0,-1
2020332000959,2020,332000959,2,21,1,4,4,1,5,0,0,0,0,0,0,0,2,1,1,1,1,54,8,-1,-1,-1,-1,5,E01018212,0,-1
2020320141616,2020,320141616,2,9,0,16,19,1,5,0,0,0,0,0,0,0,2,1,1,1,1,56,9,-1,-1,-1,-1,5,E01026373,0,-1
2020470941890,2020,470941890,2,19,0,2,2,0,0,0,0,2,0,0,0,0,1,1,6,6,3,-1,-1,-1,-1,-1,-1,-1,-1,0,-1
2020430298916,2020,430298916,2,1,0,18,19,8,4,9,9,0,0,0,0,0,1,1,6,6,1,38,7,-1,-1,-1,-1,5,E01016836,0,-1
2020440112658,2020,440112658,1,1,0,18,19,4,8,0,0,0,0,0,0,0,2,1,6,6,1,44,7,-1,-1,-1,-1,9,E01022533,0,-1
2020460966609,2020,460966609,1,21,1,18,19,1,5,0,0,0,1,0,0,0,1,1,1,1,1,54,8,-1,-1,-1,-1,-1,-1,0,-1
2020010268284,2020,010268284,1,9,0,15,15,7,3,0,0,0,0,0,7,0,2,1,1,1,1,53,8,-1,-1,-1,-1,4,E01016521,0,-1
2020010240016,2020,010240016,2,1,0,4,4,8,4,0,0,0,0,0,0,0,3,1,2,2,1,43,7,-1,-1,-1,-1,9,E01001107,0,-1
2020460990341,2020,460990341,1,9,0,18,19,5,1,0,0,0,0,0,0,0,1,1,6,6,3,-1,-1,-1,-1,-1,-1,-1,-1,0,-1
2020450965236,2020,450965236,2,1,0,9,9,3,1,0,0,4,0,0,0,0,2,1,5,6,1,46,8,-1,-1,-1,-1,7,E01003906,0,-1
2020470999883,2020,470999883,2,1,0,18,19,1,5,0,0,0,0,0,0,0,4,1,6,6,1,53,8,-1,-1,-1,-1,1,E01016885,0,-1
2020100925679,2020,100925679,1,9,0,18,19,7,3,0,0,0,0,0,0,0,1,1,6,6,3,-1,-1,-1,-1,-1,-1,-1,-1,0,-1
2020410947094,2020,410947094,2,1,0,18,19,3,7,0,0,0,5,0,1,0,2,1,5,6,1,80,11,-1,-1,-1,-1,8,E01023470,0,-1
2020990922083,2020,990922083,2,1,0,18,19,7,3,0,0,8,0,0,0,0,1,1,6,6,2,30,6,-1,-1,-1,-1,9,-1,0,-1
2020332000324,2020,332000324,3,9,0,2,2,0,0,0,0,2,0,0,0,0,3,1,6,6,3,-1,-1,-1,-1,-1,-1,-1,-1,0,-1
2020440220371,2020,440220371,1,9,0,18,19,7,3,0,0,0,0,4,0,0,1,1,6,6,1,34,6,-1,-1,-1,-1,1,E01011347,0,-1
2020010262299,2020,010262299,2,1,0,18,19,1,5,4,4,8,0,0,0,0,1,1,1,1,1,24,5,-1,-1,-1,-1,5,E01001200,0,-1
2020200990996,2020,200990996,2,1,0,18,19,4,8,0,0,0,0,0,0,0,2,1,6,6,1,37,7,-1,-1,-1,-1,1,E01009141,0,-1
2020010251688,2020,010251688,2,1,9,99,99,9,9,99,99,0,9,99,9,99,3,1,6,6,1,-1,-1,-1,-1,-1,-1,5,E01003941,0,-1
2020010241887,2020,010241887,5,19,0,18,19,7,3,0,0,0,0,0,0,0,0,1,6,6,1,31,6,-1,-1,-1,-1,5,E01016765,0,-1
2020140933627,2020,140933627,1,9,0,18,19,6,4,0,0,8,0,0,0,0,-1,1,6,6,3,-1,-1,-1,-1,-1,-1,-1,-1,0,-1
2020200981300,2020,200981300,2,9,0,18,19,2,6,0,0,2,0,0,0,0,2,1,6,6,1,36,7,-1,-1,-1,-1,1,E01009048,0,-1
2020030954802,2020,030954802,1,1,0,9,9,1,7,0,0,2,0,0,0,0,1,1,6,6,1,40,7,-1,-1,-1,-1,-1,-1,0,-1
2020450947495,2020,450947495,2,9,0,9,9,3,7,0,0,1,0,0,0,0,1,1,6,6,2,75,10,-1,-1,-1,-1,10,E01030525,0,-1
2020140931502,2020,140931502,2,9,0,7,7,1,4,0,0,1,0,0,0,0,1,1,6,6,2,-1,-1,-1,-1,-1,-1,-1,-1,0,-1
2020470979054,2020,470979054,1,97,0,18,19,7,3,0,0,1,0,0,0,0,4,1,6,6,3,-1,-1,-1,-1,-1,-1,-1,-1,0,-1