collision_index,collision_year,collision_ref_no,vehicle_reference,vehicle_type,towing_and_articulation,vehicle_manoeuvre_historic,vehicle_manoeuvre,vehicle_direction_from,vehicle_direction_to,vehicle_location_restricted_lane_historic,vehicle_location_restricted_lane,junction_location,skidding_and_overturning,hit_object_in_carriageway,vehicle_leaving_carriageway,hit_object_off_carriageway,first_point_of_impact,vehicle_left_hand_drive,journey_purpose_of_driver_historic,journey_purpose_of_driver,sex_of_driver,age_of_driver,age_band_of_driver,engine_capacity_cc,propulsion_code,age_of_vehicle,generic_make_model,driver_imd_decile,lsoa_of_driver,escooter_flag,driver_distance_banding
2020420984699,2020,420984699,3,9,0,18,19,1,6,0,0,0,1,1,0,0,1,1,6,6,1,59,9,2993,2,10,BMW 5 SERIES,5,E01026645,0,-1
2020110964681,2020,110964681,1,9,0,6,6,5,5,0,0,0,0,0,0,0,4,1,6,6,1,36,7,4799,1,14,BMW 5 SERIES,9,E01008772,0,-1
2020052001661,2020,052001661,2,9,0,5,5,1,5,0,0,2,0,0,3,0,1,1,2,2,2,60,9,1995,2,3,BMW 5 SERIES,10,E01006932,0,-1
2020010242863,2020,010242863,2,9,0,9,9,1,7,0,0,8,0,0,0,0,1,1,6,6,1,49,8,1995,2,12,BMW 5 SERIES,2,E01004224,0,-1
20201371D0284,2020,1371D0284,2,9,0,2,2,0,0,0,0,0,0,0,0,0,2,1,6,6,3,-1,-1,2171,1,17,BMW 5 SERIES,1,E01010653,0,-1
2020010264306,2020,010264306,2,9,0,18,19,1,5,0,0,8,0,0,0,0,1,1,1,1,1,35,6,1998,1,1,BMW 5 SERIES,3,E01003221,0,-1
2020010257135,2020,010257135,1,9,0,18,19,5,1,0,0,1,0,0,0,0,0,1,1,1,1,42,7,1998,1,1,BMW 5 SERIES,-1,-1,0,-1
2020302000546,2020,302000546,1,9,0,18,19,3,7,0,0,0,0,0,0,0,1,1,6,6,1,32,6,1991,1,20,BMW 5 SERIES,1,E01013480,0,-1
2020430059969,2020,430059969,1,9,0,18,19,3,7,0,0,0,0,0,0,0,4,1,2,2,1,48,8,1995,2,4,BMW 5 SERIES,10,E01023367,0,-1
2020622000897,2020,622000897,1,9,0,18,19,4,8,0,0,0,2,0,0,0,4,1,6,6,1,33,6,2993,2,14,BMW 5 SERIES,5,W01001829,0,-1
2020010247653,2020,010247653,1,9,0,18,19,3,7,0,0,1,0,0,0,0,0,1,1,1,1,30,6,1998,1,1,BMW 5 SERIES,4,E01003666,0,-1
2020141005107,2020,141005107,1,9,0,9,9,3,1,0,0,0,0,0,0,0,4,1,6,6,1,35,6,2497,1,14,BMW 5 SERIES,9,E01007890,0,-1
2020140926189,2020,140926189,1,9,0,9,9,8,6,0,0,5,1,0,7,10,4,1,5,6,1,59,9,2993,2,13,BMW 5 SERIES,5,E01007516,0,-1
2020460942994,2020,460942994,2,9,0,13,13,3,7,0,0,1,0,0,0,0,1,1,6,6,2,38,7,1995,2,6,BMW 5 SERIES,1,E01024308,0,-1
2020010233666,2020,010233666,1,9,0,9,9,1,6,0,0,1,0,0,0,0,0,1,1,1,1,41,7,1998,1,1,BMW 5 SERIES,8,E01017411,0,-1
2020010270417,2020,010270417,2,9,0,9,9,5,2,0,0,1,0,0,0,0,1,1,6,6,1,51,8,1995,2,9,BMW 5 SERIES,3,E01032582,0,-1
2020420984681,2020,420984681,3,9,0,18,19,3,7,0,0,1,0,0,0,0,0,1,1,1,1,38,7,2993,2,5,BMW 5 SERIES,8,E01021719,0,-1
2020010267862,2020,010267862,1,9,0,9,9,7,5,0,0,8,0,0,0,0,4,1,1,1,1,58,9,2993,2,4,BMW 5 SERIES,3,E01004034,0,-1
2020010257432,2020,010257432,1,9,0,18,19,3,7,0,0,8,0,0,0,0,4,1,6,6,1,19,4,1998,1,2,BMW 5 SERIES,-1,-1,0,-1
2020201019342,2020,201019342,1,9,0,9,9,8,6,0,0,5,0,0,0,0,3,1,6,6,1,-1,-1,1995,2,9,BMW 5 SERIES,-1,-1,0,-1
2020010270580,2020,010270580,4,9,0,7,7,5,8,0,0,8,0,0,0,0,1,1,6,6,1,43,7,1998,8,0,BMW 5 SERIES,3,E01004678,0,-1
2020990963941,2020,990963941,1,9,0,17,19,7,3,0,0,0,0,0,1,0,1,1,5,6,1,29,6,2993,2,9,BMW 5 SERIES,7,-1,0,-1
2020530939946,2020,530939946,2,9,0,18,19,3,7,0,0,8,0,9,7,10,1,1,1,1,1,49,8,2993,2,4,BMW 5 SERIES,5,E01022420,0,-1
2020070599116,2020,070599116,2,9,0,7,7,2,4,0,0,6,0,0,0,0,3,1,6,6,1,27,6,1995,2,6,BMW 5 SERIES,7,E01018711,0,-1
2020420937474,2020,420937474,1,9,0,4,4,6,2,0,0,0,0,0,0,0,1,1,5,6,1,36,7,2993,2,16,BMW 5 SERIES,3,E01031444,0,-1
2020411000827,2020,411000827,1,9,0,18,19,8,4,0,0,0,0,0,0,0,0,1,1,1,1,36,7,2993,2,3,BMW 5 SERIES,-1,-1,0,-1
2020010262217,2020,010262217,2,9,0,18,19,1,5,0,0,0,0,0,0,0,0,1,6,6,1,-1,-1,1998,1,1,BMW 5 SERIES,6,E01002293,0,-1
2020010244901,2020,010244901,2,9,0,9,9,4,2,0,0,8,0,0,0,0,3,1,6,6,3,40,7,1995,2,14,BMW 5 SERIES,-1,-1,0,-1
2020430289909,2020,430289909,1,9,0,18,19,7,3,0,0,4,0,0,0,0,1,1,6,6,1,38,7,1998,8,3,BMW 5 SERIES,3,E01016381,0,-1
2020220980586,2020,220980586,1,9,0,5,5,6,2,0,0,0,0,0,0,0,1,1,5,6,1,29,6,1995,2,11,BMW 5 SERIES,5,E01022245,0,-1
2020220967869,2020,220967869,2,9,0,18,19,7,3,0,0,0,0,0,0,0,1,1,2,2,1,47,8,1995,2,3,BMW 5 SERIES,7,E01028941,0,-1
2020302000966,2020,302000966,2,9,0,13,13,4,8,0,0,0,0,0,0,0,4,1,2,2,1,-1,-1,2993,2,14,BMW 5 SERIES,2,E01013497,0,-1
2020010241067,2020,010241067,2,9,0,18,19,5,1,0,0,1,0,0,0,0,3,1,1,1,1,42,7,1998,1,1,BMW 5 SERIES,5,E01002693,0,-1
2020010276730,2020,010276730,2,9,0,9,9,6,3,0,0,8,0,0,0,0,2,1,6,6,2,25,5,1995,2,9,BMW 5 SERIES,6,E01001319,0,-1
2020370967740,2020,370967740,1,9,0,5,5,5,8,0,0,0,0,0,0,0,1,1,2,2,1,47,8,1995,2,4,BMW 5 SERIES,3,E01030163,0,-1
2020010261934,2020,010261934,2,9,0,18,19,7,3,0,0,0,0,0,0,0,0,1,1,1,1,31,6,2993,2,4,BMW 5 SERIES,3,E01003221,0,-1
2020010245410,2020,010245410,1,9,0,18,19,2,6,0,0,1,0,0,0,0,0,1,1,1,1,30,6,1998,1,1,BMW 5 SERIES,6,E01002968,0,-1
2020052002437,2020,052002437,2,9,0,18,19,3,7,0,0,2,0,0,0,0,1,1,6,6,1,24,5,1995,2,6,BMW 5 SERIES,1,E01006740,0,-1
20201377B1344,2020,1377B1344,1,9,0,17,19,6,3,0,0,0,0,0,1,2,1,1,6,6,1,35,6,2171,1,17,BMW 5 SERIES,1,E01025207,0,-1
2020400991037,2020,400991037,2,9,0,7,7,8,2,0,0,4,0,0,1,0,1,1,1,1,1,32,6,2497,2,15,BMW 5 SERIES,3,E01017580,0,-1
2020420991982,2020,420991982,6,9,0,18,19,7,3,0,0,0,0,0,0,0,0,1,1,1,1,52,8,2993,2,2,BMW 5 SERIES,8,E01021544,0,-1
2020470978273,2020,470978273,2,9,0,18,19,7,3,0,0,1,0,0,0,0,3,1,5,6,1,31,6,1995,2,3,BMW 5 SERIES,5,E01002515,0,-1
2020370990716,2020,370990716,2,9,0,4,4,0,0,0,0,0,0,0,0,0,4,1,5,6,1,49,8,1995,2,13,BMW 5 SERIES,1,E01030035,0,-1
2020460950348,2020,460950348,1,9,0,16,19,4,8,0,0,0,1,0,4,6,1,1,5,6,1,36,7,2993,2,14,BMW 5 SERIES,5,E01016158,0,-1
2020010252409,2020,010252409,2,9,0,10,10,8,7,0,0,1,0,0,0,0,0,1,6,6,1,30,6,2171,1,16,BMW 5 SERIES,3,E01000082,0,-1
2020220942965,2020,220942965,1,9,0,4,4,3,8,0,0,4,1,9,1,11,1,1,1,1,1,42,7,2993,2,1,BMW 5 SERIES,4,E01032157,0,-1
2020010257612,2020,010257612,3,9,0,18,19,1,5,0,0,1,0,0,0,0,0,1,1,1,1,27,6,1998,1,1,BMW 5 SERIES,4,E01001247,0,-1
2020990974776,2020,990974776,2,9,0,2,2,0,0,6,6,0,0,7,0,0,2,1,5,6,1,31,6,1995,2,7,BMW 5 SERIES,-1,-1,0,-1
2020522002282,2020,522002282,4,9,0,2,2,0,0,0,0,0,0,4,0,0,1,1,6,6,3,-1,-1,2996,1,14,BMW 5 SERIES,-1,-1,0,-1
2020010250702,2020,010250702,2,9,0,18,19,-1,-1,0,0,0,0,0,0,0,1,1,6,6,3,-1,-1,1995,2,8,BMW 5 SERIES,-1,-1,0,-1
2020010242400,2020,010242400,1,9,0,18,19,3,7,0,0,0,0,0,0,0,1,1,6,6,1,36,7,1995,2,8,BMW 5 SERIES,4,E01015948,0,-1
2020010236916,2020,010236916,2,9,0,18,19,-1,-1,0,0,8,0,0,0,0,1,1,6,6,3,-1,-1,1998,1,1,BMW 5 SERIES,-1,-1,0,-1
2020320651973,2020,320651973,2,9,0,2,2,0,0,0,0,0,0,0,0,0,2,1,6,6,1,25,5,2993,2,12,BMW 5 SERIES,2,E01026037,0,-1
2020220969433,2020,220969433,4,9,0,18,19,1,5,0,0,0,0,0,0,0,1,1,1,1,1,38,7,2993,2,2,BMW 5 SERIES,8,E01032400,0,-1
2020010269388,2020,010269388,2,9,0,13,13,3,7,0,0,0,0,0,0,0,1,1,1,1,2,31,6,1998,1,1,BMW 5 SERIES,8,E01003897,0,-1
2020122000810,2020,122000810,1,9,0,18,19,4,8,0,0,6,0,0,0,0,1,1,6,6,1,37,7,2998,1,2,BMW 5 SERIES,6,E01013056,0,-1
2020010272199,2020,010272199,1,9,0,18,19,7,3,0,0,8,0,0,0,0,1,1,1,1,1,42,7,2993,2,4,BMW 5 SERIES,-1,-1,0,-1
2020500950967,2020,500950967,2,9,0,18,19,8,4,0,0,0,2,0,1,11,2,1,6,6,1,59,9,2998,1,3,BMW 5 SERIES,6,E01019011,0,-1
2020070081367,2020,070081367,2,9,0,18,19,6,2,0,0,0,0,0,0,0,2,1,1,1,1,47,8,1995,2,1,BMW 5 SERIES,1,E01006605,0,-1
2020010250493,2020,010250493,1,9,0,18,19,1,5,2,2,0,0,0,0,0,3,1,2,2,1,23,5,1995,2,6,BMW 5 SERIES,-1,-1,0,-1
2020010246400,2020,010246400,1,9,0,3,3,7,3,0,0,1,0,0,0,0,2,1,6,6,1,52,8,2993,2,13,BMW 5 SERIES,-1,-1,0,-1
2020010239426,2020,010239426,2,9,0,4,4,3,7,0,0,0,0,0,0,0,0,1,1,1,1,39,7,1998,1,1,BMW 5 SERIES,6,E01001387,0,-1
2020410990830,2020,410990830,1,9,0,12,12,1,5,0,0,0,0,0,0,0,1,1,5,6,1,20,4,1995,2,6,BMW 5 SERIES,2,E01003239,0,-1
2020010280800,2020,010280800,1,9,0,18,19,5,1,0,0,6,0,0,0,0,0,1,1,1,1,45,7,1998,1,1,BMW 5 SERIES,3,E01003221,0,-1
2020541497020,2020,541497020,1,9,0,18,19,5,1,0,0,1,0,0,0,0,1,1,2,2,1,39,7,1995,2,8,BMW 5 SERIES,3,E01015502,0,-1
2020010240062,2020,010240062,2,9,0,99,99,9,9,99,99,9,9,99,9,99,1,9,6,6,3,-1,-1,1995,2,5,BMW 5 SERIES,-1,-1,0,-1
2020010236771,2020,010236771,3,9,0,18,19,7,3,0,0,0,0,0,0,0,0,1,1,1,1,31,6,1998,1,1,BMW 5 SERIES,6,E01000330,0,-1
2020302001275,2020,302001275,2,9,0,4,4,8,4,0,0,0,0,0,0,0,2,1,6,6,1,31,6,2993,2,3,BMW 5 SERIES,5,E01019456,0,-1
2020010280258,2020,010280258,5,9,0,5,5,6,2,0,0,1,0,0,0,0,0,1,6,6,1,38,7,1998,1,1,BMW 5 SERIES,4,E01000472,0,-1
2020470922298,2020,470922298,1,9,0,9,9,4,2,0,0,6,0,0,0,0,1,1,5,6,1,63,9,2926,2,20,BMW 5 SERIES,3,E01031752,0,-1
2020350964426,2020,350964426,1,9,0,17,19,1,5,0,0,0,0,0,0,0,1,1,5,6,1,32,6,2993,2,13,BMW 5 SERIES,8,E01033429,0,-1
2020010253614,2020,010253614,2,9,0,18,19,5,1,2,2,7,0,0,0,0,1,1,1,1,1,44,7,2993,2,0,BMW 5 SERIES,4,E01000472,0,-1
2020500974924,2020,500974924,1,9,0,18,19,1,5,0,0,0,1,0,2,2,1,1,1,1,1,49,8,1995,2,12,BMW 5 SERIES,6,E01018917,0,-1
2020522002075,2020,522002075,2,9,0,18,19,1,5,0,0,1,0,0,0,0,1,1,6,6,1,49,8,1995,2,5,BMW 5 SERIES,3,E01014684,0,-1
2020200999128,2020,200999128,1,9,0,18,19,2,6,0,0,0,0,0,0,0,1,1,6,6,1,36,7,2497,2,17,BMW 5 SERIES,2,E01033085,0,-1
2020332000022,2020,332000022,1,9,0,18,19,2,6,0,0,2,0,0,0,0,1,1,6,6,2,54,8,1995,2,10,BMW 5 SERIES,10,E01016700,0,-1
2020111006975,2020,111006975,2,9,0,18,19,1,5,0,0,1,0,0,0,0,1,1,5,6,1,39,7,2993,2,4,BMW 5 SERIES,7,E01008403,0,-1
2020141002695,2020,141002695,1,9,0,18,19,1,5,0,0,2,1,4,0,0,1,1,5,6,1,41,7,1995,2,15,BMW 5 SERIES,1,E01007530,0,-1
2020991003276,2020,991003276,1,9,0,4,4,6,2,0,0,0,0,0,0,0,1,1,1,1,2,48,8,1995,2,4,BMW 5 SERIES,6,-1,0,-1
2020010262011,2020,010262011,2,9,0,18,19,1,5,0,0,8,0,0,0,0,3,1,6,6,1,48,8,1995,2,11,BMW 5 SERIES,3,E01001930,0,-1
2020100985460,2020,100985460,1,9,0,1,1,3,7,0,0,1,0,0,0,0,2,1,6,6,1,50,8,1995,2,12,BMW 5 SERIES,-1,-1,0,-1
2020200988057,2020,200988057,2,9,0,5,5,4,8,0,0,4,0,0,0,0,4,1,6,6,1,22,5,1995,2,8,BMW 5 SERIES,-1,-1,0,-1
2020430251334,2020,430251334,1,9,0,18,19,2,6,0,0,1,0,0,0,0,3,1,2,2,1,48,8,2000,2,9,BMW 5 SERIES,-1,-1,0,-1
2020450966290,2020,450966290,3,9,0,18,19,5,1,0,0,0,0,0,0,0,1,1,1,1,1,39,7,2993,2,5,BMW 5 SERIES,-1,-1,0,-1
2020440303868,2020,440303868,1,9,0,18,19,3,7,0,0,8,5,0,2,2,4,1,6,6,1,27,6,1995,2,9,BMW 5 SERIES,10,E01023092,0,-1
2020410995908,2020,410995908,2,9,0,16,19,7,3,0,0,0,0,0,0,0,2,1,1,1,1,34,6,1995,2,4,BMW 5 SERIES,7,E01015568,0,-1
2020010270300,2020,010270300,1,9,0,5,5,3,7,0,0,0,0,0,0,0,1,1,6,6,1,23,5,1995,2,2,BMW 5 SERIES,6,E01002439,0,-1
2020010249230,2020,010249230,1,9,0,2,2,0,0,6,6,1,0,0,0,0,3,1,6,6,3,-1,-1,1995,2,3,BMW 5 SERIES,-1,-1,0,-1
2020360991877,2020,360991877,2,9,0,16,19,6,3,0,0,0,0,0,0,0,3,1,1,1,1,43,7,1995,2,12,BMW 5 SERIES,10,E01018274,0,-1
2020440381868,2020,440381868,1,9,0,17,19,8,4,0,0,8,1,0,0,0,1,1,1,1,2,24,5,1995,12,0,BMW 5 SERIES,10,E01022888,0,-1
2020010242617,2020,010242617,1,9,0,18,19,1,5,0,0,1,0,0,0,0,0,1,6,6,1,39,7,2993,2,4,BMW 5 SERIES,-1,-1,0,-1
2020200989375,2020,200989375,3,9,0,2,2,0,0,0,0,2,0,0,0,0,2,1,6,6,1,-1,-1,1796,1,25,BMW 5 SERIES,4,E01009313,0,-1
2020470959597,2020,470959597,1,9,0,18,19,6,2,0,0,0,0,0,0,0,1,1,6,6,1,-1,-1,2993,2,12,BMW 5 SERIES,-1,-1,0,-1
2020420995206,2020,420995206,2,9,0,18,19,5,1,0,0,0,0,0,0,0,1,1,1,1,1,-1,-1,2993,2,3,BMW 5 SERIES,8,E01021544,0,-1
20201372K0135,2020,1372K0135,3,9,0,2,2,0,0,0,0,0,0,0,0,0,2,1,6,6,1,54,8,2979,1,18,BMW 5 SERIES,1,E01011339,0,-1
2020010267731,2020,010267731,2,9,0,99,99,9,9,0,0,8,0,0,0,0,2,9,6,6,1,58,9,1995,2,4,BMW 5 SERIES,9,E01002270,0,-1
2020010247278,2020,010247278,5,9,0,18,19,7,3,0,0,0,0,0,0,0,0,1,6,6,1,45,7,1998,1,1,BMW 5 SERIES,4,E01003666,0,-1
2020010278817,2020,010278817,2,9,0,99,99,9,9,99,99,9,9,99,9,99,1,9,6,6,1,34,6,1995,2,9,BMW 5 SERIES,3,E01004274,0,-1
202006J167843,2020,06J167843,2,9,0,18,19,7,3,0,0,8,0,0,0,0,1,1,6,6,2,38,7,1995,2,6,BMW 5 SERIES,2,E01005887,0,-1
2020420954847,2020,420954847,1,9,0,9,9,5,3,0,0,2,0,0,0,0,1,1,6,6,1,78,11,2996,1,10,BMW 5 SERIES,2,E01021977,0,-1
2020990974827,2020,990974827,1,9,0,4,4,7,3,0,0,0,2,0,1,1,1,1,2,2,1,34,6,2993,2,9,BMW 5 SERIES,6,-1,0,-1
2020052000634,2020,052000634,2,9,0,5,5,3,8,0,0,0,0,0,0,0,2,1,6,6,1,59,9,1995,2,1,BMW 5 SERIES,8,E01006622,0,-1
2020010259377,2020,010259377,2,9,0,18,19,2,6,0,0,2,0,0,0,0,1,1,6,6,1,36,7,1995,2,8,BMW 5 SERIES,3,E01002508,0,-1
2020010242121,2020,010242121,2,9,0,18,19,5,1,0,0,0,0,0,0,0,3,1,1,1,1,29,6,1998,1,1,BMW 5 SERIES,3,E01003221,0,-1
2020530954768,2020,530954768,1,9,0,9,9,5,3,0,0,0,0,0,0,0,1,1,6,6,1,24,5,2993,2,1,BMW 5 SERIES,4,E01022428,0,-1
2020010280457,2020,010280457,1,9,0,13,13,1,5,0,0,1,0,0,0,0,1,1,1,1,1,40,7,1998,1,1,BMW 5 SERIES,-1,-1,0,-1
202006G172572,2020,06G172572,1,9,0,18,19,3,7,0,0,8,0,0,0,0,1,1,6,6,1,30,6,1995,2,3,BMW 5 SERIES,5,E01019738,0,-1
2020010233645,2020,010233645,1,9,0,18,19,7,3,0,0,5,0,0,0,0,0,1,1,1,1,39,7,2993,2,5,BMW 5 SERIES,9,E01003356,0,-1
2020522001932,2020,522001932,3,9,0,18,19,5,1,0,0,8,0,0,0,0,1,1,1,1,1,40,7,2993,2,10,BMW 5 SERIES,-1,-1,0,-1
202031B176420,2020,31B176420,1,9,0,16,19,5,8,0,0,8,0,10,7,11,1,1,6,6,1,43,7,2497,2,14,BMW 5 SERIES,7,E01028285,0,-1
2020010239252,2020,010239252,2,9,0,18,19,8,4,0,0,8,0,4,0,0,1,1,2,2,1,36,7,1998,1,1,BMW 5 SERIES,8,E01031653,0,-1
2020100966019,2020,100966019,1,9,0,18,19,2,6,0,0,0,0,0,0,0,1,1,6,6,2,-1,-1,2497,2,14,BMW 5 SERIES,3,E01008594,0,-1
2020411005957,2020,411005957,1,9,0,13,13,8,4,0,0,0,0,0,0,0,1,1,6,6,1,35,6,1995,2,8,BMW 5 SERIES,9,E01023713,0,-1
2020400956361,2020,400956361,1,9,0,18,19,1,3,0,0,1,0,0,0,0,2,1,5,6,1,48,8,1995,2,5,BMW 5 SERIES,8,E01015706,0,-1
2020221008992,2020,221008992,2,9,0,18,19,1,5,0,0,0,0,0,1,9,4,1,2,2,2,32,6,1995,2,12,BMW 5 SERIES,7,W01000445,0,-1
2020461000389,2020,461000389,1,9,0,16,19,2,6,0,0,0,1,7,4,6,3,1,2,2,1,32,6,1995,2,7,BMW 5 SERIES,4,E01000405,0,-1
2020010246296,2020,010246296,3,9,0,18,19,5,1,0,0,1,0,0,0,0,0,1,2,2,1,27,6,2993,2,13,BMW 5 SERIES,2,E01000015,0,-1
2020400977459,2020,400977459,2,9,0,4,4,4,8,0,0,1,0,0,0,0,1,1,6,6,1,56,9,1995,2,4,BMW 5 SERIES,8,E01017411,0,-1
2020430431170,2020,430431170,3,9,0,18,19,4,8,0,0,0,0,0,0,0,1,1,6,6,1,34,6,1995,2,12,BMW 5 SERIES,5,E01017659,0,-1
2020010251049,2020,010251049,3,9,0,18,19,-1,-1,0,0,1,0,0,0,0,1,1,6,6,3,31,6,1995,12,0,BMW 5 SERIES,-1,-1,0,-1
2020010270634,2020,010270634,1,9,0,3,3,5,1,0,0,1,0,0,0,0,2,1,6,6,1,24,5,1998,1,1,BMW 5 SERIES,2,E01001827,0,-1
2020041002371,2020,041002371,1,9,0,18,19,2,6,0,0,0,0,0,7,0,1,1,6,6,1,22,5,2993,2,12,BMW 5 SERIES,9,E01027558,0,-1
2020350935276,2020,350935276,2,9,0,5,5,5,7,0,0,2,0,0,0,0,1,1,6,6,1,53,8,2993,2,7,BMW 5 SERIES,9,E01018231,0,-1
2020010235020,2020,010235020,1,9,0,5,5,3,7,0,0,0,0,0,0,0,3,1,2,2,1,40,7,1995,2,7,BMW 5 SERIES,1,E01000798,0,-1
2020010249285,2020,010249285,2,9,9,18,19,1,5,0,0,1,9,0,0,99,1,9,6,6,1,-1,-1,1995,2,6,BMW 5 SERIES,-1,-1,0,-1
202031B083220,2020,31B083220,1,9,0,18,19,1,5,0,0,5,0,0,0,0,4,1,6,6,2,49,8,2993,2,2,BMW 5 SERIES,8,E01028035,0,-1
2020530933029,2020,530933029,3,9,0,18,19,6,2,0,0,0,1,4,2,0,1,1,5,6,1,32,6,2497,2,13,BMW 5 SERIES,1,E01022291,0,-1
2020200994240,2020,200994240,5,9,0,3,3,4,8,0,0,4,0,0,0,0,4,1,1,1,2,-1,-1,2993,2,0,BMW 5 SERIES,5,E01009234,0,-1
2020201011654,2020,201011654,1,9,0,18,19,7,3,0,0,1,0,0,0,0,1,1,6,6,1,-1,-1,2497,2,16,BMW 5 SERIES,-1,-1,0,-1
2020522004858,2020,522004858,1,9,0,18,19,7,3,0,0,0,0,0,0,0,4,1,6,6,1,37,7,2996,1,13,BMW 5 SERIES,1,E01014689,0,-1
2020470982978,2020,470982978,2,9,0,18,19,7,3,0,0,8,0,0,0,0,1,1,5,6,1,60,9,2497,2,18,BMW 5 SERIES,5,E01031807,0,-1
2020160931535,2020,160931535,2,9,0,18,19,4,8,0,0,1,0,0,0,0,4,1,6,6,1,36,7,1995,2,9,BMW 5 SERIES,1,E01012854,0,-1
2020010245302,2020,010245302,1,9,0,18,19,8,4,0,0,3,0,0,0,2,1,1,6,6,1,16,4,1995,2,9,BMW 5 SERIES,4,E01002681,0,-1
2020010246292,2020,010246292,1,9,0,13,13,3,7,0,0,0,1,0,1,2,1,1,1,1,1,37,7,1995,2,5,BMW 5 SERIES,3,E01001045,0,-1
2020552000328,2020,552000328,1,9,0,18,19,7,3,0,0,8,0,0,0,0,1,1,2,2,1,36,7,2993,2,17,BMW 5 SERIES,3,E01015294,0,-1
2020010235722,2020,010235722,2,9,0,18,19,7,3,0,0,8,0,0,0,0,2,1,6,6,1,24,5,1995,2,4,BMW 5 SERIES,2,E01024315,0,-1
2020010245900,2020,010245900,1,9,0,99,99,9,9,99,99,0,9,99,9,99,1,9,6,6,1,35,6,1995,2,7,BMW 5 SERIES,3,E01003532,0,-1
2020010264900,2020,010264900,1,9,0,18,19,3,7,2,2,0,0,0,0,0,1,1,6,6,1,23,5,1995,2,6,BMW 5 SERIES,2,E01004271,0,-1
2020360939992,2020,360939992,2,9,0,18,19,5,1,0,0,8,0,0,0,0,3,1,5,6,1,32,6,2993,2,3,BMW 5 SERIES,1,E01026624,0,-1
2020211031699,2020,211031699,2,9,0,18,19,1,5,0,0,0,0,0,0,0,3,1,6,6,1,38,7,1995,2,8,BMW 5 SERIES,7,E01029544,0,-1
2020460918439,2020,460918439,1,9,0,5,5,1,7,0,0,6,0,0,0,0,1,1,5,6,1,60,9,1995,2,2,BMW 5 SERIES,8,E01024085,0,-1
2020220979225,2020,220979225,1,9,0,13,13,8,4,0,0,8,0,4,7,0,1,1,1,1,1,44,7,2993,2,1,BMW 5 SERIES,3,E01014010,0,-1
2020320226789,2020,320226789,2,9,0,18,19,7,3,0,0,8,0,0,0,0,1,1,6,6,1,26,6,1995,2,12,BMW 5 SERIES,1,E01026152,0,-1
202006P275507,2020,06P275507,2,9,0,3,3,2,6,0,0,1,0,0,0,0,2,1,6,6,1,42,7,2993,2,3,BMW 5 SERIES,1,E01005592,0,-1
2020200956670,2020,200956670,3,9,0,2,2,0,0,0,0,0,0,4,0,0,1,1,5,6,1,42,7,2993,2,0,BMW 5 SERIES,-1,-1,0,-1
2020010255039,2020,010255039,1,9,0,18,19,5,1,0,0,0,0,0,0,0,1,1,6,6,2,25,5,1995,2,5,BMW 5 SERIES,6,E01001184,0,-1
2020420973568,2020,420973568,2,9,0,10,10,7,4,0,0,1,0,0,0,0,2,1,6,6,2,27,6,1995,2,7,BMW 5 SERIES,1,E01015867,0,-1
2020210986122,2020,210986122,1,9,0,18,19,2,6,0,0,0,1,0,1,10,1,1,6,6,1,28,6,1995,2,13,BMW 5 SERIES,7,E01029384,0,-1
2020010266467,2020,010266467,1,9,0,7,7,6,1,3,2,1,0,0,0,0,1,1,6,6,1,30,6,1995,2,5,BMW 5 SERIES,1,E01004670,0,-1
2020010261565,2020,010261565,2,9,0,18,19,7,3,0,0,1,0,0,0,0,0,1,1,1,1,31,6,1998,1,1,BMW 5 SERIES,2,E01004008,0,-1
2020470968971,2020,470968971,3,9,0,18,19,1,5,0,0,0,0,0,0,0,0,1,1,1,2,38,7,2993,2,2,BMW 5 SERIES,6,E01021034,0,-1
2020010282966,2020,010282966,3,9,0,4,4,5,1,0,0,1,0,0,0,0,0,1,1,1,2,35,6,2993,2,0,BMW 5 SERIES,3,E01002030,0,-1
2020430430668,2020,430430668,2,9,0,18,19,8,4,0,0,1,0,0,0,0,2,1,6,6,2,29,6,1995,2,5,BMW 5 SERIES,4,E01028445,0,-1
2020400973375,2020,400973375,1,9,0,18,19,7,3,0,0,1,0,0,0,0,1,1,5,6,1,22,5,1995,2,4,BMW 5 SERIES,3,E01015761,0,-1
2020360982603,2020,360982603,1,9,0,5,5,7,3,0,0,1,0,0,0,0,4,1,5,6,1,39,7,2497,2,15,BMW 5 SERIES,1,E01026832,0,-1
2020470970154,2020,470970154,2,9,0,18,19,3,7,0,0,0,0,0,0,0,2,1,1,1,1,36,7,2993,2,4,BMW 5 SERIES,6,E01021034,0,-1
2020010267598,2020,010267598,2,9,0,7,7,1,3,0,0,8,0,0,0,0,4,1,3,7,2,42,7,2993,2,2,BMW 5 SERIES,4,E01001418,0,-1
2020410990869,2020,410990869,1,9,0,5,5,8,4,0,0,0,0,0,0,0,4,1,1,1,1,40,7,2993,2,2,BMW 5 SERIES,2,E01023758,0,-1
2020450978462,2020,450978462,2,9,0,4,4,0,0,0,0,0,0,0,0,0,3,1,1,1,1,43,7,2993,2,2,BMW 5 SERIES,10,E01030435,0,-1
2020421009588,2020,421009588,2,9,0,5,5,2,5,0,0,4,0,0,0,0,2,1,5,6,1,27,6,1995,2,4,BMW 5 SERIES,10,E01021438,0,-1