collision_index,collision_year,collision_ref_no,vehicle_reference,vehicle_type,towing_and_articulation,vehicle_manoeuvre_historic,vehicle_manoeuvre,vehicle_direction_from,vehicle_direction_to,vehicle_location_restricted_lane_historic,vehicle_location_restricted_lane,junction_location,skidding_and_overturning,hit_object_in_carriageway,vehicle_leaving_carriageway,hit_object_off_carriageway,first_point_of_impact,vehicle_left_hand_drive,journey_purpose_of_driver_historic,journey_purpose_of_driver,sex_of_driver,age_of_driver,age_band_of_driver,engine_capacity_cc,propulsion_code,age_of_vehicle,generic_make_model,driver_imd_decile,lsoa_of_driver,escooter_flag,driver_distance_banding
2020460938332,2020,460938332,1,9,0,4,4,2,6,0,0,0,0,0,0,0,1,1,1,1,1,36,7,2993,2,6,BMW 5 SERIES,3,E01024717,0,-1
2020040945913,2020,040945913,2,9,0,18,19,2,6,0,0,0,0,0,1,0,3,1,5,6,2,41,7,1995,2,14,BMW 5 SERIES,8,E01006230,0,-1
2020547824820,2020,547824820,1,9,0,18,19,6,3,0,0,1,0,0,0,0,1,1,2,2,2,66,10,1995,2,2,BMW 5 SERIES,6,E01031893,0,-1
2020470959969,2020,470959969,1,9,0,18,19,7,3,0,0,0,0,4,0,0,1,1,5,6,2,36,7,1995,2,8,BMW 5 SERIES,6,E01021128,0,-1
2020010282872,2020,010282872,1,9,0,3,3,5,1,0,0,1,0,0,0,0,2,1,6,6,1,46,8,2993,2,10,BMW 5 SERIES,3,E01000515,0,-1
2020010265923,2020,010265923,2,9,0,18,19,5,1,0,0,8,0,0,0,0,0,1,1,1,1,35,6,2993,2,0,BMW 5 SERIES,4,E01003666,0,-1
2020052001063,2020,052001063,2,9,0,18,19,5,1,0,0,8,0,0,1,1,1,1,2,2,1,40,7,1998,8,2,BMW 5 SERIES,1,E01007085,0,-1
2020010241060,2020,010241060,2,9,0,99,99,9,9,99,99,9,9,99,9,99,1,9,6,6,3,-1,-1,2497,2,13,BMW 5 SERIES,-1,-1,0,-1
2020460933516,2020,460933516,1,9,0,17,19,8,4,0,0,1,1,0,0,0,1,1,5,6,1,29,6,2494,1,19,BMW 5 SERIES,4,E01002794,0,-1
2020520100116,2020,520100116,4,9,0,3,3,3,7,0,0,1,0,0,0,0,1,1,6,6,1,38,7,1995,2,7,BMW 5 SERIES,8,E01014510,0,-1
2020460920900,2020,460920900,2,9,0,17,19,1,5,0,0,0,1,0,0,0,2,1,5,6,2,27,6,1995,2,14,BMW 5 SERIES,7,E01024234,0,-1
2020990976560,2020,990976560,3,9,0,18,19,4,8,0,0,0,0,0,0,0,2,1,6,6,1,56,9,1995,2,12,BMW 5 SERIES,5,E01023765,0,-1
2020010276476,2020,010276476,2,9,0,4,4,5,1,0,0,8,0,0,0,0,2,1,6,6,2,55,8,1998,1,1,BMW 5 SERIES,8,E01001967,0,-1
2020010258518,2020,010258518,3,9,9,18,19,1,5,99,99,9,9,99,9,99,9,9,6,6,1,65,9,2171,1,19,BMW 5 SERIES,-1,-1,0,-1
2020070395058,2020,070395058,1,9,0,18,19,6,2,0,0,1,0,0,0,0,2,1,6,6,1,50,8,2171,1,19,BMW 5 SERIES,6,E01029556,0,-1
2020370934459,2020,370934459,2,9,0,18,19,5,1,0,0,2,0,0,0,0,1,1,5,6,1,40,7,2993,2,4,BMW 5 SERIES,9,E01030191,0,-1
2020990999402,2020,990999402,4,9,0,18,19,6,2,0,0,0,1,0,0,0,4,1,1,1,1,33,6,2993,2,3,BMW 5 SERIES,1,-1,0,-1
2020350964766,2020,350964766,2,9,0,18,19,3,7,0,0,0,0,0,0,0,3,1,6,6,1,28,6,1995,2,8,BMW 5 SERIES,1,E01015603,0,-1
2020010237641,2020,010237641,2,9,0,1,1,3,7,0,0,1,0,0,0,0,1,1,6,6,2,34,6,1995,2,6,BMW 5 SERIES,-1,-1,0,-1
2020040936676,2020,040936676,1,9,0,18,19,1,5,0,0,0,0,0,0,0,1,1,5,6,1,53,8,1995,2,10,BMW 5 SERIES,10,E01025258,0,-1
2020070107084,2020,070107084,1,9,0,18,19,1,5,0,0,8,0,0,0,0,4,1,1,1,1,58,9,1995,2,3,BMW 5 SERIES,-1,-1,0,-1
2020010245879,2020,010245879,2,9,0,18,19,5,1,0,0,8,0,0,0,0,0,2,1,1,1,19,4,2993,2,4,BMW 5 SERIES,3,E01003221,0,-1
2020010254765,2020,010254765,1,9,0,4,4,7,3,0,0,7,0,0,0,0,1,1,6,6,2,41,7,1998,1,1,BMW 5 SERIES,3,E01003567,0,-1
2020040997859,2020,040997859,1,9,0,18,19,5,1,0,0,0,1,0,2,7,1,1,5,6,1,36,7,1995,2,9,BMW 5 SERIES,1,E01012744,0,-1
2020400997601,2020,400997601,1,9,0,18,19,8,4,0,0,1,0,0,0,0,1,1,5,6,1,36,7,2993,2,16,BMW 5 SERIES,8,E01015696,0,-1
2020990929232,2020,990929232,2,9,0,3,3,8,4,0,0,0,0,0,0,0,2,1,5,6,1,49,8,1995,2,4,BMW 5 SERIES,9,-1,0,-1
2020170H10960,2020,170H10960,2,9,0,18,19,5,1,0,0,8,0,0,0,0,1,1,6,6,1,52,8,1995,2,7,BMW 5 SERIES,3,E01032541,0,-1
2020530949842,2020,530949842,2,9,0,18,19,5,1,0,0,0,0,0,0,0,1,1,6,6,3,-1,-1,2993,2,12,BMW 5 SERIES,-1,-1,0,-1
2020430003140,2020,430003140,1,9,0,9,9,5,3,0,0,2,0,0,0,0,1,1,6,6,1,-1,-1,1995,2,8,BMW 5 SERIES,3,E01021871,0,-1
2020010245049,2020,010245049,1,9,0,18,19,7,3,0,0,8,0,0,1,10,4,1,6,6,1,29,6,1998,1,0,BMW 5 SERIES,5,E01004096,0,-1
202006Q278470,2020,06Q278470,1,9,0,18,19,2,6,0,0,8,0,0,8,10,1,1,6,6,1,21,5,2993,2,3,BMW 5 SERIES,3,E01005160,0,-1
2020360981136,2020,360981136,2,9,0,18,19,7,3,0,0,1,0,0,0,0,4,1,5,6,1,69,10,1995,2,3,BMW 5 SERIES,9,E01026448,0,-1
2020991022960,2020,991022960,1,9,0,1,1,4,2,0,0,8,0,0,0,0,2,1,5,6,1,34,6,2993,2,15,BMW 5 SERIES,3,-1,0,-1
2020010241872,2020,010241872,1,9,0,9,9,5,3,0,0,8,0,0,0,0,1,1,6,6,1,31,6,1995,2,10,BMW 5 SERIES,2,E01003335,0,-1
2020137BJ0433,2020,137BJ0433,1,9,0,18,19,3,7,0,0,1,0,0,0,0,1,1,6,6,1,36,7,2993,2,3,BMW 5 SERIES,3,E01010670,0,-1
2020520100151,2020,520100151,2,9,0,7,7,5,7,0,0,8,0,0,0,0,3,1,6,6,2,55,8,1995,2,4,BMW 5 SERIES,7,W01001568,0,-1
2020552000441,2020,552000441,2,9,0,18,19,8,4,0,0,0,0,0,0,0,3,1,6,6,1,20,4,1995,2,5,BMW 5 SERIES,6,E01015291,0,-1
2020401008936,2020,401008936,2,9,0,18,19,1,5,0,0,0,0,0,0,0,3,1,6,6,1,53,8,2993,2,8,BMW 5 SERIES,7,E01017545,0,-1
2020610016120,2020,610016120,2,9,0,18,19,2,6,0,0,0,0,0,0,0,1,1,2,2,1,49,8,1995,2,2,BMW 5 SERIES,10,W01001636,0,-1
2020200922527,2020,200922527,2,9,0,3,3,7,3,0,0,1,0,0,0,0,1,1,3,7,2,30,6,1995,2,7,BMW 5 SERIES,2,E01010449,0,-1
202063A013720,2020,63A013720,1,9,0,13,13,2,6,0,0,0,0,0,7,7,3,1,1,1,1,34,6,1995,2,8,BMW 5 SERIES,2,W01000834,0,-1
2020010234248,2020,010234248,3,9,0,18,19,3,7,0,0,1,0,0,0,0,0,1,6,6,1,41,7,2993,2,5,BMW 5 SERIES,4,E01003666,0,-1
2020010259454,2020,010259454,1,9,0,99,99,9,9,99,99,9,9,99,9,99,1,9,6,6,2,25,5,1995,2,5,BMW 5 SERIES,2,E01004233,0,-1
2020010286793,2020,010286793,3,9,0,2,2,0,0,0,0,2,0,0,0,0,1,1,6,6,3,-1,-1,1995,2,13,BMW 5 SERIES,-1,-1,0,-1
2020350980400,2020,350980400,2,9,0,18,19,6,2,0,0,1,0,0,0,0,1,1,5,6,1,68,10,2993,2,3,BMW 5 SERIES,5,E01018158,0,-1
2020010271443,2020,010271443,2,9,0,13,13,1,5,0,0,1,5,0,0,0,1,1,6,6,1,21,5,1995,2,12,BMW 5 SERIES,6,E01000566,0,-1
2020470924905,2020,470924905,1,9,0,13,13,1,5,0,0,0,0,0,0,0,1,1,6,6,1,43,7,1995,2,14,BMW 5 SERIES,1,E01016904,0,-1
2020010248811,2020,010248811,2,9,0,7,7,1,2,2,2,5,0,0,7,0,0,1,6,6,1,31,6,1995,2,6,BMW 5 SERIES,-1,-1,0,-1
2020320476869,2020,320476869,2,9,0,18,19,7,3,0,0,0,1,0,1,4,3,1,6,6,1,40,7,1995,2,11,BMW 5 SERIES,-1,-1,0,-1
2020010229918,2020,010229918,1,9,0,99,99,9,9,99,99,9,9,99,9,99,1,9,6,6,1,55,8,1995,2,14,BMW 5 SERIES,1,E01001483,0,-1
202006Q274982,2020,06Q274982,2,9,0,17,19,2,7,0,0,0,0,0,0,0,1,1,6,6,1,38,7,1990,1,33,BMW 5 SERIES,1,E01005328,0,-1
2020470929255,2020,470929255,2,9,0,16,19,4,7,0,0,0,0,0,0,0,0,1,2,2,1,45,7,1995,2,4,BMW 5 SERIES,6,E01031449,0,-1
2020530952918,2020,530952918,1,9,0,17,19,1,5,0,0,8,0,0,7,2,4,1,1,1,1,36,7,2993,2,4,BMW 5 SERIES,5,E01022420,0,-1
2020010252753,2020,010252753,2,9,0,15,15,3,7,0,0,0,0,0,0,0,0,1,1,1,1,50,8,1998,1,1,BMW 5 SERIES,5,E01000631,0,-1
2020470970875,2020,470970875,1,9,0,5,5,3,7,0,0,0,0,0,0,0,3,1,5,6,1,56,9,2993,2,5,BMW 5 SERIES,10,E01031729,0,-1
2020010273593,2020,010273593,1,9,0,18,19,1,5,0,0,2,0,0,0,0,4,1,6,6,1,27,6,1995,2,2,BMW 5 SERIES,3,E01000464,0,-1
2020220927200,2020,220927200,2,9,0,18,19,6,2,0,0,0,0,0,0,0,3,1,5,6,1,48,8,1998,1,2,BMW 5 SERIES,10,E01028845,0,-1
2020990984652,2020,990984652,1,9,0,7,7,1,3,0,0,6,0,0,0,0,3,1,5,6,1,49,8,2394,1,15,BMW 5 SERIES,10,-1,0,-1
2020010253423,2020,010253423,2,9,0,16,19,3,7,0,0,0,0,0,0,0,0,1,1,1,1,33,6,1998,1,1,BMW 5 SERIES,7,E01002514,0,-1
2020360944632,2020,360944632,1,9,0,18,19,4,8,0,0,2,0,0,3,11,1,1,5,6,1,24,5,1995,2,12,BMW 5 SERIES,4,E01026466,0,-1
2020220965835,2020,220965835,2,9,0,4,4,5,1,0,0,1,0,0,0,0,2,1,1,1,1,30,6,1995,2,6,BMW 5 SERIES,2,E01032161,0,-1
2020400919523,2020,400919523,1,9,0,18,19,6,2,0,0,1,0,0,0,0,0,1,5,6,1,46,8,2993,2,7,BMW 5 SERIES,9,E01027037,0,-1
2020460971766,2020,460971766,1,9,0,18,19,8,4,0,0,0,1,0,0,0,1,1,2,2,1,33,6,1995,2,4,BMW 5 SERIES,6,E01024557,0,-1
2020010279493,2020,010279493,2,9,0,3,3,3,7,0,0,8,0,0,0,0,1,1,6,6,1,42,7,1995,2,6,BMW 5 SERIES,4,E01004150,0,-1
2020010247222,2020,010247222,2,9,0,18,19,7,3,0,0,1,0,0,0,0,1,1,6,6,1,33,6,1998,1,1,BMW 5 SERIES,4,E01004142,0,-1
2020137250370,2020,137250370,2,9,0,18,19,7,3,0,0,8,0,0,0,0,3,1,6,6,2,53,8,2993,2,8,BMW 5 SERIES,2,E01011754,0,-1
2020522003651,2020,522003651,3,9,0,2,2,0,0,0,0,0,0,0,0,0,1,1,6,6,1,49,8,1995,2,2,BMW 5 SERIES,6,E01014900,0,-1
2020010279718,2020,010279718,1,9,0,18,19,1,5,0,0,8,0,0,0,0,1,1,6,6,1,-1,-1,1995,2,6,BMW 5 SERIES,3,E01014690,0,-1
2020230929191,2020,230929191,2,9,0,18,19,3,7,0,0,8,0,0,0,0,1,2,5,6,1,35,6,1995,2,5,BMW 5 SERIES,9,E01023361,0,-1
2020010243164,2020,010243164,3,9,0,18,19,7,3,0,0,2,0,0,0,0,0,1,6,6,1,37,7,2993,2,5,BMW 5 SERIES,4,E01000472,0,-1
2020010270730,2020,010270730,1,9,0,99,99,9,9,99,99,1,9,99,9,99,9,9,6,6,1,41,7,1995,2,6,BMW 5 SERIES,3,E01000741,0,-1
2020440498627,2020,440498627,1,9,0,18,19,7,4,0,0,0,0,0,0,0,4,1,6,6,1,25,5,2497,2,17,BMW 5 SERIES,5,E01023151,0,-1
2020201025959,2020,201025959,4,9,0,17,19,6,3,0,0,1,0,0,0,0,0,1,1,1,1,-1,-1,2993,2,0,BMW 5 SERIES,3,E01009239,0,-1
2020010240502,2020,010240502,2,9,0,99,99,9,9,99,99,9,9,99,9,99,2,9,6,6,3,-1,-1,2996,1,14,BMW 5 SERIES,4,E01001459,0,-1
2020500988999,2020,500988999,1,9,0,4,4,8,4,0,0,1,0,0,0,0,2,1,5,6,1,45,7,1995,2,15,BMW 5 SERIES,1,E01029293,0,-1
2020200984388,2020,200984388,1,9,0,9,9,5,2,0,0,6,0,0,0,0,3,1,6,6,1,60,9,2993,2,6,BMW 5 SERIES,5,E01009108,0,-1
2020052002167,2020,052002167,1,9,0,18,19,5,1,0,0,0,0,0,0,0,1,1,6,6,1,67,10,2993,2,2,BMW 5 SERIES,2,E01006977,0,-1
2020010245118,2020,010245118,2,9,0,18,19,7,3,0,0,0,0,0,0,0,4,1,1,1,1,43,7,1998,1,1,BMW 5 SERIES,3,E01004666,0,-1
2020522005052,2020,522005052,1,9,0,12,12,6,2,0,0,0,0,0,0,0,1,1,6,6,1,41,7,1995,2,5,BMW 5 SERIES,1,E01014655,0,-1
2020200932518,2020,200932518,2,9,0,18,19,2,6,0,0,8,0,0,0,0,1,1,6,6,1,30,6,1995,2,8,BMW 5 SERIES,7,E01010138,0,-1
2020500993010,2020,500993010,1,9,0,17,19,7,3,0,0,0,0,0,0,0,4,1,5,6,1,18,4,1995,2,7,BMW 5 SERIES,3,E01015159,0,-1
2020544951520,2020,544951520,1,9,0,5,5,1,5,0,0,4,0,0,0,0,1,1,6,6,1,80,11,1995,2,6,BMW 5 SERIES,9,E01015547,0,-1
202006XK67600,2020,06XK67600,2,9,0,18,19,1,5,0,0,0,0,0,0,0,1,1,6,6,2,26,6,2993,2,1,BMW 5 SERIES,9,E01006374,0,-1
2020200944680,2020,200944680,2,9,0,18,19,4,8,0,0,8,0,0,0,0,1,1,2,2,1,40,7,1995,2,5,BMW 5 SERIES,5,E01009179,0,-1
2020010267048,2020,010267048,1,9,0,3,3,3,7,0,0,4,0,0,0,0,2,1,6,6,1,68,10,1995,2,6,BMW 5 SERIES,5,E01000067,0,-1
2020200994240,2020,200994240,4,9,0,18,19,4,8,0,0,1,0,0,0,0,4,1,1,1,1,-1,-1,2993,2,0,BMW 5 SERIES,5,E01009234,0,-1
2020200970167,2020,200970167,1,9,0,18,19,2,6,0,0,8,0,0,0,0,1,1,6,6,1,39,7,2993,2,14,BMW 5 SERIES,3,E01009220,0,-1
2020201016976,2020,201016976,6,9,0,18,19,8,4,0,0,1,0,0,0,0,1,1,6,6,1,-1,-1,2993,2,0,BMW 5 SERIES,5,E01009234,0,-1
2020010229861,2020,010229861,1,9,0,18,19,3,7,0,0,8,0,0,0,0,1,1,6,6,1,28,6,1998,8,3,BMW 5 SERIES,4,E01002754,0,-1
2020052000226,2020,052000226,1,9,0,9,9,3,1,0,0,6,0,0,0,0,9,1,6,6,1,36,7,1998,8,2,BMW 5 SERIES,3,E01007297,0,-1
2020041002259,2020,041002259,2,9,0,4,4,1,5,0,0,0,0,0,0,0,2,1,6,6,1,29,6,1995,2,8,BMW 5 SERIES,-1,-1,0,-1
2020070034191,2020,070034191,1,9,0,4,4,4,8,0,0,1,0,0,0,0,0,1,6,6,2,39,7,1995,2,5,BMW 5 SERIES,10,E01018683,0,-1
2020041030561,2020,041030561,3,9,0,18,19,5,1,0,0,1,0,0,0,0,2,1,6,6,1,37,7,2000,2,9,BMW 5 SERIES,1,E01033226,0,-1
2020010249788,2020,010249788,1,9,0,18,19,3,7,0,0,1,0,0,0,0,3,9,2,2,1,43,7,1995,2,5,BMW 5 SERIES,2,E01003542,0,-1
2020010245269,2020,010245269,2,9,0,99,99,9,9,99,99,1,9,99,9,99,1,9,6,6,3,-1,-1,2000,2,9,BMW 5 SERIES,-1,-1,0,-1
2020010229719,2020,010229719,3,9,0,18,19,2,6,0,0,1,0,0,0,0,0,1,1,1,1,40,7,1998,1,1,BMW 5 SERIES,3,E01003221,0,-1
2020010267277,2020,010267277,2,9,0,18,19,8,4,0,0,1,0,0,0,0,2,1,6,6,1,30,6,1995,2,4,BMW 5 SERIES,4,E01001355,0,-1
2020010272130,2020,010272130,1,9,0,9,9,5,3,0,0,6,0,0,0,0,3,1,6,6,2,41,7,1995,2,4,BMW 5 SERIES,6,E01000706,0,-1
2020010281628,2020,010281628,1,9,0,3,3,3,7,0,0,0,0,0,0,0,2,1,6,6,2,47,8,2993,2,15,BMW 5 SERIES,2,E01000783,0,-1
2020500940482,2020,500940482,1,9,0,18,19,2,6,0,0,0,0,0,7,3,1,1,5,6,1,72,10,1995,2,13,BMW 5 SERIES,5,E01020123,0,-1
2020010229084,2020,010229084,1,8,0,99,99,9,9,99,99,1,9,99,9,99,2,9,6,6,1,39,7,1995,2,4,-1,4,E01032742,0,-1
2020010251371,2020,010251371,2,9,0,99,99,9,9,99,99,9,9,99,9,99,1,9,6,6,3,-1,-1,2793,1,21,BMW 5 SERIES,2,E01003313,0,-1
2020010263830,2020,010263830,2,9,0,18,19,8,4,0,0,0,0,0,1,10,1,1,2,2,1,26,6,2993,2,4,BMW 5 SERIES,-1,-1,0,-1
2020110988578,2020,110988578,1,9,0,18,19,6,2,0,0,0,5,0,7,0,1,1,6,6,1,37,7,2926,2,21,BMW 5 SERIES,4,E01020900,0,-1
2020410926545,2020,410926545,1,9,0,18,19,1,5,0,0,0,0,0,0,0,0,1,6,6,1,40,7,2993,2,1,BMW 5 SERIES,-1,-1,0,-1
2020410955640,2020,410955640,2,9,0,18,19,3,7,0,0,0,0,0,0,0,0,1,1,1,1,41,7,2993,2,2,BMW 5 SERIES,2,E01023758,0,-1
2020010236079,2020,010236079,2,9,0,18,19,3,7,0,0,0,0,0,0,0,0,1,1,1,1,39,7,1998,1,1,BMW 5 SERIES,4,E01000472,0,-1
2020400936784,2020,400936784,1,9,0,18,19,2,6,-1,-1,0,0,0,0,0,3,1,5,6,1,89,11,2993,2,14,BMW 5 SERIES,7,E01017420,0,-1
2020010249646,2020,010249646,1,9,0,18,19,1,5,0,0,8,0,0,0,0,1,1,6,6,1,26,6,1995,2,1,BMW 5 SERIES,5,E01024181,0,-1
2020450982682,2020,450982682,1,9,0,18,19,3,7,0,0,1,0,0,0,0,1,1,5,6,1,33,6,1995,2,2,BMW 5 SERIES,-1,-1,0,-1
2020522004148,2020,522004148,1,9,0,5,5,8,4,0,0,0,0,0,0,0,3,1,6,6,1,26,6,2993,2,9,BMW 5 SERIES,9,E01032674,0,-1
2020010266096,2020,010266096,2,9,0,99,99,9,9,99,99,9,9,99,9,99,9,9,6,6,3,29,6,2494,1,21,BMW 5 SERIES,6,E01001075,0,-1
2020010272138,2020,010272138,2,9,0,4,4,7,3,0,0,0,0,0,0,0,0,1,1,1,1,32,6,1998,1,1,BMW 5 SERIES,1,E01003047,0,-1
2020370944415,2020,370944415,1,9,0,7,7,2,4,0,0,1,0,0,0,0,1,1,5,6,1,52,8,1995,2,6,BMW 5 SERIES,8,E01030237,0,-1
2020010238252,2020,010238252,2,9,0,7,7,6,8,0,0,2,9,0,0,99,3,9,6,6,1,36,7,1995,2,12,BMW 5 SERIES,4,E01004622,0,-1
2020010263219,2020,010263219,2,9,0,9,9,7,4,0,0,0,0,0,0,0,1,1,6,6,1,27,6,1995,2,8,BMW 5 SERIES,3,E01001970,0,-1
2020010269450,2020,010269450,3,9,0,18,19,3,7,0,0,0,0,0,0,0,1,1,1,1,1,44,7,2993,2,0,BMW 5 SERIES,3,E01004666,0,-1
2020420950299,2020,420950299,2,9,0,18,19,6,2,0,0,1,0,0,0,0,1,1,6,6,2,29,6,1995,2,2,BMW 5 SERIES,6,E01021807,0,-1
202006K168474,2020,06K168474,3,9,0,18,19,7,3,0,0,8,0,0,0,0,1,1,2,2,1,32,6,2000,2,9,BMW 5 SERIES,1,E01006306,0,-1
2020010255236,2020,010255236,2,9,0,18,19,7,3,0,0,1,0,0,0,0,1,1,1,1,1,44,7,2993,2,0,BMW 5 SERIES,4,E01003666,0,-1
2020622000487,2020,622000487,2,9,0,18,19,1,5,0,0,3,0,0,2,7,2,1,6,6,1,39,7,1995,2,4,BMW 5 SERIES,6,W01000959,0,-1
2020200969955,2020,200969955,2,9,0,18,19,1,5,0,0,8,0,0,0,0,1,1,6,6,1,27,6,1995,2,10,BMW 5 SERIES,3,E01009940,0,-1
2020010242602,2020,010242602,3,9,0,18,19,7,3,0,0,1,0,0,0,0,0,1,1,1,1,-1,-1,1998,1,1,BMW 5 SERIES,4,E01000472,0,-1
2020160986938,2020,160986938,2,9,0,17,19,8,4,0,0,8,0,0,0,0,1,1,6,6,3,-1,-1,2993,2,1,BMW 5 SERIES,-1,-1,0,-1
2020010255598,2020,010255598,1,9,0,17,19,5,1,0,0,1,0,0,0,0,1,1,1,1,1,30,6,1998,1,1,BMW 5 SERIES,6,E01002968,0,-1
2020460952050,2020,460952050,2,9,0,18,19,6,2,0,0,0,1,0,0,0,1,1,6,6,1,42,7,1995,2,11,BMW 5 SERIES,1,E01024661,0,-1
2020010284926,2020,010284926,2,9,0,18,19,3,7,0,0,8,0,0,0,0,0,1,1,1,1,36,7,1998,1,1,BMW 5 SERIES,6,E01000330,0,-1
2020500937133,2020,500937133,1,9,0,17,19,2,6,0,0,3,0,0,1,0,1,1,5,6,2,47,8,2993,2,15,BMW 5 SERIES,5,E01018904,0,-1
2020010232073,2020,010232073,1,9,0,4,4,3,7,0,0,1,0,0,0,0,0,1,1,1,1,32,6,1998,1,1,BMW 5 SERIES,-1,-1,0,-1
2020552000087,2020,552000087,3,9,0,3,3,7,3,0,0,0,0,0,0,0,2,1,6,6,1,30,6,1995,2,6,BMW 5 SERIES,4,E01015276,0,-1
2020052000687,2020,052000687,4,9,0,10,10,5,1,0,0,5,0,0,0,0,2,1,2,2,1,61,9,3000,1,9,BMW 5 SERIES,9,E01006597,0,-1
2020200968068,2020,200968068,2,9,0,18,19,8,4,0,0,8,0,0,0,0,1,1,6,6,1,26,6,2494,1,16,BMW 5 SERIES,1,E01009410,0,-1
2020010252725,2020,010252725,1,9,0,99,99,9,9,99,99,9,9,99,9,99,1,9,6,6,1,33,6,1995,2,4,BMW 5 SERIES,5,E01002245,0,-1
202063B018720,2020,63B018720,1,9,0,7,7,5,6,0,0,6,0,0,0,0,3,1,6,6,1,54,8,1995,2,7,BMW 5 SERIES,8,E01032834,0,-1
202031C051120,2020,31C051120,2,9,0,5,5,1,4,0,0,1,0,0,0,0,3,1,6,6,1,41,7,2993,2,9,BMW 5 SERIES,2,E01013843,0,-1
2020320078253,2020,320078253,2,9,0,3,3,1,5,0,0,4,0,0,0,0,2,1,6,6,1,39,7,1995,2,7,BMW 5 SERIES,3,E01026012,0,-1
2020160967926,2020,160967926,1,9,0,3,3,7,3,0,0,3,0,0,0,0,2,1,5,6,2,31,6,1995,2,9,BMW 5 SERIES,7,E01013290,0,-1
2020010273148,2020,010273148,1,9,0,18,19,7,3,9,9,1,0,0,1,11,1,1,6,6,1,47,8,1995,2,3,BMW 5 SERIES,5,E01001088,0,-1
2020010261381,2020,010261381,2,9,0,18,19,3,7,0,0,3,0,0,0,0,0,1,1,1,1,42,7,1998,1,1,BMW 5 SERIES,4,E01000472,0,-1
2020010248412,2020,010248412,2,9,0,99,99,9,9,99,99,9,9,99,9,99,1,9,6,6,3,-1,-1,2993,2,15,BMW 5 SERIES,3,E01003617,0,-1
2020010283096,2020,010283096,2,9,0,7,7,1,4,0,0,1,0,0,0,0,3,1,6,6,1,29,6,1995,2,4,BMW 5 SERIES,2,E01004235,0,-1
2020450962431,2020,450962431,1,9,0,17,19,7,3,0,0,0,0,4,1,0,1,1,6,6,1,33,6,1995,2,5,BMW 5 SERIES,8,E01004292,0,-1
2020400965566,2020,400965566,1,9,0,18,19,4,8,0,0,0,1,0,2,7,3,1,5,6,1,39,7,1995,2,5,BMW 5 SERIES,2,E01003238,0,-1
2020420959369,2020,420959369,2,9,0,7,7,6,2,0,0,1,1,10,7,0,3,1,1,1,1,42,7,2993,2,0,BMW 5 SERIES,-1,-1,0,-1
2020470942496,2020,470942496,2,9,0,1,1,4,8,0,0,0,0,0,0,0,3,1,5,6,1,43,7,2993,2,2,BMW 5 SERIES,6,E01021034,0,-1
2020010239097,2020,010239097,3,9,3,7,7,5,8,0,0,1,0,0,0,0,0,1,1,1,1,44,7,1998,1,1,BMW 5 SERIES,4,E01003666,0,-1
202006A270296,2020,06A270296,2,9,0,18,19,6,2,0,0,2,0,0,0,0,1,1,6,6,1,60,9,2171,1,16,BMW 5 SERIES,2,E01005136,0,-1
2020010228391,2020,010228391,6,9,0,18,19,5,1,0,0,1,0,0,0,0,0,1,1,1,1,38,7,1998,1,1,BMW 5 SERIES,4,E01033589,0,-1
2020210983371,2020,210983371,1,9,0,8,8,2,6,0,0,0,0,0,0,0,2,1,6,6,1,33,6,1995,2,4,BMW 5 SERIES,1,E01010370,0,-1
2020010261886,2020,010261886,2,9,0,10,10,5,3,0,0,1,0,0,0,0,1,1,6,6,1,42,7,1995,2,7,BMW 5 SERIES,8,E01002453,0,-1
2020302000744,2020,302000744,2,9,0,9,9,7,6,0,0,6,0,0,0,0,1,1,6,6,1,44,7,1995,2,13,BMW 5 SERIES,1,E01013487,0,-1
2020040959053,2020,040959053,2,9,0,18,19,1,5,0,0,0,0,0,0,0,4,1,5,6,1,51,8,1995,2,1,BMW 5 SERIES,4,E01007040,0,-1
2020420931434,2020,420931434,1,9,0,18,19,1,5,0,0,1,0,0,0,0,1,1,6,6,1,41,7,2993,2,2,BMW 5 SERIES,10,E01021474,0,-1
2020010243292,2020,010243292,2,9,0,3,3,7,3,0,0,0,0,0,0,0,4,1,1,1,1,34,6,1998,1,1,BMW 5 SERIES,4,E01004401,0,-1
2020540537820,2020,540537820,1,9,0,5,5,7,4,0,0,1,0,0,0,0,1,1,1,1,1,40,7,2993,2,13,BMW 5 SERIES,8,E01032871,0,-1
2020430271580,2020,430271580,3,9,0,2,2,0,0,0,0,0,0,0,0,0,3,1,6,6,3,-1,-1,2171,1,17,BMW 5 SERIES,-1,-1,0,-1
2020460966024,2020,460966024,2,9,0,18,19,3,7,0,0,0,0,0,0,0,4,1,5,6,1,62,9,2993,2,7,BMW 5 SERIES,6,E01024345,0,-1
2020010287101,2020,010287101,1,9,0,4,4,7,3,0,0,1,0,0,0,0,3,1,6,6,2,39,7,2000,2,10,BMW 5 SERIES,3,E01000092,0,-1
2020137CF0986,2020,137CF0986,1,9,0,18,19,6,2,0,0,8,0,0,0,0,1,1,6,6,1,65,9,1998,1,0,BMW 5 SERIES,3,E01011298,0,-1
2020200927960,2020,200927960,1,9,0,7,7,2,4,0,0,2,0,0,0,0,1,1,6,6,1,-1,-1,2993,2,13,BMW 5 SERIES,3,E01008952,0,-1