collision_index,collision_year,collision_ref_no,vehicle_reference,vehicle_type,towing_and_articulation,vehicle_manoeuvre_historic,vehicle_manoeuvre,vehicle_direction_from,vehicle_direction_to,vehicle_location_restricted_lane_historic,vehicle_location_restricted_lane,junction_location,skidding_and_overturning,hit_object_in_carriageway,vehicle_leaving_carriageway,hit_object_off_carriageway,first_point_of_impact,vehicle_left_hand_drive,journey_purpose_of_driver_historic,journey_purpose_of_driver,sex_of_driver,age_of_driver,age_band_of_driver,engine_capacity_cc,propulsion_code,age_of_vehicle,generic_make_model,driver_imd_decile,lsoa_of_driver,escooter_flag,driver_distance_banding
2020010264435,2020,010264435,1,9,0,18,19,3,7,0,0,0,0,0,0,0,1,1,2,2,1,62,9,2494,1,15,BMW 5 SERIES,8,E01002414,0,-1
2020470920832,2020,470920832,4,9,0,18,19,7,3,0,0,0,0,0,0,0,0,1,1,1,1,46,8,2993,2,2,BMW 5 SERIES,9,E01031391,0,-1
2020010268201,2020,010268201,1,9,0,18,19,5,1,0,0,0,0,0,0,0,2,1,1,1,1,45,7,2993,2,0,BMW 5 SERIES,10,E01017612,0,-1
202054B682920,2020,54B682920,1,9,0,9,9,2,8,0,0,1,0,0,0,0,3,1,6,6,1,24,5,2494,1,18,BMW 5 SERIES,4,E01031980,0,-1
2020410933203,2020,410933203,2,9,0,5,5,5,1,0,0,6,0,0,0,0,1,1,5,6,2,35,6,1995,2,11,BMW 5 SERIES,4,E01023906,0,-1
2020990966283,2020,990966283,1,9,0,4,4,1,6,0,0,1,0,4,0,0,1,1,6,6,1,21,5,2497,2,15,BMW 5 SERIES,1,-1,0,-1
2020421001247,2020,421001247,4,9,0,18,19,3,7,0,0,0,0,0,0,0,1,1,5,6,2,35,6,2993,2,6,BMW 5 SERIES,9,E01021543,0,-1
2020010273434,2020,010273434,2,9,0,13,13,7,3,0,0,0,0,0,0,0,1,1,1,1,1,42,7,1998,1,0,BMW 5 SERIES,3,E01003221,0,-1
2020010281246,2020,010281246,2,9,0,4,4,3,7,0,0,0,0,1,0,0,3,1,6,6,1,42,7,2993,2,15,BMW 5 SERIES,-1,-1,0,-1
2020552001040,2020,552001040,1,9,0,18,19,2,6,0,0,6,1,0,3,0,1,1,6,6,1,42,7,1995,2,5,BMW 5 SERIES,2,E01020575,0,-1
2020430398729,2020,430398729,3,9,0,18,19,1,5,0,0,0,0,0,0,0,1,1,2,2,1,-1,-1,2000,2,10,BMW 5 SERIES,-1,-1,0,-1
2020070029944,2020,070029944,3,9,0,18,19,3,1,0,0,1,0,0,0,0,0,1,6,6,1,30,6,2000,2,11,BMW 5 SERIES,-1,-1,0,-1
202031C108820,2020,31C108820,2,9,0,18,19,5,1,0,0,8,0,0,7,11,4,1,6,6,1,53,8,1995,2,6,BMW 5 SERIES,8,E01028182,0,-1
2020622000862,2020,622000862,3,9,0,18,19,2,6,0,0,0,0,0,0,0,4,1,6,6,1,62,9,1995,2,3,BMW 5 SERIES,5,W01001229,0,-1
2020052000386,2020,052000386,1,8,0,9,9,2,7,0,0,2,0,0,0,0,3,1,1,1,2,58,9,1995,2,8,-1,9,E01025343,0,-1
2020622000623,2020,622000623,2,9,0,2,2,0,0,0,0,0,0,0,0,0,3,1,6,6,3,-1,-1,2993,2,13,BMW 5 SERIES,-1,-1,0,-1
2020200966211,2020,200966211,1,9,0,18,19,1,5,0,0,8,0,0,0,0,1,1,6,6,2,31,6,1995,2,8,BMW 5 SERIES,3,E01009857,0,-1
2020530936590,2020,530936590,1,9,0,9,9,1,7,0,0,0,0,0,0,0,1,1,3,7,2,33,6,1995,2,6,BMW 5 SERIES,6,E01022348,0,-1
2020052000507,2020,052000507,1,9,0,18,19,1,5,0,0,0,0,0,0,0,4,1,6,6,1,34,6,1995,2,9,BMW 5 SERIES,5,E01006490,0,-1
2020460924997,2020,460924997,2,9,0,18,19,2,6,0,0,0,0,0,0,0,2,1,6,6,1,36,7,2000,2,9,BMW 5 SERIES,5,E01032654,0,-1
2020052002242,2020,052002242,1,9,0,9,9,5,3,0,0,5,0,0,0,0,4,1,6,6,2,44,7,1998,8,1,BMW 5 SERIES,4,E01006543,0,-1
2020470925526,2020,470925526,3,9,0,2,2,0,0,0,0,0,0,0,0,0,0,1,5,6,1,30,6,1995,2,7,BMW 5 SERIES,4,E01003683,0,-1
2020010261708,2020,010261708,2,9,0,99,99,9,9,99,99,9,9,99,9,99,1,9,6,6,3,-1,-1,2000,2,9,BMW 5 SERIES,-1,-1,0,-1
2020010276602,2020,010276602,1,9,0,9,9,3,1,0,0,5,0,0,0,0,4,1,1,1,1,54,8,1998,8,0,BMW 5 SERIES,3,E01004698,0,-1
2020450960388,2020,450960388,2,9,0,18,19,5,1,0,0,4,0,0,0,0,1,1,5,6,1,42,7,2993,2,9,BMW 5 SERIES,9,E01002916,0,-1
2020420964300,2020,420964300,3,9,0,4,4,1,5,0,0,1,0,0,0,0,0,1,5,6,1,46,8,2993,2,0,BMW 5 SERIES,9,E01021940,0,-1
2020010265959,2020,010265959,2,9,0,99,99,9,9,99,99,1,9,99,9,99,1,9,6,6,3,-1,-1,1995,2,6,BMW 5 SERIES,5,E01000606,0,-1
2020010243233,2020,010243233,1,9,0,18,19,7,3,0,0,1,0,0,0,0,1,1,6,6,1,28,6,1995,2,12,BMW 5 SERIES,5,E01002119,0,-1
2020990944242,2020,990944242,2,9,0,3,3,6,2,0,0,1,0,0,0,0,2,1,6,6,2,41,7,1995,2,1,BMW 5 SERIES,8,-1,0,-1
2020010277497,2020,010277497,1,9,0,99,99,9,9,99,99,9,9,99,9,99,2,9,6,6,2,38,7,1997,1,6,BMW 5 SERIES,5,E01004383,0,-1
2020450971654,2020,450971654,1,9,0,18,19,8,4,0,0,0,0,0,0,0,2,1,1,1,1,42,7,1995,2,13,BMW 5 SERIES,-1,-1,0,-1
2020010228499,2020,010228499,6,9,0,18,19,7,3,0,0,2,0,0,0,0,3,1,1,1,1,46,8,2993,2,4,BMW 5 SERIES,3,E01003221,0,-1
2020010243297,2020,010243297,2,9,0,18,19,7,3,0,0,0,0,0,0,0,9,1,6,6,3,-1,-1,2993,2,14,BMW 5 SERIES,-1,-1,0,-1
2020400981964,2020,400981964,1,9,0,18,19,6,2,0,0,0,2,10,7,0,4,1,5,6,1,28,6,2993,2,8,BMW 5 SERIES,-1,-1,0,-1
2020320561881,2020,320561881,1,9,0,9,9,3,8,0,0,8,0,0,0,0,4,1,6,6,1,59,9,2979,1,17,BMW 5 SERIES,4,E01024582,0,-1
2020400926706,2020,400926706,1,9,0,12,12,5,1,0,0,0,0,0,0,0,3,1,6,6,3,-1,-1,1995,2,1,BMW 5 SERIES,-1,-1,0,-1
2020420971040,2020,420971040,1,9,0,18,19,6,2,0,0,0,0,0,0,0,0,1,6,6,1,50,8,1995,2,4,BMW 5 SERIES,4,E01015831,0,-1
2020010274975,2020,010274975,1,9,0,99,99,9,9,99,99,2,9,99,9,99,2,9,2,2,1,37,7,1995,2,9,BMW 5 SERIES,4,E01000171,0,-1
2020400929323,2020,400929323,2,9,0,3,3,7,3,0,0,4,0,0,0,0,2,1,5,6,1,35,6,2996,1,9,BMW 5 SERIES,3,E01015715,0,-1
2020200974565,2020,200974565,2,9,0,4,4,6,2,0,0,0,0,0,0,0,0,1,1,1,1,-1,-1,2993,2,2,BMW 5 SERIES,-1,-1,0,-1
2020010236455,2020,010236455,1,9,0,18,19,7,3,0,0,7,0,0,0,0,1,1,1,1,1,41,7,1998,1,1,BMW 5 SERIES,6,E01000330,0,-1
2020010266606,2020,010266606,3,9,0,4,4,1,5,0,0,0,0,0,0,0,0,1,6,6,1,20,4,1995,2,6,BMW 5 SERIES,-1,-1,0,-1
2020010242517,2020,010242517,1,9,0,8,8,4,6,0,0,6,0,10,0,0,3,1,6,6,1,67,10,1995,2,5,BMW 5 SERIES,-1,-1,0,-1
2020010279429,2020,010279429,2,9,0,99,99,9,9,99,99,9,9,99,9,99,0,9,6,6,3,38,7,1995,2,13,BMW 5 SERIES,8,E01002109,0,-1
2020430112353,2020,430112353,2,9,0,1,1,3,7,0,0,2,0,0,0,0,2,1,6,6,1,-1,-1,2494,1,21,BMW 5 SERIES,-1,-1,0,-1
2020010247324,2020,010247324,3,9,0,18,19,2,6,0,0,1,0,0,0,0,0,1,6,6,1,43,7,1998,1,1,BMW 5 SERIES,-1,-1,0,-1
2020140977708,2020,140977708,1,9,0,18,19,3,1,0,0,0,0,0,0,0,1,1,5,6,2,26,6,1995,2,6,BMW 5 SERIES,1,E01011901,0,-1
2020010262759,2020,010262759,1,9,0,18,19,3,7,0,0,1,0,0,0,0,0,1,1,1,1,41,7,2993,2,5,BMW 5 SERIES,4,E01003666,0,-1
2020010235496,2020,010235496,2,9,0,10,10,1,7,0,0,8,0,0,0,0,3,1,6,6,1,38,7,2993,2,3,BMW 5 SERIES,6,E01004493,0,-1
2020010250487,2020,010250487,4,9,0,2,2,0,0,9,9,2,0,0,0,0,2,1,6,6,3,-1,-1,1995,2,6,BMW 5 SERIES,-1,-1,0,-1
2020460943020,2020,460943020,2,9,0,2,2,0,0,0,0,0,0,0,0,0,4,1,5,6,1,27,6,1995,2,8,BMW 5 SERIES,2,E01024662,0,-1
2020450995001,2020,450995001,1,9,0,18,19,1,5,0,0,0,0,0,0,0,2,1,5,6,1,36,7,1995,2,5,BMW 5 SERIES,10,E01030780,0,-1
2020010272774,2020,010272774,2,9,0,99,99,9,9,99,99,2,9,99,9,99,3,9,6,6,3,-1,-1,1995,12,0,BMW 5 SERIES,-1,-1,0,-1
2020430364864,2020,430364864,3,9,0,18,19,7,3,0,0,8,0,0,1,0,1,1,6,6,1,49,8,2494,1,17,BMW 5 SERIES,10,E01028740,0,-1
2020161008095,2020,161008095,1,9,0,18,19,7,3,0,0,8,0,0,0,0,2,1,5,6,1,26,6,1995,2,5,BMW 5 SERIES,2,E01032502,0,-1
2020421000777,2020,421000777,1,9,0,18,19,2,4,0,0,0,0,0,0,0,1,1,6,6,2,30,6,1995,2,10,BMW 5 SERIES,-1,-1,0,-1
2020420970906,2020,420970906,2,9,0,18,19,5,1,0,0,0,0,0,0,0,1,1,1,1,1,40,7,2993,2,1,BMW 5 SERIES,5,E01021720,0,-1
2020421003976,2020,421003976,3,9,0,18,19,2,6,0,0,0,0,0,0,0,1,1,5,6,1,49,8,1995,2,3,BMW 5 SERIES,10,E01015830,0,-1
2020420965032,2020,420965032,2,9,0,18,19,1,5,0,0,8,0,0,0,0,1,1,1,1,1,42,7,2993,2,3,BMW 5 SERIES,8,E01021544,0,-1
2020201020699,2020,201020699,5,9,0,2,2,0,0,0,0,0,0,0,0,0,2,1,5,6,1,-1,-1,2993,2,12,BMW 5 SERIES,-1,-1,0,-1
2020990933023,2020,990933023,1,9,0,9,9,7,4,0,0,4,0,0,0,0,4,1,5,6,1,23,5,2993,2,3,BMW 5 SERIES,5,-1,0,-1
2020500959164,2020,500959164,1,9,0,18,19,4,8,0,0,0,0,0,7,0,3,1,1,1,1,57,9,2993,2,1,BMW 5 SERIES,7,E01018934,0,-1
2020010230306,2020,010230306,1,9,0,5,5,1,5,0,0,1,0,0,0,0,1,1,2,2,1,53,8,2000,2,10,BMW 5 SERIES,2,E01003151,0,-1
2020210960134,2020,210960134,1,9,0,17,19,3,7,0,0,0,1,0,7,11,3,1,2,2,1,35,6,2993,2,8,BMW 5 SERIES,-1,-1,0,-1
2020160990293,2020,160990293,1,9,0,2,2,0,0,0,0,0,0,0,0,0,4,1,3,7,1,-1,-1,2993,2,17,BMW 5 SERIES,-1,-1,0,-1
2020010261605,2020,010261605,1,9,0,99,99,9,9,99,99,9,9,99,9,99,4,9,2,2,2,29,6,1995,2,7,BMW 5 SERIES,4,E01023333,0,-1
2020160980502,2020,160980502,2,9,0,18,19,7,3,0,0,0,0,0,0,0,1,1,6,6,2,40,7,2497,2,14,BMW 5 SERIES,7,E01013014,0,-1
2020500975703,2020,500975703,3,9,0,18,19,5,1,0,0,1,0,0,0,0,2,1,5,6,1,66,10,1998,8,2,BMW 5 SERIES,7,E01020298,0,-1
2020010249484,2020,010249484,2,9,0,99,99,9,9,99,99,9,9,99,9,99,9,9,6,6,3,-1,-1,1998,1,1,BMW 5 SERIES,2,E01004424,0,-1
2020201002503,2020,201002503,2,9,0,4,4,3,7,0,0,0,0,0,0,0,2,1,1,1,2,-1,-1,2993,2,0,BMW 5 SERIES,5,E01009234,0,-1
2020430033300,2020,430033300,1,9,0,18,19,3,7,0,0,0,0,0,0,0,1,1,6,6,1,25,5,2979,1,16,BMW 5 SERIES,6,E01033453,0,-1
2020200957856,2020,200957856,2,9,0,18,19,1,7,0,0,0,0,4,0,0,1,1,6,6,1,22,5,1995,2,9,BMW 5 SERIES,10,E01010248,0,-1
2020010286072,2020,010286072,2,9,0,99,99,9,9,99,99,9,9,99,9,99,9,9,6,6,1,-1,-1,1995,2,5,BMW 5 SERIES,1,E01004541,0,-1
2020220945246,2020,220945246,1,9,0,5,5,6,3,0,0,4,0,0,0,0,1,1,5,6,1,65,9,2497,2,14,BMW 5 SERIES,4,E01028984,0,-1
2020400989521,2020,400989521,2,9,0,5,5,6,2,0,0,8,0,0,0,0,1,1,1,1,1,44,7,2993,2,1,BMW 5 SERIES,6,E01018151,0,-1
2020450983790,2020,450983790,2,9,0,18,19,3,7,0,0,0,0,0,0,0,1,1,1,1,1,37,7,2993,2,1,BMW 5 SERIES,10,E01030435,0,-1
2020010280060,2020,010280060,1,9,0,99,99,9,9,99,99,0,9,99,9,99,1,9,2,2,1,47,8,1995,2,8,BMW 5 SERIES,3,E01000089,0,-1
2020522004228,2020,522004228,1,9,0,13,13,8,4,0,0,8,0,0,7,2,1,1,1,1,1,40,7,2993,2,3,BMW 5 SERIES,9,E01014862,0,-1
2020990988532,2020,990988532,1,9,0,18,19,3,7,0,0,4,0,0,0,0,1,1,5,6,1,69,10,1995,2,4,BMW 5 SERIES,3,-1,0,-1
2020010251407,2020,010251407,1,9,0,7,7,3,6,0,0,0,0,0,0,0,1,1,6,6,1,59,9,1995,2,7,BMW 5 SERIES,-1,-1,0,-1
2020302000121,2020,302000121,2,9,0,16,19,2,6,0,0,0,0,0,0,0,2,1,6,6,1,56,9,1995,2,5,BMW 5 SERIES,5,E01019428,0,-1
2020170S10970,2020,170S10970,1,9,0,18,19,4,8,0,0,0,0,0,0,0,1,1,6,6,1,75,10,1995,2,4,BMW 5 SERIES,-1,-1,0,-1
2020010251174,2020,010251174,1,9,0,3,3,3,7,0,0,0,0,0,0,0,2,1,2,2,1,41,7,1995,2,10,BMW 5 SERIES,8,E01002574,0,-1
2020010253910,2020,010253910,1,9,0,99,99,9,9,99,99,1,9,99,9,99,2,9,6,6,1,32,6,1995,2,9,BMW 5 SERIES,3,E01002770,0,-1
2020332000002,2020,332000002,2,9,0,18,19,3,7,0,0,8,0,0,1,9,1,1,6,6,1,24,5,1995,2,14,BMW 5 SERIES,7,E01015659,0,-1
2020501015495,2020,501015495,1,9,0,1,1,6,2,0,0,0,0,0,0,0,2,1,2,2,1,50,8,2993,2,5,BMW 5 SERIES,2,E01018999,0,-1
2020141008199,2020,141008199,1,9,0,18,19,7,3,0,0,0,0,0,1,0,1,1,1,1,1,54,8,2993,2,1,BMW 5 SERIES,1,E01007902,0,-1
2020010244127,2020,010244127,2,9,0,4,4,1,5,0,0,0,0,0,0,0,1,1,1,1,1,34,6,1998,1,1,BMW 5 SERIES,6,E01000330,0,-1
2020010278100,2020,010278100,3,9,0,3,3,5,1,0,0,4,0,0,0,0,2,1,6,6,1,40,7,3498,1,18,BMW 5 SERIES,6,E01002327,0,-1
2020440477676,2020,440477676,1,9,0,18,19,5,1,0,0,0,0,0,0,0,1,1,6,6,1,56,9,1995,2,5,BMW 5 SERIES,5,E01022806,0,-1
2020420946146,2020,420946146,2,9,0,4,4,7,3,0,0,0,0,0,0,0,1,1,1,1,1,25,5,2993,2,3,BMW 5 SERIES,8,E01021750,0,-1
2020200994240,2020,200994240,7,9,0,18,19,4,8,0,0,1,0,8,0,0,1,1,1,1,1,-1,-1,2993,2,0,BMW 5 SERIES,5,E01009234,0,-1
2020010232757,2020,010232757,4,9,0,18,19,5,1,0,0,1,0,0,0,0,0,1,1,1,1,-1,-1,1998,1,1,BMW 5 SERIES,4,E01001247,0,-1
202006E268020,2020,06E268020,1,9,0,18,19,5,2,0,0,8,0,0,0,0,4,1,6,6,3,-1,-1,1995,2,6,BMW 5 SERIES,-1,-1,0,-1
2020010231463,2020,010231463,2,9,0,18,19,1,5,0,0,1,1,4,0,0,1,1,6,6,1,23,5,1995,2,9,BMW 5 SERIES,3,E01001637,0,-1
2020500956916,2020,500956916,1,9,0,18,19,1,5,0,0,3,1,0,1,11,1,1,5,6,1,19,4,2993,2,15,BMW 5 SERIES,9,E01028775,0,-1
2020450927212,2020,450927212,2,9,0,4,4,7,3,0,0,0,0,0,0,0,1,1,6,6,1,31,6,1995,2,14,BMW 5 SERIES,7,E01030968,0,-1
2020010237875,2020,010237875,4,9,0,2,2,0,0,0,0,8,0,0,0,0,4,1,6,6,3,-1,-1,1995,2,8,BMW 5 SERIES,-1,-1,0,-1
2020430242766,2020,430242766,1,9,0,1,1,3,7,0,0,8,0,0,0,0,4,1,6,6,1,53,8,1995,2,3,BMW 5 SERIES,4,E01016716,0,-1
2020990978775,2020,990978775,2,9,0,13,13,4,8,0,0,1,0,0,0,0,1,1,1,1,1,43,7,2993,2,6,BMW 5 SERIES,7,-1,0,-1
2020010245484,2020,010245484,2,9,0,99,99,9,9,99,99,0,9,99,9,99,9,9,6,6,3,-1,-1,1998,8,3,BMW 5 SERIES,-1,-1,0,-1
2020070560545,2020,070560545,1,9,0,16,19,3,7,0,0,0,0,0,0,0,1,1,6,6,1,75,10,1995,2,9,BMW 5 SERIES,7,E01018708,0,-1
2020010229971,2020,010229971,2,9,0,18,19,5,1,0,0,1,0,8,0,0,1,1,6,6,1,85,11,2996,1,10,BMW 5 SERIES,9,E01030554,0,-1
2020430061070,2020,430061070,1,9,0,13,13,5,1,0,0,0,0,0,0,0,0,1,1,1,1,28,6,2494,1,17,BMW 5 SERIES,5,E01017923,0,-1
2020010275459,2020,010275459,1,9,0,6,6,7,7,0,0,8,0,0,0,0,4,1,1,1,1,51,8,1995,2,6,BMW 5 SERIES,8,E01003361,0,-1
2020010255052,2020,010255052,2,9,0,18,19,1,5,0,0,0,0,0,0,0,0,1,1,1,1,42,7,2993,2,3,BMW 5 SERIES,-1,-1,0,-1
2020450947973,2020,450947973,2,9,0,4,4,5,1,0,0,0,0,0,0,0,1,1,1,1,1,30,6,2993,2,2,BMW 5 SERIES,6,E01030842,0,-1
2020410934343,2020,410934343,1,9,0,18,19,2,5,0,0,4,0,0,0,0,1,1,6,6,1,60,9,2993,2,8,BMW 5 SERIES,10,E01023908,0,-1
2020010261865,2020,010261865,2,9,0,99,99,9,9,99,99,9,9,99,9,99,1,9,6,6,3,-1,-1,1995,2,6,BMW 5 SERIES,1,E01015795,0,-1
2020010231786,2020,010231786,3,9,0,18,19,5,1,0,0,8,0,0,0,0,1,1,1,1,1,40,7,2993,2,4,BMW 5 SERIES,3,E01003221,0,-1
2020200995892,2020,200995892,2,9,0,18,19,6,2,0,0,3,0,0,0,0,1,1,6,6,1,27,6,2993,2,5,BMW 5 SERIES,5,E01008994,0,-1
2020010278210,2020,010278210,1,9,0,5,5,4,8,0,0,6,0,0,1,0,3,1,6,6,1,49,8,2993,2,14,BMW 5 SERIES,2,E01002634,0,-1
2020010276954,2020,010276954,1,9,0,18,19,5,1,0,0,1,0,4,0,0,1,1,6,6,1,34,6,2993,2,14,BMW 5 SERIES,3,E01000088,0,-1
2020010247278,2020,010247278,4,9,0,18,19,7,3,0,0,0,0,0,0,0,0,1,6,6,1,19,4,2993,2,4,BMW 5 SERIES,4,E01003666,0,-1
202031A029420,2020,31A029420,1,9,0,4,4,2,6,0,0,0,0,0,0,0,2,1,1,1,1,37,7,2993,2,3,BMW 5 SERIES,9,E01028241,0,-1
202031C025120,2020,31C025120,1,9,0,18,19,8,4,0,0,4,0,0,0,0,1,1,2,2,1,50,8,2993,2,4,BMW 5 SERIES,8,E01025781,0,-1
2020010278604,2020,010278604,1,9,0,1,1,7,3,0,0,0,9,0,0,0,1,9,6,6,1,34,6,1995,2,4,BMW 5 SERIES,-1,-1,0,-1
2020010265911,2020,010265911,2,9,0,99,99,9,9,99,99,0,9,99,9,99,1,9,6,6,3,-1,-1,1995,2,4,BMW 5 SERIES,-1,-1,0,-1
2020010278438,2020,010278438,2,9,0,99,99,9,9,99,99,9,9,99,9,99,9,9,6,6,3,-1,-1,2993,2,12,BMW 5 SERIES,-1,-1,0,-1
2020010284537,2020,010284537,5,9,0,18,19,5,1,0,0,1,0,0,0,0,0,1,1,1,1,38,7,1998,1,1,BMW 5 SERIES,4,E01001247,0,-1
2020010261921,2020,010261921,2,9,0,18,19,7,3,0,0,1,0,0,0,0,1,1,6,6,3,-1,-1,1995,2,5,BMW 5 SERIES,-1,-1,0,-1
2020010228985,2020,010228985,2,9,0,18,19,7,3,0,0,0,1,0,1,11,2,1,1,1,1,38,7,2993,2,5,BMW 5 SERIES,4,E01000472,0,-1
2020010238509,2020,010238509,2,9,0,18,19,3,7,0,0,1,0,0,0,0,0,1,1,1,1,45,7,1998,1,1,BMW 5 SERIES,4,E01003666,0,-1
2020010244845,2020,010244845,3,9,0,18,19,1,5,0,0,2,0,0,0,0,0,1,1,1,1,48,8,1998,1,1,BMW 5 SERIES,4,E01003666,0,-1
2020010266449,2020,010266449,2,9,0,99,99,9,9,99,99,0,9,99,9,99,1,9,6,6,3,-1,-1,1995,2,8,BMW 5 SERIES,10,E01021587,0,-1
2020010280258,2020,010280258,4,9,0,5,5,6,2,0,0,1,0,0,0,0,0,1,6,6,1,32,6,2993,2,0,BMW 5 SERIES,3,E01004666,0,-1
2020010269405,2020,010269405,1,9,0,18,19,7,3,0,0,1,0,0,0,0,2,1,6,6,1,53,8,1998,8,2,BMW 5 SERIES,2,E01000525,0,-1
2020460967781,2020,460967781,1,9,0,7,7,1,3,0,0,5,0,0,0,0,3,1,5,6,1,56,9,1995,2,14,BMW 5 SERIES,2,E01016062,0,-1
2020450933860,2020,450933860,2,9,0,3,3,5,1,0,0,4,0,0,0,0,2,1,5,6,2,33,6,1995,2,5,BMW 5 SERIES,8,E01030979,0,-1
2020460956864,2020,460956864,2,9,0,3,3,7,3,0,0,0,0,0,0,0,2,1,5,6,2,28,6,2000,2,9,BMW 5 SERIES,1,E01016063,0,-1
2020052001965,2020,052001965,1,9,0,18,19,1,5,0,0,1,0,0,0,0,1,1,6,6,1,33,6,2993,2,13,BMW 5 SERIES,10,E01006926,0,-1
2020610009720,2020,610009720,1,9,0,7,7,8,2,0,0,8,0,0,0,0,0,1,6,6,1,65,9,1995,2,12,BMW 5 SERIES,-1,-1,0,-1
2020200933838,2020,200933838,3,9,0,3,3,3,7,0,0,1,0,0,0,0,4,1,6,6,2,30,6,1995,2,2,BMW 5 SERIES,4,E01002665,0,-1
2020170S20630,2020,170S20630,1,9,0,9,9,4,2,0,0,4,0,0,0,0,1,1,6,6,2,42,7,1995,2,7,BMW 5 SERIES,9,E01012255,0,-1
2020320664572,2020,320664572,2,9,0,9,9,1,5,0,0,2,0,0,0,0,4,1,6,6,2,74,10,1995,2,14,BMW 5 SERIES,3,E01026311,0,-1
2020040973352,2020,040973352,2,9,0,18,19,5,1,0,0,0,0,0,1,0,1,1,1,1,1,46,8,1995,2,7,BMW 5 SERIES,5,E01012635,0,-1
2020420965700,2020,420965700,2,9,0,18,19,3,7,0,0,0,0,0,0,0,2,1,5,6,1,36,7,1995,2,7,BMW 5 SERIES,4,E01016837,0,-1
2020010268616,2020,010268616,1,9,0,2,2,0,0,0,0,2,0,0,0,0,3,2,6,6,3,-1,-1,1995,2,13,BMW 5 SERIES,-1,-1,0,-1
2020410961890,2020,410961890,4,9,0,18,19,1,5,9,9,0,1,10,7,0,1,1,5,6,1,46,8,2497,2,16,BMW 5 SERIES,7,E01023651,0,-1
2020010262289,2020,010262289,2,9,0,4,4,1,5,0,0,0,0,0,0,0,1,1,1,1,1,49,8,2993,2,0,BMW 5 SERIES,3,E01003221,0,-1
2020010247792,2020,010247792,2,9,0,99,99,9,9,99,99,0,9,99,9,99,9,9,6,6,3,40,7,1995,2,6,BMW 5 SERIES,2,E01002709,0,-1
2020010253034,2020,010253034,2,9,0,18,19,5,1,0,0,1,0,0,0,0,0,1,6,6,1,48,8,2993,2,0,BMW 5 SERIES,4,E01003666,0,-1
2020450979081,2020,450979081,1,9,0,16,19,4,8,0,0,4,0,0,0,0,1,1,5,6,1,60,9,2993,2,15,BMW 5 SERIES,9,E01030911,0,-1
2020470941917,2020,470941917,1,9,0,9,9,6,4,0,0,6,0,0,0,0,1,1,6,6,2,75,10,2926,2,17,BMW 5 SERIES,10,E01031740,0,-1
2020041006459,2020,041006459,2,9,0,12,12,1,5,0,0,0,0,1,0,0,1,1,2,2,1,43,7,1995,2,4,BMW 5 SERIES,9,E01025299,0,-1
2020010250859,2020,010250859,1,9,0,18,19,1,5,0,0,1,0,0,0,0,0,2,1,1,1,38,7,1998,1,1,BMW 5 SERIES,4,E01033589,0,-1
2020010272459,2020,010272459,1,9,0,16,19,3,7,0,0,1,0,0,0,0,4,1,1,1,1,59,9,1995,2,6,BMW 5 SERIES,1,E01002091,0,-1
2020010245331,2020,010245331,1,9,0,18,19,2,6,0,0,2,9,0,5,99,4,9,6,6,1,23,5,1995,2,4,BMW 5 SERIES,7,E01000536,0,-1
2020010257750,2020,010257750,2,9,0,4,4,7,3,0,0,1,0,0,0,0,2,1,6,6,1,42,7,2993,2,10,BMW 5 SERIES,-1,-1,0,-1
2020200995846,2020,200995846,2,9,0,9,9,6,4,0,0,3,0,0,0,0,4,1,6,6,1,25,5,1995,2,5,BMW 5 SERIES,2,E01009054,0,-1
2020420956336,2020,420956336,3,9,0,9,9,3,1,0,0,0,0,0,0,0,0,1,1,1,1,42,7,2993,2,3,BMW 5 SERIES,7,E01021613,0,-1
2020230953607,2020,230953607,2,9,0,17,19,5,2,0,0,0,0,0,0,0,0,1,1,1,1,37,7,2993,2,1,BMW 5 SERIES,8,E01025791,0,-1
2020440024771,2020,440024771,1,9,0,9,9,3,3,0,0,8,0,0,0,0,1,1,2,2,1,37,7,1995,2,14,BMW 5 SERIES,9,E01017146,0,-1
2020460976139,2020,460976139,1,9,0,18,19,6,2,0,0,2,0,0,0,0,3,1,5,6,1,36,7,1995,2,8,BMW 5 SERIES,1,E01024678,0,-1
2020010256823,2020,010256823,1,9,0,16,19,1,5,0,0,1,0,0,0,0,2,1,2,2,1,39,7,1995,2,8,BMW 5 SERIES,2,E01002767,0,-1
2020010245302,2020,010245302,2,9,0,18,19,8,4,0,0,3,0,0,0,0,0,1,1,1,1,50,8,1995,2,5,BMW 5 SERIES,7,E01002817,0,-1
2020010265419,2020,010265419,1,9,0,4,4,5,1,0,0,1,0,10,0,0,2,1,6,6,1,44,7,2993,2,8,BMW 5 SERIES,4,E01023330,0,-1
2020470951675,2020,470951675,1,9,0,18,19,6,2,0,0,8,0,0,0,0,1,1,5,6,1,30,6,1995,2,4,BMW 5 SERIES,5,E01020968,0,-1
2020010278033,2020,010278033,1,9,0,18,19,3,7,0,0,6,0,0,0,0,1,1,6,6,1,52,8,1998,1,1,BMW 5 SERIES,3,E01002030,0,-1
2020010279791,2020,010279791,2,9,0,18,19,3,7,0,0,1,0,0,0,0,1,1,6,6,1,35,6,1995,2,7,BMW 5 SERIES,2,E01033591,0,-1