collision_index,collision_year,collision_ref_no,vehicle_reference,vehicle_type,towing_and_articulation,vehicle_manoeuvre_historic,vehicle_manoeuvre,vehicle_direction_from,vehicle_direction_to,vehicle_location_restricted_lane_historic,vehicle_location_restricted_lane,junction_location,skidding_and_overturning,hit_object_in_carriageway,vehicle_leaving_carriageway,hit_object_off_carriageway,first_point_of_impact,vehicle_left_hand_drive,journey_purpose_of_driver_historic,journey_purpose_of_driver,sex_of_driver,age_of_driver,age_band_of_driver,engine_capacity_cc,propulsion_code,age_of_vehicle,generic_make_model,driver_imd_decile,lsoa_of_driver,escooter_flag,driver_distance_banding
2020200933275,2020,200933275,2,9,0,3,3,8,4,0,0,0,0,0,0,0,2,1,6,6,1,31,6,1995,2,6,BMW 5 SERIES,3,E01009282,0,-1
2020302000301,2020,302000301,2,9,0,13,13,6,2,0,0,7,0,0,0,0,4,1,2,2,1,30,6,2993,2,13,BMW 5 SERIES,3,E01013513,0,-1
2020500947469,2020,500947469,3,9,0,4,4,1,5,0,0,1,0,0,0,0,3,1,1,1,1,45,7,2993,2,1,BMW 5 SERIES,4,E01015029,0,-1
2020010280648,2020,010280648,1,9,0,1,1,7,3,0,0,1,0,0,0,0,2,1,1,1,1,31,6,1998,1,1,BMW 5 SERIES,4,E01001247,0,-1
2020160916924,2020,160916924,4,9,0,18,19,6,2,0,0,0,0,0,0,0,1,1,2,2,1,43,7,1995,2,12,BMW 5 SERIES,1,E01013296,0,-1
2020990923497,2020,990923497,1,9,0,9,9,7,5,0,0,8,0,0,0,0,1,1,6,6,1,66,10,1995,2,10,BMW 5 SERIES,8,-1,0,-1
2020010229981,2020,010229981,2,9,0,10,10,3,8,0,0,1,0,0,0,0,4,1,6,6,2,19,4,1998,8,2,BMW 5 SERIES,4,E01002592,0,-1
20201378M0755,2020,1378M0755,1,9,0,18,19,7,3,0,0,0,0,0,0,0,3,1,6,6,1,44,7,1995,2,2,BMW 5 SERIES,10,E01011376,0,-1
202031B173220,2020,31B173220,2,9,0,18,19,3,7,0,0,8,0,0,0,0,4,1,6,6,1,26,6,2993,2,15,BMW 5 SERIES,-1,-1,0,-1
2020010261061,2020,010261061,2,9,9,99,99,9,9,0,0,9,0,0,0,0,9,9,6,6,1,44,7,1995,2,8,BMW 5 SERIES,-1,-1,0,-1
2020010279445,2020,010279445,1,9,0,99,99,9,9,99,99,9,9,99,9,99,2,9,6,6,1,30,6,1995,2,3,BMW 5 SERIES,1,E01004288,0,-1
2020010246367,2020,010246367,2,9,0,18,19,3,7,0,0,0,0,0,0,0,0,1,1,1,1,30,6,1998,1,1,BMW 5 SERIES,1,E01003047,0,-1
2020010284864,2020,010284864,1,9,0,9,9,1,7,0,0,5,0,0,0,0,4,1,6,6,1,23,5,1998,1,1,BMW 5 SERIES,-1,-1,0,-1
2020140963928,2020,140963928,1,9,0,18,19,3,6,0,0,0,0,0,0,0,4,1,1,1,1,39,7,2993,2,1,BMW 5 SERIES,10,E01007430,0,-1
2020010274475,2020,010274475,1,9,0,18,19,5,1,0,0,0,0,0,0,0,4,1,6,6,1,51,8,2497,1,14,BMW 5 SERIES,3,E01003533,0,-1
2020010235462,2020,010235462,2,9,0,18,19,5,1,0,0,2,0,0,0,0,0,1,1,1,1,41,7,2993,2,4,BMW 5 SERIES,-1,-1,0,-1
2020522004454,2020,522004454,1,9,0,18,19,6,2,0,0,0,0,0,0,0,1,1,6,6,3,-1,-1,2993,2,0,BMW 5 SERIES,-1,-1,0,-1
2020010262177,2020,010262177,1,9,0,18,19,5,1,0,0,8,0,4,0,0,2,1,6,6,1,27,6,1995,2,5,BMW 5 SERIES,3,E01003688,0,-1
2020411000827,2020,411000827,2,9,0,18,19,8,4,0,0,0,0,0,0,0,0,1,1,1,1,44,7,2993,2,1,BMW 5 SERIES,-1,-1,0,-1
2020351012496,2020,351012496,1,9,0,18,19,7,3,0,0,0,0,11,0,0,1,1,6,6,1,-1,-1,1995,2,7,BMW 5 SERIES,-1,-1,0,-1
2020010264590,2020,010264590,1,9,0,18,19,7,3,0,0,1,0,4,0,0,1,1,6,6,1,24,5,2171,1,19,BMW 5 SERIES,-1,-1,0,-1
2020010251837,2020,010251837,2,9,0,18,19,7,3,0,0,1,0,0,0,0,1,9,6,6,1,-1,-1,2494,1,17,BMW 5 SERIES,2,E01003499,0,-1
2020010234618,2020,010234618,1,9,0,18,19,7,3,0,0,1,0,0,0,0,0,1,2,2,1,40,7,1995,2,5,BMW 5 SERIES,-1,-1,0,-1
2020610043020,2020,610043020,1,9,0,17,19,5,2,0,0,0,0,0,0,0,1,1,3,7,2,47,8,1995,2,13,BMW 5 SERIES,10,W01001796,0,-1
2020010242101,2020,010242101,2,9,0,5,5,3,7,0,0,8,0,0,0,0,1,1,6,6,1,41,7,1995,2,6,BMW 5 SERIES,-1,-1,0,-1
2020100918285,2020,100918285,2,9,0,4,4,7,3,0,0,0,0,0,0,0,2,1,6,6,2,45,7,2793,1,23,BMW 5 SERIES,-1,-1,0,-1
2020440471756,2020,440471756,2,9,0,9,9,2,8,0,0,8,0,0,0,0,1,1,1,1,1,48,8,2993,2,3,BMW 5 SERIES,-1,-1,0,-1
2020010244503,2020,010244503,2,9,0,16,19,7,3,0,0,8,0,0,0,0,0,1,6,6,1,26,6,1995,2,5,BMW 5 SERIES,-1,-1,0,-1
2020430203591,2020,430203591,1,9,0,18,19,3,7,0,0,1,0,0,0,0,2,1,6,6,3,-1,-1,1995,2,13,BMW 5 SERIES,-1,-1,0,-1
2020411005853,2020,411005853,1,9,0,5,5,5,7,0,0,4,0,0,0,0,1,1,6,6,2,32,6,2497,2,13,BMW 5 SERIES,5,E01015739,0,-1
2020010237873,2020,010237873,1,9,0,99,99,9,9,99,99,9,9,99,9,99,4,9,6,6,1,47,8,2979,1,16,BMW 5 SERIES,8,E01001680,0,-1
2020350937154,2020,350937154,1,9,0,17,19,3,7,0,0,0,0,0,0,0,1,1,6,6,1,35,6,2993,2,16,BMW 5 SERIES,4,E01033174,0,-1
2020140917537,2020,140917537,2,9,0,18,19,7,3,0,0,8,1,0,7,2,4,1,6,6,3,-1,-1,2993,2,12,BMW 5 SERIES,-1,-1,0,-1
2020410973797,2020,410973797,3,9,0,18,19,5,1,0,0,0,0,0,0,0,1,1,2,2,1,42,7,1995,2,13,BMW 5 SERIES,3,E01002413,0,-1
202006XN72334,2020,06XN72334,2,9,0,18,19,8,3,0,0,8,1,0,0,0,1,1,1,1,1,30,6,2993,2,1,BMW 5 SERIES,4,E01005730,0,-1
2020622001093,2020,622001093,1,9,0,18,19,6,2,0,0,1,0,0,0,0,1,1,6,6,1,29,6,2996,1,14,BMW 5 SERIES,1,W01001807,0,-1
2020052001529,2020,052001529,1,9,0,18,19,5,1,0,0,1,0,0,0,0,4,1,6,6,2,68,10,3498,1,22,BMW 5 SERIES,1,E01006678,0,-1
2020320598101,2020,320598101,1,9,0,18,19,3,7,0,0,2,0,0,0,0,3,1,6,6,1,27,6,1995,2,9,BMW 5 SERIES,4,E01032995,0,-1
2020010249890,2020,010249890,1,9,0,99,99,9,9,99,99,9,9,99,9,99,9,9,6,6,1,56,9,2171,1,16,BMW 5 SERIES,3,E01001887,0,-1
2020010258930,2020,010258930,1,9,0,18,19,5,1,0,0,0,0,0,0,0,1,1,6,6,1,42,7,2000,2,9,BMW 5 SERIES,9,E01002929,0,-1
2020432004025,2020,432004025,1,9,0,18,19,6,2,0,0,4,0,0,0,0,0,1,6,6,1,-1,-1,1995,2,8,BMW 5 SERIES,-1,-1,0,-1
2020200946824,2020,200946824,1,9,0,18,19,-1,-1,0,0,0,0,0,0,0,1,1,6,6,1,-1,-1,1995,2,12,BMW 5 SERIES,-1,-1,0,-1
20201377V1441,2020,1377V1441,3,9,0,18,19,8,4,0,0,0,0,0,0,0,1,1,2,2,1,34,6,1995,2,2,BMW 5 SERIES,9,E01013432,0,-1
2020010233728,2020,010233728,1,9,0,7,7,1,2,0,0,5,0,0,0,0,1,1,6,6,1,29,6,2497,2,14,BMW 5 SERIES,-1,-1,0,-1
2020990966590,2020,990966590,3,9,0,18,19,7,3,0,0,0,0,0,0,0,1,1,6,6,2,36,7,2993,2,2,BMW 5 SERIES,9,-1,0,-1
2020360981033,2020,360981033,1,9,0,12,12,7,5,0,0,0,0,0,0,0,-1,1,5,6,1,23,5,1995,2,12,BMW 5 SERIES,3,E01026025,0,-1
2020460984696,2020,460984696,2,9,0,2,2,0,0,0,0,0,0,0,0,0,4,1,5,6,2,35,6,1995,2,11,BMW 5 SERIES,3,E01024534,0,-1
2020030971780,2020,030971780,1,9,0,16,19,5,1,0,0,0,0,0,0,0,1,1,6,6,1,40,7,1995,2,7,BMW 5 SERIES,5,E01025095,0,-1
2020010244607,2020,010244607,1,9,0,18,19,1,5,0,0,0,0,0,0,0,0,1,1,1,1,30,6,1998,1,1,BMW 5 SERIES,1,E01003047,0,-1
202006Q274664,2020,06Q274664,1,9,0,5,5,8,4,0,0,6,0,0,0,0,3,1,6,6,1,68,10,1995,2,10,BMW 5 SERIES,2,E01005449,0,-1
2020010231301,2020,010231301,2,9,0,4,4,7,3,0,0,0,0,0,0,0,2,1,6,6,1,53,8,2497,1,15,BMW 5 SERIES,2,E01001588,0,-1
2020010257439,2020,010257439,2,9,0,18,19,1,5,0,0,1,1,0,0,0,1,1,1,1,1,37,7,1998,1,1,BMW 5 SERIES,-1,-1,0,-1
2020320583476,2020,320583476,3,9,0,18,19,4,8,0,0,0,0,0,0,0,0,1,2,2,1,41,7,1995,2,5,BMW 5 SERIES,5,-1,0,-1
2020430151591,2020,430151591,2,9,0,2,2,0,0,0,0,0,0,0,1,0,2,1,6,6,1,35,6,1995,2,8,BMW 5 SERIES,10,E01016410,0,-1
2020010233593,2020,010233593,2,9,0,99,99,9,9,99,99,9,9,99,9,99,1,1,6,6,3,-1,-1,2993,2,13,BMW 5 SERIES,-1,-1,0,-1
2020010260096,2020,010260096,2,9,0,2,2,0,0,0,0,0,0,99,0,0,9,9,6,6,3,-1,-1,1995,2,7,BMW 5 SERIES,-1,-1,0,-1
2020501015216,2020,501015216,1,9,0,18,19,7,3,0,0,4,0,0,0,0,1,1,6,6,1,28,6,1995,2,6,BMW 5 SERIES,1,E01015088,0,-1
2020010261562,2020,010261562,1,9,0,9,9,1,6,0,0,2,0,0,0,0,3,1,6,6,1,27,6,2497,1,14,BMW 5 SERIES,4,E01004330,0,-1
2020200943907,2020,200943907,1,9,0,4,4,5,1,0,0,1,0,0,0,0,2,1,6,6,3,-1,-1,2993,2,13,BMW 5 SERIES,-1,-1,0,-1
2020010233850,2020,010233850,2,9,0,18,19,1,5,0,0,1,0,0,0,0,0,1,6,6,1,40,7,1998,1,1,BMW 5 SERIES,4,E01001247,0,-1
2020010254522,2020,010254522,2,9,0,18,19,9,9,0,0,0,0,0,0,0,1,1,6,6,3,-1,-1,4398,1,16,BMW 5 SERIES,-1,-1,0,-1
2020010245709,2020,010245709,2,9,0,99,99,9,9,99,99,0,9,99,9,99,1,9,6,6,3,30,6,1995,2,8,BMW 5 SERIES,6,E01004529,0,-1
2020302000384,2020,302000384,1,9,0,18,19,2,6,0,0,0,0,0,0,0,4,1,6,6,1,29,6,1995,2,7,BMW 5 SERIES,8,E01019410,0,-1
2020070664113,2020,070664113,1,9,0,4,4,3,7,0,0,0,1,0,0,0,4,1,1,1,2,29,6,1995,2,6,BMW 5 SERIES,1,E01004859,0,-1
2020030937334,2020,030937334,1,9,0,9,9,5,3,0,0,7,0,0,0,0,1,1,6,6,1,39,7,1995,2,10,BMW 5 SERIES,7,E01019395,0,-1
2020010253483,2020,010253483,2,9,0,18,19,5,1,9,9,1,0,0,0,0,3,1,1,1,1,37,7,2993,2,0,BMW 5 SERIES,3,E01004666,0,-1
2020010259348,2020,010259348,1,9,9,99,99,9,9,99,99,9,9,99,9,99,9,9,2,2,1,42,7,1995,2,8,BMW 5 SERIES,3,E01002932,0,-1
2020450947855,2020,450947855,2,9,0,4,4,5,1,0,0,1,0,0,0,0,1,1,6,6,1,27,6,1995,2,1,BMW 5 SERIES,4,E01002611,0,-1
2020230943720,2020,230943720,1,9,0,18,19,6,2,0,0,0,0,0,0,0,3,1,5,6,1,27,6,1995,2,12,BMW 5 SERIES,9,E01031277,0,-1
2020200932125,2020,200932125,4,9,0,2,2,0,0,0,0,0,0,0,0,0,2,1,6,6,3,-1,-1,1995,2,3,BMW 5 SERIES,-1,-1,0,-1
2020460942282,2020,460942282,1,9,0,18,19,3,7,0,0,0,1,11,1,0,3,1,6,6,2,31,6,2497,2,14,BMW 5 SERIES,1,E01024687,0,-1
2020440231350,2020,440231350,2,9,0,3,3,2,6,0,0,0,0,0,0,0,2,1,6,6,1,47,8,1995,2,6,BMW 5 SERIES,10,E01022476,0,-1
2020010259835,2020,010259835,2,9,0,18,19,5,1,0,0,1,0,0,0,0,4,1,6,6,1,33,6,2993,2,11,BMW 5 SERIES,-1,-1,0,-1
2020137491551,2020,137491551,2,9,0,18,19,7,3,0,0,0,1,0,0,11,1,1,6,6,1,37,7,2993,2,13,BMW 5 SERIES,3,E01011615,0,-1
2020010284044,2020,010284044,1,9,0,4,4,3,7,0,0,1,0,0,0,0,2,1,6,6,1,66,10,2993,2,1,BMW 5 SERIES,9,E01003892,0,-1
2020010270899,2020,010270899,3,9,0,18,19,1,5,0,0,1,0,0,0,0,0,1,1,1,1,40,7,2993,2,0,BMW 5 SERIES,4,E01003666,0,-1
2020010229477,2020,010229477,1,9,0,18,19,3,7,0,0,0,0,0,0,0,1,1,6,6,1,30,6,1998,1,3,BMW 5 SERIES,4,E01003561,0,-1
202006A170458,2020,06A170458,1,9,0,9,9,3,1,0,0,5,0,0,0,0,4,1,6,6,1,34,6,1995,2,7,BMW 5 SERIES,1,E01006000,0,-1
2020010228852,2020,010228852,2,9,0,18,19,1,5,0,0,2,0,0,0,0,0,1,1,1,1,41,7,1995,2,5,BMW 5 SERIES,3,E01004259,0,-1
2020470957050,2020,470957050,2,9,0,16,19,7,2,0,0,0,0,0,1,0,1,1,2,2,1,51,8,2993,2,4,BMW 5 SERIES,7,E01031722,0,-1
2020500983937,2020,500983937,1,9,0,16,19,7,3,0,0,0,2,0,8,9,2,1,5,6,1,23,5,2171,1,19,BMW 5 SERIES,8,E01020333,0,-1
2020052002391,2020,052002391,1,9,0,18,19,7,3,0,0,0,0,0,0,0,1,1,6,6,2,26,6,2993,2,11,BMW 5 SERIES,2,W01000296,0,-1
2020370961907,2020,370961907,1,9,0,18,19,1,5,0,0,0,0,0,0,0,1,1,5,6,1,21,5,1995,2,13,BMW 5 SERIES,7,E01030239,0,-1
2020460966296,2020,460966296,1,9,0,10,10,1,7,0,0,1,0,0,0,0,1,1,6,6,1,62,9,1998,1,1,BMW 5 SERIES,5,E01033087,0,-1
2020360981340,2020,360981340,1,9,0,5,5,7,3,0,0,0,0,0,0,0,1,1,5,6,2,54,8,1995,2,4,BMW 5 SERIES,4,E01026640,0,-1
2020010276250,2020,010276250,1,9,0,99,99,9,9,99,99,9,9,99,9,99,2,9,6,6,1,47,8,2000,2,9,BMW 5 SERIES,2,E01000599,0,-1
2020010278474,2020,010278474,2,9,0,4,4,4,8,0,0,8,1,7,0,0,2,1,6,6,1,60,9,1995,2,5,BMW 5 SERIES,2,E01000021,0,-1
2020470985860,2020,470985860,5,9,0,16,19,2,6,0,0,0,0,0,0,0,0,1,1,1,1,43,7,2993,2,2,BMW 5 SERIES,6,E01021034,0,-1
2020122100117,2020,122100117,1,9,0,15,15,5,1,0,0,0,0,0,0,0,4,2,1,1,1,52,8,1995,2,6,BMW 5 SERIES,10,E01027654,0,-1
2020990977892,2020,990977892,1,9,0,18,19,3,7,0,0,0,1,0,1,4,3,1,2,2,1,24,5,1995,2,15,BMW 5 SERIES,1,-1,0,-1
2020450919433,2020,450919433,2,9,0,18,19,1,5,0,0,8,0,0,0,0,3,1,6,6,1,35,6,2993,2,5,BMW 5 SERIES,10,E01030338,0,-1
202031D108220,2020,31D108220,2,9,0,2,2,0,0,0,0,1,0,0,0,0,2,1,6,6,1,55,8,1995,2,3,BMW 5 SERIES,6,E01028102,0,-1
202031A169120,2020,31A169120,1,9,0,18,19,2,6,0,0,8,0,0,0,0,1,1,2,2,1,30,6,2993,2,16,BMW 5 SERIES,5,E01013890,0,-1
2020010254096,2020,010254096,1,9,0,99,99,9,9,99,99,0,9,99,9,99,1,9,6,6,1,24,5,2979,8,6,BMW 5 SERIES,3,E01002407,0,-1
2020461010512,2020,461010512,2,9,0,18,19,5,1,0,0,8,0,0,0,0,4,1,2,2,1,25,5,1995,2,6,BMW 5 SERIES,9,E01024253,0,-1
2020010279275,2020,010279275,5,9,0,18,19,3,7,0,0,0,0,0,0,0,4,1,6,6,2,28,6,2497,2,14,BMW 5 SERIES,-1,-1,0,-1
2020010270251,2020,010270251,1,9,0,18,19,5,1,0,0,1,0,0,0,0,1,1,6,6,2,24,5,2497,2,17,BMW 5 SERIES,4,E01003743,0,-1
2020100924822,2020,100924822,1,9,0,9,9,1,7,0,0,2,0,0,0,0,1,1,6,6,1,45,7,2993,2,16,BMW 5 SERIES,-1,-1,0,-1
20201378Q1354,2020,1378Q1354,3,9,0,18,19,5,4,0,0,1,0,0,0,0,2,1,6,6,1,48,8,1995,2,9,BMW 5 SERIES,1,E01011497,0,-1
202031A161120,2020,31A161120,1,9,0,16,19,4,6,0,0,0,0,0,0,0,1,1,6,6,1,32,6,2497,2,14,BMW 5 SERIES,4,E01028272,0,-1
2020110997478,2020,110997478,1,9,0,18,19,1,7,0,0,6,0,0,0,0,1,1,6,6,1,43,7,1995,2,3,BMW 5 SERIES,7,E01020843,0,-1
2020530973520,2020,530973520,1,9,0,18,19,8,3,0,0,8,0,0,0,0,1,1,5,6,1,29,6,1998,8,2,BMW 5 SERIES,8,E01022144,0,-1
2020010228562,2020,010228562,1,9,0,5,5,7,3,0,0,8,0,0,0,0,3,1,6,6,1,39,7,1995,2,13,BMW 5 SERIES,3,E01003372,0,-1
20201378C0559,2020,1378C0559,1,9,0,18,19,3,7,0,0,1,0,0,0,0,2,1,6,6,2,29,6,1995,2,8,BMW 5 SERIES,10,E01011593,0,-1
2020010286610,2020,010286610,2,9,0,5,5,1,5,0,0,1,0,0,0,0,3,1,6,6,1,29,6,1995,2,2,BMW 5 SERIES,4,E01003767,0,-1
2020160951639,2020,160951639,3,9,0,18,19,3,7,0,0,0,0,0,0,0,4,1,1,1,1,40,7,2993,2,2,BMW 5 SERIES,10,E01013090,0,-1
202006Q267582,2020,06Q267582,2,9,0,18,19,2,6,0,0,0,0,0,0,0,3,1,6,6,1,53,8,1995,2,1,BMW 5 SERIES,9,E01005408,0,-1
2020990943199,2020,990943199,4,9,0,18,19,3,7,2,2,0,0,0,0,0,1,1,1,1,1,46,8,2993,2,3,BMW 5 SERIES,10,-1,0,-1
2020471010324,2020,471010324,1,9,0,9,9,1,7,0,0,8,0,0,0,0,1,1,1,1,1,33,6,1995,2,8,BMW 5 SERIES,3,E01016852,0,-1
2020010229847,2020,010229847,1,9,0,99,99,9,9,99,99,9,9,99,9,99,2,9,6,6,1,35,6,2497,1,14,BMW 5 SERIES,2,E01004260,0,-1
2020200944023,2020,200944023,2,9,0,18,19,8,4,0,0,1,0,0,0,0,1,1,6,6,1,-1,-1,2993,2,13,BMW 5 SERIES,-1,-1,0,-1
2020430441685,2020,430441685,2,9,0,2,2,0,0,0,0,0,0,0,0,0,1,1,6,6,3,-1,-1,2993,2,12,BMW 5 SERIES,-1,-1,0,-1
2020450934363,2020,450934363,3,9,0,2,2,0,0,6,6,0,0,0,0,0,2,1,6,6,2,58,9,2800,1,21,BMW 5 SERIES,5,E01022603,0,-1
20201371T0514,2020,1371T0514,1,9,0,18,19,7,3,0,0,0,0,0,0,0,1,1,6,6,1,-1,-1,1995,2,4,BMW 5 SERIES,-1,-1,0,-1
2020420991982,2020,420991982,2,9,0,18,19,6,2,0,0,0,0,0,0,0,1,1,1,1,2,33,6,2993,2,2,BMW 5 SERIES,8,E01021544,0,-1
2020160995688,2020,160995688,1,9,0,8,8,1,5,0,0,1,0,0,0,0,1,1,6,6,1,39,7,1995,12,0,BMW 5 SERIES,4,E01013106,0,-1
2020040998951,2020,040998951,2,9,0,18,19,5,1,0,0,0,0,0,0,0,4,1,2,2,2,27,6,2993,2,3,BMW 5 SERIES,4,E01025460,0,-1
2020010275488,2020,010275488,2,9,9,99,99,9,9,99,99,9,9,99,9,99,9,9,6,6,1,48,8,2979,1,17,BMW 5 SERIES,6,E01001295,0,-1
2020010234350,2020,010234350,1,9,0,9,9,7,4,0,0,5,0,0,0,0,3,1,6,6,1,44,7,1995,2,1,BMW 5 SERIES,4,E01003715,0,-1
202006E372553,2020,06E372553,2,9,0,18,19,7,3,0,0,8,0,0,0,0,1,1,6,6,2,48,8,2000,2,10,BMW 5 SERIES,4,E01005150,0,-1
2020340S08602,2020,340S08602,2,9,0,13,13,7,3,0,0,8,0,0,0,0,4,1,6,6,1,83,11,1991,1,28,BMW 5 SERIES,9,E01027308,0,-1
2020010256266,2020,010256266,2,9,0,9,9,5,3,0,0,8,0,0,0,0,1,1,6,6,3,-1,-1,2993,2,16,BMW 5 SERIES,-1,-1,0,-1
2020010246504,2020,010246504,2,9,0,18,19,7,3,0,0,0,0,0,0,0,4,1,6,6,1,39,7,2993,2,0,BMW 5 SERIES,9,E01003356,0,-1
202006G268511,2020,06G268511,1,9,0,7,7,5,7,0,0,8,0,0,0,0,4,1,6,6,1,30,6,1995,2,4,BMW 5 SERIES,3,E01005997,0,-1
2020010256863,2020,010256863,1,9,0,5,5,3,7,0,0,2,0,0,0,0,1,1,2,2,2,28,6,1995,2,8,BMW 5 SERIES,5,E01003773,0,-1
2020010275541,2020,010275541,2,9,0,5,5,3,7,0,0,0,0,0,0,0,1,1,6,6,1,39,7,2494,1,28,BMW 5 SERIES,6,E01002331,0,-1
2020010246563,2020,010246563,1,9,0,1,1,1,5,0,0,1,1,0,0,0,3,1,6,6,1,77,11,1990,1,28,BMW 5 SERIES,6,E01001064,0,-1
202006A369082,2020,06A369082,2,9,0,7,7,8,2,0,0,6,0,0,0,0,0,1,1,1,1,32,6,2993,2,3,BMW 5 SERIES,-1,-1,0,-1
2020320552144,2020,320552144,1,9,0,18,19,4,8,0,0,4,0,0,0,0,1,1,6,6,1,34,6,1998,1,2,BMW 5 SERIES,2,E01026037,0,-1
2020430184407,2020,430184407,2,9,0,2,2,0,0,0,0,2,0,0,0,0,1,1,1,1,1,48,8,2993,2,4,BMW 5 SERIES,8,E01017833,0,-1
2020460990438,2020,460990438,1,9,0,11,11,-1,-1,0,0,0,0,0,0,0,4,1,6,6,1,61,9,1995,2,9,BMW 5 SERIES,9,E01016073,0,-1
2020010265832,2020,010265832,2,9,0,18,19,3,7,0,0,8,1,0,0,0,3,1,6,6,1,29,6,1998,1,1,BMW 5 SERIES,3,E01002572,0,-1
202031D124620,2020,31D124620,3,9,0,4,4,5,1,0,0,0,0,0,0,0,1,1,6,6,1,61,9,2500,1,20,BMW 5 SERIES,8,E01012351,0,-1
2020470972718,2020,470972718,1,9,0,18,19,1,6,0,0,0,0,0,0,0,1,1,2,2,1,44,7,2494,1,17,BMW 5 SERIES,1,E01021015,0,-1
2020010245002,2020,010245002,1,9,0,18,19,1,5,0,0,1,0,0,0,0,1,1,1,1,1,29,6,1995,2,4,BMW 5 SERIES,3,E01000922,0,-1
2020430117044,2020,430117044,1,9,0,18,19,7,2,0,0,1,0,0,0,0,0,1,1,1,1,60,9,2993,2,1,BMW 5 SERIES,8,E01017833,0,-1
2020100995114,2020,100995114,2,9,0,9,9,5,3,0,0,1,0,0,0,0,4,1,6,6,1,35,6,1995,2,2,BMW 5 SERIES,9,E01008782,0,-1
2020010285974,2020,010285974,1,9,0,18,19,3,7,0,0,8,0,0,0,0,1,1,6,6,1,75,10,2494,1,22,BMW 5 SERIES,9,E01002242,0,-1
2020451000546,2020,451000546,4,9,0,18,19,2,6,0,0,0,0,0,0,0,1,1,1,1,1,39,7,2993,2,2,BMW 5 SERIES,8,E01032571,0,-1
2020450948822,2020,450948822,1,9,0,18,19,3,7,0,0,0,1,0,0,0,3,1,1,1,1,39,7,2993,2,5,BMW 5 SERIES,8,E01030478,0,-1
2020230979569,2020,230979569,2,9,0,18,19,4,8,0,0,0,0,0,0,0,3,1,5,6,1,25,5,2993,2,12,BMW 5 SERIES,-1,-1,0,-1
2020320599746,2020,320599746,1,9,0,18,19,6,2,0,0,0,1,0,0,0,1,1,2,2,1,28,6,2926,2,19,BMW 5 SERIES,-1,-1,0,-1
2020520100845,2020,520100845,2,9,0,18,19,8,4,0,0,8,0,0,0,0,1,1,6,6,1,50,8,1995,2,4,BMW 5 SERIES,-1,-1,0,-1
2020440207463,2020,440207463,2,9,0,18,19,7,3,0,0,8,0,0,0,0,1,1,6,6,1,32,6,2000,2,11,BMW 5 SERIES,10,E01022694,0,-1
2020040926862,2020,040926862,2,9,0,18,19,5,1,0,0,1,0,0,0,0,2,1,5,6,1,56,9,1995,2,4,BMW 5 SERIES,9,E01025340,0,-1
2020010260923,2020,010260923,1,9,0,16,19,3,7,0,0,3,0,0,3,7,1,1,6,6,1,25,5,1995,2,7,BMW 5 SERIES,2,E01003624,0,-1
2020470934365,2020,470934365,1,9,0,18,19,5,1,0,0,0,0,0,2,0,2,1,5,6,1,33,6,2993,2,16,BMW 5 SERIES,6,E01017009,0,-1
2020450958078,2020,450958078,2,9,0,18,19,4,8,0,0,1,0,8,0,0,1,1,1,1,1,37,7,2993,2,2,BMW 5 SERIES,8,E01030452,0,-1
2020010231893,2020,010231893,2,9,0,4,4,7,3,0,0,1,0,0,0,0,0,1,6,6,1,42,7,1995,2,5,BMW 5 SERIES,-1,-1,0,-1
2020010259610,2020,010259610,3,9,0,18,19,7,3,0,0,1,0,0,0,0,0,1,1,1,1,49,8,2993,2,0,BMW 5 SERIES,4,E01000472,0,-1
2020052002129,2020,052002129,1,9,0,5,5,3,7,0,0,8,0,0,0,0,3,1,6,6,1,32,6,1995,2,4,BMW 5 SERIES,1,E01007004,0,-1
2020030985644,2020,030985644,2,9,0,18,19,8,6,0,0,0,0,0,0,0,2,1,5,6,2,45,7,2497,2,15,BMW 5 SERIES,2,E01026177,0,-1
2020410957103,2020,410957103,2,9,0,2,2,0,0,6,6,2,0,0,0,0,1,1,5,6,1,40,7,2993,2,1,BMW 5 SERIES,2,E01023758,0,-1
2020320272136,2020,320272136,1,9,0,18,19,6,2,0,0,0,0,0,0,0,1,1,6,6,1,31,6,1995,2,11,BMW 5 SERIES,3,E01026270,0,-1
2020201010883,2020,201010883,1,9,0,5,5,4,8,0,0,0,0,0,0,0,3,1,2,2,1,59,9,2497,2,18,BMW 5 SERIES,1,E01008913,0,-1
2020010244504,2020,010244504,1,9,0,17,19,3,7,0,0,2,0,0,0,0,0,1,6,6,1,35,6,1998,1,1,BMW 5 SERIES,7,E01003834,0,-1
202031D043020,2020,31D043020,1,9,0,18,19,4,8,0,0,1,0,0,0,0,1,1,6,6,1,-1,-1,2993,2,16,BMW 5 SERIES,-1,-1,0,-1
2020010257418,2020,010257418,1,9,0,9,9,1,7,0,0,8,0,0,0,0,2,1,6,6,1,37,7,1995,2,5,BMW 5 SERIES,5,E01000337,0,-1
2020990920871,2020,990920871,1,9,0,7,7,3,1,0,0,0,0,4,0,0,1,1,2,2,1,29,6,1995,2,7,BMW 5 SERIES,2,-1,0,-1
2020460929014,2020,460929014,4,9,0,3,3,8,4,0,0,1,0,0,3,0,2,1,6,6,1,49,8,1995,2,4,BMW 5 SERIES,5,E01016116,0,-1
2020302001080,2020,302001080,1,9,0,18,19,4,8,0,0,0,0,0,0,0,1,1,2,2,1,24,5,1995,2,8,BMW 5 SERIES,9,E01019779,0,-1