collision_index,collision_year,collision_ref_no,vehicle_reference,vehicle_type,towing_and_articulation,vehicle_manoeuvre_historic,vehicle_manoeuvre,vehicle_direction_from,vehicle_direction_to,vehicle_location_restricted_lane_historic,vehicle_location_restricted_lane,junction_location,skidding_and_overturning,hit_object_in_carriageway,vehicle_leaving_carriageway,hit_object_off_carriageway,first_point_of_impact,vehicle_left_hand_drive,journey_purpose_of_driver_historic,journey_purpose_of_driver,sex_of_driver,age_of_driver,age_band_of_driver,engine_capacity_cc,propulsion_code,age_of_vehicle,generic_make_model,driver_imd_decile,lsoa_of_driver,escooter_flag,driver_distance_banding
2020122000586,2020,122000586,2,9,0,4,4,3,7,0,0,1,0,0,0,0,2,1,6,6,1,29,6,2993,2,0,BMW 5 SERIES,9,E01011398,0,-1
2020010252338,2020,010252338,2,8,0,10,10,3,1,0,0,8,0,0,0,0,3,1,1,1,1,31,6,1995,2,5,-1,8,E01001044,0,-1
2020200930152,2020,200930152,1,9,0,9,9,6,4,0,0,6,0,0,0,0,1,1,6,6,3,-1,-1,1995,2,9,BMW 5 SERIES,-1,-1,0,-1
202031C062920,2020,31C062920,2,9,0,18,19,7,3,0,0,8,0,0,0,0,3,1,6,6,1,32,6,2171,1,16,BMW 5 SERIES,2,E01013919,0,-1
2020010269024,2020,010269024,2,9,0,99,99,9,9,99,99,0,9,99,9,99,9,9,6,6,3,-1,-1,1995,2,9,BMW 5 SERIES,-1,-1,0,-1
2020010254458,2020,010254458,2,9,0,18,19,7,3,0,0,1,0,0,0,0,0,1,1,1,1,41,7,1998,1,1,BMW 5 SERIES,-1,-1,0,-1
2020040934770,2020,040934770,1,9,0,18,19,3,7,0,0,1,0,0,0,0,1,1,5,6,1,49,8,1995,2,13,BMW 5 SERIES,2,E01025290,0,-1
2020450998228,2020,450998228,1,9,0,4,4,1,5,0,0,0,1,0,0,0,2,1,2,2,1,27,6,1995,2,10,BMW 5 SERIES,6,E01003394,0,-1
2020470925526,2020,470925526,2,9,0,2,2,0,0,0,0,0,0,0,0,0,3,1,1,1,1,49,8,2993,2,4,BMW 5 SERIES,-1,-1,0,-1
2020010238355,2020,010238355,2,9,0,99,99,9,9,99,99,9,9,99,9,99,1,9,6,6,3,-1,-1,1995,2,6,BMW 5 SERIES,5,E01002661,0,-1
2020010248203,2020,010248203,1,9,0,18,19,1,5,0,0,1,0,0,0,0,0,1,6,6,1,41,7,1998,1,0,BMW 5 SERIES,3,E01003221,0,-1
2020010268649,2020,010268649,2,9,0,4,4,5,1,0,0,0,0,0,0,0,4,1,1,1,2,32,6,1998,1,1,BMW 5 SERIES,4,E01000472,0,-1
2020470955677,2020,470955677,1,9,0,5,5,4,8,0,0,4,0,0,0,0,1,1,5,6,1,32,6,2993,2,9,BMW 5 SERIES,5,E01031524,0,-1
2020010259793,2020,010259793,1,9,0,18,19,3,7,0,0,1,0,0,0,0,1,1,6,6,1,42,7,2979,1,19,BMW 5 SERIES,3,E01002404,0,-1
2020010256431,2020,010256431,1,9,0,1,1,1,5,9,9,6,0,0,0,0,3,1,6,6,1,38,7,1998,8,2,BMW 5 SERIES,7,E01002577,0,-1
2020200936018,2020,200936018,1,9,0,9,9,6,4,0,0,6,0,0,0,0,1,1,6,6,2,54,8,1995,2,2,BMW 5 SERIES,8,E01010307,0,-1
2020461011017,2020,461011017,1,9,0,4,4,1,2,0,0,0,0,0,0,0,1,1,2,2,1,29,6,1995,2,6,BMW 5 SERIES,8,E01024403,0,-1
2020010286298,2020,010286298,1,9,0,18,19,4,8,0,0,8,0,0,0,0,1,1,1,1,1,38,7,1998,1,1,BMW 5 SERIES,-1,-1,0,-1
2020450932887,2020,450932887,3,9,0,18,19,3,5,0,0,6,0,0,0,0,4,1,5,6,1,51,8,2993,2,4,BMW 5 SERIES,9,E01000759,0,-1
2020302001485,2020,302001485,1,9,0,5,5,1,5,0,0,0,0,0,0,0,3,1,6,6,1,29,6,2993,2,5,BMW 5 SERIES,1,E01013591,0,-1
2020010228032,2020,010228032,3,9,0,2,2,0,0,0,0,0,0,0,0,0,1,1,6,6,3,-1,-1,2926,2,16,BMW 5 SERIES,-1,-1,0,-1
2020010274169,2020,010274169,1,9,0,3,3,5,1,0,0,4,0,0,0,0,1,1,6,6,1,36,7,2996,2,10,BMW 5 SERIES,10,E01000423,0,-1
2020440470235,2020,440470235,2,9,0,18,19,8,4,0,0,0,1,0,0,0,3,1,2,2,1,37,7,2993,2,0,BMW 5 SERIES,10,E01022926,0,-1
202031B082420,2020,31B082420,2,9,0,7,7,5,7,0,0,8,0,0,0,0,3,1,2,2,1,46,8,1995,2,10,BMW 5 SERIES,1,E01007790,0,-1
2020450992792,2020,450992792,1,9,0,9,9,5,3,0,0,6,0,0,0,0,3,1,5,6,1,43,7,2993,2,6,BMW 5 SERIES,9,E01024835,0,-1
2020010245553,2020,010245553,1,9,0,5,5,6,2,0,0,2,0,0,0,0,4,1,6,6,1,29,6,1995,2,5,BMW 5 SERIES,5,E01002689,0,-1
2020440227012,2020,440227012,2,9,0,9,9,8,6,0,0,8,0,0,0,0,3,1,6,6,1,38,7,2993,2,5,BMW 5 SERIES,3,E01017170,0,-1
2020010244879,2020,010244879,1,9,0,18,19,5,1,9,9,0,0,10,1,10,1,1,6,6,1,33,6,2996,1,14,BMW 5 SERIES,2,E01003689,0,-1
2020052001936,2020,052001936,2,9,0,2,2,0,0,0,0,0,0,0,0,0,2,1,6,6,3,-1,-1,1124,1,16,CITROEN C2,-1,-1,0,-1
2020420964039,2020,420964039,1,9,0,17,19,3,7,0,0,0,2,0,0,0,1,1,5,6,2,49,8,1587,1,16,CITROEN C2,8,E01021537,0,-1
2020501015261,2020,501015261,1,9,0,16,19,1,5,0,0,0,0,0,0,0,1,1,5,6,1,19,4,1124,1,14,CITROEN C2,6,E01015106,0,-1
2020200919917,2020,200919917,2,9,0,14,14,2,5,0,0,0,0,0,0,0,1,1,6,6,1,19,4,1124,1,16,CITROEN C2,1,E01008966,0,-1
2020622000145,2020,622000145,1,9,0,18,19,8,4,0,0,0,1,0,1,9,4,1,6,6,1,18,4,1124,1,11,CITROEN C2,5,W01000898,0,-1
202031B111220,2020,31B111220,2,9,0,3,3,5,1,0,0,1,0,0,0,0,2,1,6,6,1,45,7,1398,2,14,CITROEN C2,7,E01028154,0,-1
2020122000273,2020,122000273,1,9,0,6,6,3,3,0,0,1,0,0,0,0,1,1,6,6,2,45,7,1124,1,14,CITROEN C2,5,E01027649,0,-1
2020010281946,2020,010281946,4,9,0,2,2,0,0,9,9,1,0,0,0,0,3,1,6,6,3,-1,-1,1587,1,15,CITROEN C2,-1,-1,0,-1
2020040983083,2020,040983083,2,9,0,18,19,7,3,0,0,0,0,0,0,0,1,1,6,6,1,29,6,1360,1,13,CITROEN C2,1,E01012751,0,-1
202063A001220,2020,63A001220,1,9,0,18,19,6,2,0,0,0,1,0,2,10,1,1,6,6,1,21,5,1587,1,12,CITROEN C2,5,W01000531,0,-1
2020552100013,2020,552100013,1,9,0,18,19,3,5,0,0,3,0,0,0,0,1,1,2,2,2,53,8,1124,1,16,CITROEN C2,6,E01015337,0,-1
2020220998532,2020,220998532,1,9,0,18,19,5,1,0,0,2,1,0,0,0,1,1,5,6,1,18,4,1124,1,16,CITROEN C2,7,E01032259,0,-1
2020230924347,2020,230924347,1,9,0,13,13,3,7,0,0,8,0,0,0,0,1,1,6,6,2,34,6,1398,2,14,CITROEN C2,7,E01031164,0,-1
2020552000478,2020,552000478,1,9,0,18,19,4,8,0,0,0,0,0,0,0,1,1,6,6,1,20,4,1587,1,16,CITROEN C2,8,E01020455,0,-1
2020201020888,2020,201020888,1,9,0,9,9,4,2,0,0,2,0,0,0,0,1,1,6,6,2,55,8,1124,1,15,CITROEN C2,1,E01010524,0,-1
202006E470867,2020,06E470867,1,9,0,18,19,7,3,0,0,8,0,4,0,0,1,1,6,6,3,-1,-1,1587,1,15,CITROEN C2,-1,-1,0,-1
2020361014787,2020,361014787,1,9,0,17,19,6,6,0,0,0,1,0,0,0,1,1,5,6,1,42,7,1560,2,11,CITROEN C2,5,E01030281,0,-1
2020990918308,2020,990918308,1,9,0,18,19,6,2,0,0,0,0,0,0,0,1,1,6,6,1,19,4,1124,1,11,CITROEN C2,8,-1,0,-1
2020010263948,2020,010263948,1,9,0,18,19,3,7,0,0,8,0,0,0,0,4,1,6,6,1,41,7,1124,1,10,CITROEN C2,6,E01003952,0,-1
2020340E02012,2020,340E02012,1,9,0,18,19,3,7,0,0,8,1,0,0,0,1,1,6,6,1,41,7,1587,1,13,CITROEN C2,10,E01027046,0,-1
2020430283617,2020,430283617,1,9,0,9,9,1,7,0,0,6,0,0,0,0,3,1,6,6,2,75,10,1124,1,15,CITROEN C2,5,E01028718,0,-1
2020470927738,2020,470927738,1,9,0,18,19,5,1,0,0,0,1,0,0,0,1,1,5,6,1,41,7,1398,2,11,CITROEN C2,4,E01020974,0,-1
2020622000446,2020,622000446,1,9,0,18,19,3,7,0,0,0,1,0,4,6,1,1,6,6,1,21,5,1587,1,15,CITROEN C2,4,W01000980,0,-1
2020460959812,2020,460959812,1,9,0,18,19,7,3,0,0,0,0,0,0,0,1,1,6,6,2,-1,-1,1587,1,16,CITROEN C2,2,E01016117,0,-1
2020030997832,2020,030997832,1,9,0,18,19,3,7,0,0,0,0,0,1,11,1,1,6,6,2,27,6,1398,2,17,CITROEN C2,6,E01025121,0,-1
2020440465771,2020,440465771,1,9,0,18,19,1,5,0,0,0,0,4,0,0,1,1,6,6,1,18,4,1124,1,16,CITROEN C2,9,E01023036,0,-1
2020100983524,2020,100983524,1,9,0,9,9,1,3,0,0,0,0,0,0,0,1,1,2,2,1,30,6,1124,1,11,CITROEN C2,5,E01008879,0,-1
2020990962154,2020,990962154,1,9,0,17,19,2,7,0,0,0,2,0,2,7,1,1,2,2,1,18,4,1587,1,12,CITROEN C2,3,-1,0,-1
2020622000360,2020,622000360,1,9,0,7,7,4,6,2,2,6,0,0,0,0,3,1,2,2,2,22,5,1124,1,11,CITROEN C2,7,W01001228,0,-1
2020170H11010,2020,170H11010,1,9,0,18,19,6,2,0,0,8,0,0,0,0,1,1,6,6,1,19,4,1124,1,13,CITROEN C2,2,E01020795,0,-1
2020460957652,2020,460957652,1,9,0,18,19,5,1,0,0,0,0,0,0,0,1,1,6,6,1,24,5,1360,1,13,CITROEN C2,4,E01024312,0,-1
2020200919907,2020,200919907,1,9,0,18,19,2,6,9,9,0,0,10,1,0,1,1,6,6,2,33,6,1124,1,11,CITROEN C2,6,E01009066,0,-1
2020010269298,2020,010269298,1,9,0,99,99,9,9,99,99,9,9,99,9,99,2,9,2,2,2,27,6,1587,1,13,CITROEN C2,2,E01032564,0,-1
2020201004126,2020,201004126,2,9,0,3,3,-1,-1,0,0,1,0,0,0,0,2,1,1,1,2,23,5,1124,1,15,CITROEN C2,6,E01009676,0,-1
2020010251078,2020,010251078,1,9,0,99,99,9,9,99,99,9,9,99,9,99,0,9,6,6,2,29,6,1587,1,12,CITROEN C2,7,E01023472,0,-1
2020332000220,2020,332000220,2,9,0,18,19,7,3,0,0,8,0,0,0,0,1,1,2,2,1,46,8,1398,2,15,CITROEN C2,8,E01025861,0,-1
2020332000178,2020,332000178,1,9,0,16,19,7,2,0,0,0,0,0,7,9,3,1,6,6,2,49,8,1124,1,13,CITROEN C2,10,E01025869,0,-1
2020302001400,2020,302001400,1,9,0,17,19,1,5,0,0,0,2,0,1,11,0,1,6,6,1,35,6,1124,1,15,CITROEN C2,5,E01013938,0,-1
2020100965715,2020,100965715,1,9,0,18,19,2,6,0,0,4,0,0,0,0,1,1,2,2,2,19,4,1124,1,11,CITROEN C2,7,E01008691,0,-1
2020441004504,2020,441004504,1,9,0,12,12,5,1,0,0,0,1,0,0,0,1,1,5,6,1,25,5,1587,1,13,CITROEN C2,4,E01032858,0,-1
2020552000805,2020,552000805,3,9,0,16,19,4,8,0,0,0,0,0,8,4,1,1,6,6,2,33,6,1587,1,14,CITROEN C2,5,E01020503,0,-1
2020420936250,2020,420936250,2,9,0,18,19,5,1,0,0,8,0,0,0,0,1,1,5,6,2,56,9,1398,2,13,CITROEN C2,2,E01015954,0,-1
2020040949476,2020,040949476,2,9,0,5,5,7,3,0,0,0,0,0,0,0,1,1,5,6,1,21,5,1124,1,15,CITROEN C2,5,E01025580,0,-1
2020040992360,2020,040992360,2,9,0,18,19,1,5,0,0,3,1,0,4,6,1,1,6,6,1,31,6,1587,1,16,CITROEN C2,8,E01024935,0,-1
2020610005520,2020,610005520,1,9,0,18,19,1,5,0,0,0,1,4,0,0,1,1,6,6,1,19,4,1587,1,12,CITROEN C2,1,W01001469,0,-1
202063A027320,2020,63A027320,2,9,0,18,19,7,3,0,0,8,0,0,0,0,4,1,6,6,2,19,4,1124,1,15,CITROEN C2,5,W01001925,0,-1
2020622000801,2020,622000801,1,9,0,5,5,3,7,0,0,0,0,0,0,0,1,1,6,6,2,20,4,1587,1,14,CITROEN C2,9,W01000908,0,-1
2020200934138,2020,200934138,2,9,0,18,19,5,1,0,0,8,0,0,0,0,4,1,6,6,1,20,4,1124,1,16,CITROEN C2,8,E01010561,0,-1
2020340S09162,2020,340S09162,1,9,0,18,19,8,4,0,0,0,5,0,0,0,0,1,6,6,2,20,4,1124,1,13,CITROEN C2,9,E01028439,0,-1
2020549646020,2020,549646020,2,9,0,18,19,2,6,0,0,8,0,0,0,0,0,1,1,1,1,35,6,1124,1,15,CITROEN C2,5,E01031952,0,-1
2020201019155,2020,201019155,2,9,0,18,19,8,4,0,0,8,5,7,0,0,1,1,6,6,2,35,6,1124,1,15,CITROEN C2,2,E01010477,0,-1
202031C174320,2020,31C174320,2,9,0,18,19,3,7,0,0,1,0,0,0,0,1,1,2,2,1,-1,-1,1560,2,12,CITROEN C2,3,E01013930,0,-1
202031D165820,2020,31D165820,1,9,0,16,19,7,1,0,0,0,0,0,7,4,3,1,6,6,1,26,6,1360,1,16,CITROEN C2,5,E01023788,0,-1
2020201017719,2020,201017719,1,9,0,16,19,4,6,0,0,4,1,10,1,7,1,1,6,6,1,24,5,1124,1,15,CITROEN C2,7,E01032535,0,-1
2020411007940,2020,411007940,3,9,0,4,4,1,5,0,0,0,0,0,0,0,2,1,1,1,1,23,5,1124,1,11,CITROEN C2,3,E01001513,0,-1
2020140964127,2020,140964127,1,9,0,16,19,6,2,0,0,0,2,10,2,9,3,1,5,6,1,18,4,1124,1,16,CITROEN C2,3,E01018180,0,-1
2020302001417,2020,302001417,1,9,0,17,19,4,8,0,0,0,0,0,2,11,1,1,6,6,2,33,6,1124,1,14,CITROEN C2,5,E01019780,0,-1
2020137AE1780,2020,137AE1780,1,9,0,18,19,2,6,0,0,0,0,0,0,0,1,1,6,6,1,39,7,1124,1,14,CITROEN C2,1,E01011721,0,-1
2020010284979,2020,010284979,1,9,0,9,9,5,2,0,0,1,0,0,0,0,3,1,6,6,1,65,9,1360,1,15,CITROEN C2,6,E01001607,0,-1
2020100947463,2020,100947463,1,9,0,18,19,2,6,0,0,0,0,0,0,0,2,1,6,6,2,40,7,1398,2,14,CITROEN C2,-1,-1,0,-1
2020160915041,2020,160915041,1,9,0,4,4,7,3,6,6,0,0,0,0,0,1,1,5,6,2,41,7,1124,1,12,CITROEN C2,3,E01013134,0,-1
2020041004477,2020,041004477,3,9,0,18,19,4,1,0,0,0,0,0,0,0,2,1,6,6,1,48,8,1124,1,14,CITROEN C2,6,E01025421,0,-1
2020340E00902,2020,340E00902,1,9,0,18,19,7,3,0,0,0,1,0,7,9,1,1,2,2,1,36,7,1360,1,14,CITROEN C2,2,E01027137,0,-1
202031A115120,2020,31A115120,1,9,0,13,13,5,1,0,0,8,0,0,0,0,1,1,6,6,2,60,9,1587,1,14,CITROEN C2,9,E01027992,0,-1
2020610034320,2020,610034320,1,9,0,14,14,4,8,0,0,0,0,0,0,0,1,1,6,6,2,58,9,1124,1,12,CITROEN C2,3,W01001435,0,-1
2020460999618,2020,460999618,1,9,0,18,19,4,8,2,2,0,0,0,1,0,1,1,6,6,1,18,4,1587,1,16,CITROEN C2,8,E01016099,0,-1
2020421003497,2020,421003497,1,9,0,17,19,1,5,0,0,0,1,0,1,0,1,1,5,6,2,19,4,1360,1,16,CITROEN C2,3,E01015891,0,-1
2020552000461,2020,552000461,2,9,0,2,2,0,0,0,0,0,0,0,0,0,2,1,6,6,2,35,6,1587,1,13,CITROEN C2,2,E01015430,0,-1
2020110985735,2020,110985735,1,9,0,18,19,3,7,0,0,2,0,0,0,0,1,1,2,2,2,35,6,1587,1,13,CITROEN C2,4,E01020643,0,-1
2020440393511,2020,440393511,1,9,0,18,19,2,7,0,0,0,5,0,7,9,3,1,6,6,1,24,5,1360,1,12,CITROEN C2,3,E01022976,0,-1
2020460995084,2020,460995084,2,9,0,18,19,5,1,0,0,8,0,0,0,0,1,1,5,6,1,17,4,1124,1,16,CITROEN C2,2,E01016035,0,-1
2020137A21582,2020,137A21582,1,9,0,8,8,8,5,0,0,0,0,0,0,0,3,1,6,6,1,20,4,1398,2,15,CITROEN C2,5,E01011388,0,-1
2020052002430,2020,052002430,2,9,0,18,19,1,5,0,0,1,1,0,0,0,1,1,2,2,1,23,5,1398,2,13,CITROEN C2,10,E01005741,0,-1
2020360992078,2020,360992078,3,9,0,4,4,1,5,0,0,0,0,0,0,0,2,1,2,2,1,40,7,1587,1,10,CITROEN C2,10,E01026546,0,-1
2020622000869,2020,622000869,1,9,0,7,7,6,8,0,0,1,0,0,0,0,1,1,6,6,2,37,7,1124,1,17,CITROEN C2,4,W01001749,0,-1
2020450966576,2020,450966576,1,9,0,18,19,6,2,0,0,0,1,0,0,0,2,1,1,1,2,43,7,1360,1,10,CITROEN C2,6,E01030767,0,-1
2020548221920,2020,548221920,1,9,0,18,19,5,1,0,0,8,0,0,0,0,1,1,6,6,2,35,6,1587,1,13,CITROEN C2,6,E01031996,0,-1
2020411008282,2020,411008282,1,9,-1,18,19,1,5,0,0,1,0,0,0,0,-1,1,5,6,1,62,9,1398,2,11,CITROEN C2,8,E01023872,0,-1
2020530915236,2020,530915236,1,9,0,12,12,5,1,0,0,0,2,0,1,4,3,1,6,6,2,51,8,1560,2,12,CITROEN C2,6,E01032934,0,-1
2020040976286,2020,040976286,1,9,0,9,9,5,3,0,0,8,0,0,0,0,1,1,5,6,1,38,7,1398,2,11,CITROEN C2,4,E01025170,0,-1
2020632001002,2020,632001002,1,9,0,18,19,2,6,0,0,0,0,0,4,6,1,1,2,2,1,20,4,1587,1,12,CITROEN C2,4,W01001148,0,-1
2020610032420,2020,610032420,1,9,0,7,7,4,6,0,0,6,0,0,0,0,1,1,6,6,2,29,6,1124,1,12,CITROEN C2,1,W01001530,0,-1
2020137AD0730,2020,137AD0730,1,9,0,9,9,7,5,0,0,5,0,0,0,0,1,1,6,6,2,80,11,1124,1,13,CITROEN C2,3,E01011482,0,-1
2020200993829,2020,200993829,1,9,0,3,3,2,6,0,0,0,0,0,0,0,2,1,5,6,2,24,5,1587,1,11,CITROEN C2,1,E01009404,0,-1
2020501015223,2020,501015223,3,9,0,1,1,3,7,7,6,2,0,0,0,0,0,1,6,6,2,32,6,1398,2,11,CITROEN C2,1,E01019041,0,-1
2020430173231,2020,430173231,2,9,0,10,10,7,5,0,0,1,0,0,0,0,1,1,6,6,1,45,7,1124,1,13,CITROEN C2,5,E01017913,0,-1
20201377J0876,2020,1377J0876,1,9,0,5,5,2,4,0,0,0,0,0,0,0,1,1,6,6,2,35,6,1587,1,13,CITROEN C2,2,E01011790,0,-1
2020100975669,2020,100975669,1,9,0,18,19,1,3,0,0,0,0,10,0,0,4,1,5,6,1,33,6,1124,1,14,CITROEN C2,3,E01008171,0,-1
2020430368883,2020,430368883,2,9,0,18,19,7,3,0,0,8,0,0,0,0,1,1,6,6,2,64,9,1124,1,15,CITROEN C2,5,E01016838,0,-1
2020140984138,2020,140984138,1,9,0,7,7,4,6,0,0,8,0,0,0,0,4,2,2,2,2,54,8,1398,2,15,CITROEN C2,2,E01007495,0,-1
2020100982272,2020,100982272,2,9,0,8,8,1,5,0,0,0,0,0,0,0,2,1,5,6,2,65,9,1124,1,15,CITROEN C2,5,E01008494,0,-1
2020340K06622,2020,340K06622,1,9,0,18,19,7,3,0,0,0,5,0,0,0,1,1,6,6,1,28,6,1587,1,15,CITROEN C2,3,E01027081,0,-1
2020522100742,2020,522100742,3,9,0,3,3,1,5,0,0,0,0,0,0,0,3,1,6,6,2,37,7,1398,2,13,CITROEN C2,8,E01014425,0,-1
20201378T2079,2020,1378T2079,1,9,0,18,19,1,5,0,0,8,0,0,0,0,1,1,6,6,1,31,6,1360,1,14,CITROEN C2,1,E01010941,0,-1
2020460997423,2020,460997423,2,9,0,2,2,0,0,0,0,0,0,0,0,0,3,1,5,6,1,42,7,1124,1,11,CITROEN C2,9,E01024526,0,-1
2020101004115,2020,101004115,1,9,0,9,9,5,1,0,0,1,0,0,0,0,1,1,6,6,2,36,7,1587,1,15,CITROEN C2,1,E01008484,0,-1
2020460944748,2020,460944748,1,9,0,18,19,8,4,0,0,0,0,0,0,0,1,1,6,6,2,62,9,1398,2,11,CITROEN C2,4,E01024702,0,-1
2020440313902,2020,440313902,1,9,0,18,19,7,4,0,0,0,0,0,0,0,1,1,6,6,1,32,6,1124,1,12,CITROEN C2,3,E01022540,0,-1
2020140935307,2020,140935307,1,9,0,17,19,5,1,0,0,1,1,0,8,0,1,1,6,6,1,29,6,1587,1,12,CITROEN C2,2,E01007451,0,-1
2020010231352,2020,010231352,1,9,0,12,12,2,6,0,0,2,0,0,0,0,3,1,6,6,1,24,5,1587,1,13,CITROEN C2,3,E01030262,0,-1
2020440052388,2020,440052388,1,9,0,18,19,6,2,0,0,0,1,0,5,6,1,1,6,6,1,28,6,1587,1,13,CITROEN C2,4,E01022635,0,-1
2020530939875,2020,530939875,1,9,0,9,9,2,6,0,0,5,0,0,0,0,1,1,5,6,2,24,5,1587,1,16,CITROEN C2,8,E01022255,0,-1
2020122001275,2020,122001275,1,9,0,16,19,5,7,0,0,0,0,0,0,0,1,1,2,2,1,19,4,1398,2,11,CITROEN C2,1,E01011345,0,-1
2020010277806,2020,010277806,1,9,0,16,19,2,6,0,0,1,0,0,7,2,1,1,6,6,2,85,11,1124,1,17,CITROEN C2,6,E01002676,0,-1
2020460923541,2020,460923541,1,9,0,16,19,6,1,0,0,6,0,7,3,0,1,1,5,6,1,18,4,1124,1,14,CITROEN C2,5,E01024531,0,-1
20201377N0232,2020,1377N0232,2,9,0,16,19,5,1,0,0,0,0,0,0,0,1,1,6,6,1,85,11,1124,1,15,CITROEN C2,2,E01011866,0,-1
2020070485892,2020,070485892,2,5,0,18,19,7,3,0,0,0,0,0,0,0,4,1,6,6,1,42,7,1202,1,6,-1,10,E01006085,0,-1
2020622000940,2020,622000940,1,5,0,13,13,7,3,0,0,1,0,0,0,0,1,1,6,6,1,28,6,1202,1,7,-1,2,W01000741,0,-1
2020622000465,2020,622000465,2,5,0,18,19,6,1,0,0,1,0,0,0,0,1,1,6,6,1,26,6,680,1,11,HONDA NT700V,4,W01000931,0,-1
2020450971651,2020,450971651,1,5,0,18,19,1,5,0,0,2,1,0,0,0,3,1,5,6,1,70,10,680,1,13,HONDA NT700V,8,E01030595,0,-1
2020010285152,2020,010285152,2,5,0,18,19,3,7,0,0,8,0,0,0,0,4,1,2,2,1,54,8,680,1,11,HONDA NT700V,9,E01000358,0,-1
2020010229707,2020,010229707,1,5,0,99,99,9,9,99,99,0,9,99,9,99,9,1,2,2,1,39,7,680,1,12,HONDA NT700V,3,E01000719,0,-1
2020010276298,2020,010276298,1,5,0,18,19,3,7,0,0,0,1,0,0,0,2,1,1,1,1,51,8,680,1,12,HONDA NT700V,2,E01001509,0,-1
2020140947883,2020,140947883,2,5,0,16,19,6,1,0,0,1,2,0,0,0,1,1,6,6,1,58,9,680,1,13,HONDA NT700V,3,E01007429,0,-1
2020340K05802,2020,340K05802,2,5,0,9,9,1,7,0,0,4,2,0,0,0,0,1,6,6,1,79,11,680,1,11,HONDA NT700V,8,E01027332,0,-1
202031D095620,2020,31D095620,1,5,0,7,7,4,8,0,0,3,0,0,0,0,3,1,1,1,1,30,6,680,1,11,HONDA NT700V,7,E01026372,0,-1
2020030982990,2020,030982990,2,5,0,4,4,6,5,0,0,1,0,0,0,0,2,1,5,6,1,-1,-1,680,1,13,HONDA NT700V,1,E01012945,0,-1
2020302001128,2020,302001128,2,4,0,18,19,2,4,0,0,8,0,0,0,0,4,1,6,6,1,53,8,680,1,12,-1,7,E01019472,0,-1
2020010260097,2020,010260097,1,5,0,5,5,3,7,0,0,1,0,0,0,0,0,1,2,2,1,36,7,680,1,12,HONDA NT700V,3,E01003135,0,-1
2020370955884,2020,370955884,1,5,0,17,19,6,1,0,0,0,0,0,0,0,3,1,5,6,1,61,9,680,1,14,HONDA NT700V,6,E01021525,0,-1
2020530967459,2020,530967459,2,5,0,18,19,4,2,0,0,3,0,0,0,0,4,1,2,2,1,54,8,680,1,12,HONDA NT700V,8,E01022356,0,-1
2020010263688,2020,010263688,1,2,0,18,19,3,7,0,0,1,0,0,0,0,3,1,6,6,1,41,7,125,1,1,-1,4,E01032782,0,-1
2020332000091,2020,332000091,1,3,0,18,19,1,5,0,0,0,0,0,0,0,2,1,2,2,1,35,6,125,1,1,-1,3,E01013775,0,-1
2020990976406,2020,990976406,1,3,0,18,19,7,3,0,0,2,0,0,0,0,1,1,2,2,1,18,4,125,1,2,-1,8,-1,0,-1
2020100996998,2020,100996998,1,3,0,9,9,8,2,0,0,8,1,0,0,0,3,1,2,2,1,25,5,125,1,0,-1,4,E01027498,0,-1
2020070265740,2020,070265740,2,4,0,3,3,7,3,0,0,0,0,0,0,0,1,1,6,6,1,27,6,125,1,0,-1,4,E01018309,0,-1
2020010273759,2020,010273759,2,3,0,18,19,7,3,0,0,1,5,0,0,0,1,1,1,1,1,36,7,125,1,0,-1,1,E01002091,0,-1
2020052000816,2020,052000816,2,9,0,18,19,3,7,0,0,8,0,0,0,0,3,1,2,2,2,30,6,1396,2,7,KIA CEED,1,E01006443,0,-1
2020549936620,2020,549936620,2,9,0,2,2,0,0,0,0,0,0,0,0,0,3,1,6,6,2,41,7,998,1,5,KIA CEED,7,E01015560,0,-1
2020460987598,2020,460987598,2,9,0,3,3,5,1,0,0,0,0,0,0,0,2,1,6,6,1,42,7,1582,2,2,KIA CEED,8,E01024803,0,-1
2020010238496,2020,010238496,1,9,0,9,9,2,8,0,0,8,0,0,0,0,1,9,6,6,1,45,7,1582,2,9,KIA CEED,9,E01002951,0,-1
202063A017520,2020,63A017520,1,9,0,18,19,-1,-1,0,0,0,0,0,0,0,1,1,6,6,1,34,6,1582,2,2,KIA CEED,6,W01000639,0,-1
2020137711183,2020,137711183,2,9,0,18,19,5,1,0,0,0,0,0,0,0,1,1,6,6,2,52,8,1582,2,9,KIA CEED,2,E01011061,0,-1
2020137CK0927,2020,137CK0927,1,9,0,12,12,5,1,0,0,0,0,0,0,0,0,1,6,6,1,28,6,1582,2,3,KIA CEED,10,E01021453,0,-1