collision_index,collision_year,collision_ref_no,vehicle_reference,vehicle_type,towing_and_articulation,vehicle_manoeuvre_historic,vehicle_manoeuvre,vehicle_direction_from,vehicle_direction_to,vehicle_location_restricted_lane_historic,vehicle_location_restricted_lane,junction_location,skidding_and_overturning,hit_object_in_carriageway,vehicle_leaving_carriageway,hit_object_off_carriageway,first_point_of_impact,vehicle_left_hand_drive,journey_purpose_of_driver_historic,journey_purpose_of_driver,sex_of_driver,age_of_driver,age_band_of_driver,engine_capacity_cc,propulsion_code,age_of_vehicle,generic_make_model,driver_imd_decile,lsoa_of_driver,escooter_flag,driver_distance_banding
2020040994639,2020,040994639,2,9,0,18,19,5,1,0,0,1,0,0,0,0,1,1,1,1,2,60,9,1582,2,3,KIA CEED,1,E01025171,0,-1
2020440009984,2020,440009984,1,9,0,1,1,7,3,0,0,8,0,0,0,0,2,1,3,7,2,44,7,1582,2,3,KIA CEED,8,E01023197,0,-1
2020360944006,2020,360944006,2,9,0,18,19,7,3,0,0,2,0,0,0,0,1,1,5,6,1,29,6,1591,1,11,KIA CEED,2,E01026865,0,-1
2020549866820,2020,549866820,1,9,0,18,19,3,7,0,0,0,5,0,1,0,0,1,6,6,1,47,8,1582,2,8,KIA CEED,8,E01032110,0,-1
2020040999844,2020,040999844,1,9,0,12,12,4,1,0,0,1,0,0,7,0,3,1,5,6,1,47,8,1582,2,5,KIA CEED,6,E01025122,0,-1
2020010284578,2020,010284578,1,9,0,4,4,3,7,0,0,0,0,0,0,0,1,1,6,6,2,47,8,1598,2,1,KIA CEED,8,E01000426,0,-1
2020100924855,2020,100924855,1,9,0,9,9,8,4,0,0,0,0,0,0,0,3,1,1,1,1,23,5,1598,2,1,KIA CEED,3,E01020596,0,-1
2020501008722,2020,501008722,2,9,0,18,19,8,4,0,0,0,0,0,0,0,1,1,5,6,2,50,8,1396,1,6,KIA CEED,2,E01018857,0,-1
2020400958420,2020,400958420,1,9,0,18,19,4,5,0,0,1,0,0,0,0,1,1,5,6,2,41,7,1591,1,4,KIA CEED,5,E01023761,0,-1
2020030924701,2020,030924701,2,9,0,18,19,1,6,0,0,0,0,0,0,0,4,1,5,6,2,67,10,1396,1,11,KIA CEED,3,E01019302,0,-1
202006E269337,2020,06E269337,1,9,0,9,9,7,5,0,0,6,0,0,0,0,1,1,6,6,1,47,8,1582,2,10,KIA CEED,8,E01005170,0,-1
2020302000319,2020,302000319,2,9,0,11,11,1,5,0,0,0,0,0,0,0,3,1,6,6,1,35,6,1582,2,6,KIA CEED,1,E01014212,0,-1
20201376N1282,2020,1376N1282,1,9,0,18,19,3,7,0,0,8,2,0,1,11,1,1,6,6,1,21,5,1598,2,1,KIA CEED,5,E01011855,0,-1
2020010255519,2020,010255519,4,9,0,2,2,0,0,0,0,0,0,0,0,0,1,1,6,6,3,-1,-1,1582,2,8,KIA CEED,-1,-1,0,-1
2020440453431,2020,440453431,1,9,0,11,11,4,8,0,0,0,0,0,0,0,4,1,6,6,2,76,11,1396,1,10,KIA CEED,8,E01031535,0,-1
2020991008708,2020,991008708,1,9,0,16,19,7,1,0,0,4,0,9,3,6,1,1,1,1,1,41,7,1582,2,11,KIA CEED,4,-1,0,-1
2020200950691,2020,200950691,2,9,0,2,2,0,0,0,0,1,0,0,0,0,1,1,6,6,3,-1,-1,1582,2,4,KIA CEED,-1,-1,0,-1
2020140922841,2020,140922841,3,9,0,18,19,7,3,0,0,0,0,0,0,0,1,1,2,2,1,28,6,1582,2,7,KIA CEED,2,E01007414,0,-1
2020220982772,2020,220982772,2,9,0,18,19,7,3,0,0,0,0,0,0,0,3,1,5,6,1,51,8,1582,2,5,KIA CEED,7,E01010219,0,-1
2020522100762,2020,522100762,1,9,0,18,19,1,5,0,0,0,0,0,0,0,3,1,6,6,2,52,8,1582,2,5,KIA CEED,6,E01020439,0,-1
2020220982921,2020,220982921,2,9,0,18,19,4,8,0,0,8,0,0,0,0,1,1,5,6,1,44,7,1582,2,5,KIA CEED,7,W01001157,0,-1
2020010252907,2020,010252907,1,9,0,18,19,5,1,0,0,4,0,0,0,0,1,1,6,6,1,27,6,1582,2,12,KIA CEED,2,E01000075,0,-1
2020370941021,2020,370941021,1,9,0,3,3,7,3,5,5,0,0,0,0,0,4,1,6,6,3,-1,-1,1582,2,8,KIA CEED,-1,-1,0,-1
2020460925181,2020,460925181,3,9,0,4,4,6,2,0,0,0,0,0,0,0,2,1,5,6,1,29,6,1353,1,1,KIA CEED,6,E01024266,0,-1
2020302000529,2020,302000529,1,9,0,18,19,7,3,0,0,0,1,4,2,3,3,1,2,2,1,55,8,1591,1,11,KIA CEED,1,E01013591,0,-1
2020010263261,2020,010263261,2,9,0,9,9,1,7,0,0,8,0,0,0,0,4,1,6,6,2,34,6,1591,1,10,KIA CEED,9,E01001107,0,-1
2020140941087,2020,140941087,1,9,0,11,11,1,5,0,0,8,0,0,0,0,1,1,1,1,2,25,5,1582,2,6,KIA CEED,2,E01007805,0,-1
202031D056920,2020,31D056920,1,9,0,16,19,4,8,0,0,0,0,10,7,11,1,1,6,6,1,33,6,1582,2,8,KIA CEED,6,E01028108,0,-1
20201371N0397,2020,1371N0397,1,9,0,18,19,8,4,0,0,0,0,0,0,0,3,1,6,6,2,43,7,1582,2,4,KIA CEED,7,E01010897,0,-1
2020041021253,2020,041021253,2,9,0,18,19,1,5,0,0,0,1,0,4,6,1,1,5,6,1,52,8,1396,2,3,KIA CEED,6,E01019398,0,-1
2020040974272,2020,040974272,2,9,0,16,19,4,2,0,0,0,0,0,0,0,1,1,2,2,2,53,8,998,1,2,KIA CEED,7,E01025195,0,-1
202006Q172010,2020,06Q172010,2,9,0,18,19,3,7,0,0,1,0,0,0,0,1,1,6,6,2,30,6,1582,2,8,KIA CEED,-1,-1,0,-1
2020122001353,2020,122001353,1,9,0,18,19,3,8,0,0,0,0,0,0,0,1,1,6,6,1,40,7,1582,2,8,KIA CEED,7,E01027873,0,-1
2020140984854,2020,140984854,2,9,0,2,2,0,0,0,0,0,0,4,0,0,2,1,6,6,3,-1,-1,1582,2,3,KIA CEED,-1,-1,0,-1
2020430080584,2020,430080584,1,9,0,18,19,5,1,0,0,0,1,0,5,6,1,1,6,6,2,74,10,1582,2,10,KIA CEED,8,E01028603,0,-1
2020201017412,2020,201017412,1,9,0,9,9,4,2,0,0,6,0,0,0,0,3,1,6,6,1,40,7,1396,1,10,KIA CEED,5,E01009135,0,-1
2020400979968,2020,400979968,2,9,0,18,19,1,5,0,0,0,0,0,0,0,1,1,2,2,1,62,9,1582,2,6,KIA CEED,9,E01017422,0,-1
202063A046520,2020,63A046520,1,9,0,16,19,2,5,0,0,0,1,0,7,7,3,1,6,6,1,19,4,1582,2,8,KIA CEED,8,W01000680,0,-1
2020370973741,2020,370973741,1,9,0,9,9,3,7,0,0,1,0,0,0,0,4,1,2,2,1,64,9,1582,2,13,KIA CEED,6,E01030081,0,-1
2020500924977,2020,500924977,1,9,0,18,19,1,5,0,0,0,2,0,1,4,1,1,6,6,1,31,6,1582,2,11,KIA CEED,1,E01015263,0,-1
2020010286378,2020,010286378,2,9,0,18,19,3,7,0,0,1,0,0,0,0,2,1,6,6,2,48,8,1591,1,11,KIA CEED,8,E01000175,0,-1
202063C008320,2020,63C008320,1,9,0,7,7,6,7,0,0,6,0,0,0,0,1,1,2,2,2,50,8,1582,2,8,KIA CEED,5,W01000621,0,-1
2020440417626,2020,440417626,2,9,0,16,19,2,6,0,0,0,0,0,0,0,1,1,1,1,1,41,7,1598,2,2,KIA CEED,2,E01017331,0,-1
2020220997811,2020,220997811,1,9,0,7,7,3,5,0,0,2,0,0,0,0,1,1,5,6,1,29,6,1582,2,9,KIA CEED,2,E01028967,0,-1
2020460946149,2020,460946149,2,9,0,18,19,7,3,0,0,0,0,0,1,0,3,1,1,1,2,56,9,1582,2,4,KIA CEED,10,E01024731,0,-1
2020010235700,2020,010235700,1,9,0,18,19,1,5,0,0,2,0,0,0,0,1,1,6,6,2,70,10,1591,1,6,KIA CEED,7,E01002228,0,-1
2020440001954,2020,440001954,1,9,0,16,19,6,2,0,0,0,0,0,7,11,1,1,6,6,1,71,10,1991,2,12,KIA CEED,9,E01022830,0,-1
2020500982438,2020,500982438,2,9,0,4,4,3,7,0,0,0,0,0,0,0,2,1,6,6,2,53,8,1353,1,1,KIA CEED,8,E01020107,0,-1
2020320356672,2020,320356672,2,9,0,18,19,3,7,0,0,0,0,0,0,0,2,1,6,6,2,38,7,1582,2,2,KIA CEED,9,E01026263,0,-1
2020201016181,2020,201016181,2,9,0,2,2,0,0,0,0,0,0,0,0,0,1,1,6,6,1,-1,-1,998,1,2,KIA CEED,-1,-1,0,-1
2020220958786,2020,220958786,3,9,0,18,19,6,2,0,0,0,0,0,0,0,2,1,5,6,1,65,9,1582,2,12,KIA CEED,5,E01010026,0,-1
2020010274153,2020,010274153,2,9,0,2,2,0,0,6,6,0,0,0,0,0,2,2,6,6,3,-1,-1,1591,1,12,KIA CEED,-1,-1,0,-1
2020400975745,2020,400975745,1,9,0,9,9,6,2,0,0,6,0,0,0,0,1,1,5,6,1,90,11,1591,1,12,KIA CEED,8,E01017624,0,-1
2020400995994,2020,400995994,2,9,0,18,19,7,3,0,0,8,0,0,0,0,1,1,5,6,1,45,7,1582,2,5,KIA CEED,9,E01017495,0,-1
2020410969579,2020,410969579,2,9,0,9,9,3,5,0,0,0,0,0,0,0,1,1,6,6,2,50,8,1582,2,10,KIA CEED,9,E01023834,0,-1
2020320031966,2020,320031966,1,9,0,18,19,1,5,0,0,0,0,0,0,0,4,1,3,7,1,67,10,1582,2,4,KIA CEED,1,E01026149,0,-1
2020010283509,2020,010283509,1,9,0,6,6,3,3,0,0,1,0,0,0,0,4,1,6,6,1,-1,-1,1582,2,5,KIA CEED,-1,-1,0,-1
2020122001181,2020,122001181,1,9,0,17,19,3,7,0,0,0,1,0,1,0,1,1,2,2,1,34,6,1582,2,8,KIA CEED,4,E01012938,0,-1
2020552000614,2020,552000614,1,9,0,18,19,5,1,0,0,0,1,0,7,0,1,1,6,6,1,29,6,1582,2,6,KIA CEED,5,E01020577,0,-1
2020041015214,2020,041015214,1,9,0,9,9,1,7,0,0,5,0,0,0,0,1,1,5,6,2,67,10,1582,2,8,KIA CEED,3,E01025143,0,-1
2020990963763,2020,990963763,2,9,0,18,19,7,3,0,0,0,0,0,0,0,1,1,6,6,1,36,7,998,1,1,KIA CEED,8,-1,0,-1
2020010249585,2020,010249585,1,9,0,99,99,9,9,99,99,9,9,99,9,99,2,9,2,2,2,-1,-1,1396,1,8,KIA CEED,7,E01004619,0,-1
2020201016188,2020,201016188,1,9,0,18,19,2,6,0,0,0,0,0,0,0,1,1,6,6,1,39,7,1591,1,11,KIA CEED,1,E01009378,0,-1
2020500946933,2020,500946933,2,9,0,18,19,2,6,0,0,0,0,0,0,0,1,1,5,6,2,32,6,1582,2,7,KIA CEED,4,E01020337,0,-1
2020302000247,2020,302000247,1,9,0,7,7,2,8,0,0,8,0,0,0,0,1,1,6,6,1,80,11,1582,2,11,KIA CEED,4,E01013493,0,-1
2020500929161,2020,500929161,2,9,0,10,10,7,3,0,0,1,0,0,0,0,2,1,5,6,2,62,9,1582,2,3,KIA CEED,3,E01018982,0,-1
202063C033920,2020,63C033920,2,9,0,2,2,0,0,0,0,0,0,0,0,0,3,1,6,6,2,67,10,1582,2,7,KIA CEED,8,W01000580,0,-1
2020350944976,2020,350944976,2,9,0,3,3,4,3,0,0,1,0,0,0,0,2,1,6,6,2,63,9,1591,1,5,KIA CEED,1,E01015611,0,-1
2020220987289,2020,220987289,1,9,0,4,4,7,3,0,0,1,0,0,0,0,1,1,5,6,2,27,6,1582,2,4,KIA CEED,5,E01032414,0,-1
2020470963726,2020,470963726,1,9,0,18,19,6,2,0,0,1,0,0,0,0,3,1,1,1,1,59,9,1591,1,10,KIA CEED,10,E01031619,0,-1
20201373I0318,2020,1373I0318,1,8,0,14,14,6,2,0,0,0,0,0,0,0,1,1,1,1,1,63,9,1582,2,8,-1,-1,-1,0,-1
2020302000058,2020,302000058,2,9,0,18,19,5,3,0,0,8,0,0,0,0,1,1,6,6,1,38,7,1591,1,13,KIA CEED,6,E01019669,0,-1
2020010232989,2020,010232989,2,9,0,8,8,7,1,0,0,0,0,0,0,0,3,1,6,6,2,55,8,1396,1,10,KIA CEED,5,E01000239,0,-1
2020010243779,2020,010243779,1,9,0,9,9,5,3,0,0,2,0,0,0,0,1,1,1,1,1,38,7,1582,2,4,KIA CEED,2,E01001795,0,-1
202063C064820,2020,63C064820,1,9,0,18,19,4,8,0,0,0,0,0,7,10,3,1,6,6,2,37,7,1396,1,9,KIA CEED,6,W01000595,0,-1
2020360975426,2020,360975426,1,9,0,12,12,7,3,0,0,0,0,0,0,0,2,1,5,6,1,69,10,1591,1,11,KIA CEED,5,E01026442,0,-1
2020350980188,2020,350980188,2,9,0,3,3,1,7,0,0,0,0,0,0,0,2,1,6,6,2,41,7,1582,2,6,KIA CEED,5,E01018213,0,-1
2020420941356,2020,420941356,2,9,0,18,19,6,2,0,0,0,0,0,0,0,2,1,5,6,1,32,6,1582,2,5,KIA CEED,9,E01021724,0,-1
2020420992346,2020,420992346,2,9,0,18,19,4,3,0,0,8,0,0,0,0,1,1,2,2,1,50,8,1591,1,8,KIA CEED,6,E01021979,0,-1
2020302001378,2020,302001378,1,9,0,16,19,8,6,0,0,3,0,0,0,0,3,1,6,6,1,49,8,1396,1,10,KIA CEED,6,E01019871,0,-1
202063C004820,2020,63C004820,2,9,0,16,19,5,8,0,0,0,0,0,0,0,1,1,6,6,2,25,5,1582,2,10,KIA CEED,7,W01000573,0,-1
2020440078196,2020,440078196,1,9,0,18,19,1,5,0,0,0,5,0,2,4,1,1,2,2,1,26,6,1582,2,10,KIA CEED,3,E01022801,0,-1
2020070519112,2020,070519112,2,9,0,3,3,6,2,0,0,2,0,0,0,0,2,1,2,2,1,26,6,1591,1,12,KIA CEED,4,E01018309,0,-1
2020361010054,2020,361010054,4,9,0,18,19,6,2,0,0,0,0,0,0,0,3,1,5,6,1,41,7,1591,1,5,KIA CEED,4,E01026618,0,-1
2020211028582,2020,211028582,1,9,0,13,13,3,7,0,0,0,5,0,7,0,1,1,6,6,1,21,5,1582,2,10,KIA CEED,9,E01014170,0,-1
202006N271188,2020,06N271188,2,9,0,18,19,7,3,0,0,8,0,0,0,0,4,1,6,6,1,48,8,1582,2,4,KIA CEED,8,E01004918,0,-1
2020430005106,2020,430005106,4,9,0,18,19,1,6,0,0,0,0,0,0,0,2,1,3,7,1,-1,-1,1582,2,8,KIA CEED,8,E01028510,0,-1
2020460925181,2020,460925181,4,8,0,4,4,6,2,0,0,0,0,0,0,0,1,1,5,6,2,31,6,1591,1,9,-1,5,E01016157,0,-1
202054A931520,2020,54A931520,1,9,0,18,19,0,0,0,0,8,2,0,1,9,1,1,6,6,1,26,6,1591,1,7,KIA CEED,6,E01029163,0,-1
2020010255607,2020,010255607,1,9,0,99,99,9,9,99,99,9,9,99,9,99,4,9,6,6,1,25,5,998,1,1,KIA CEED,2,E01003336,0,-1
2020990938565,2020,990938565,2,9,0,18,19,1,4,0,0,7,0,0,0,0,1,1,2,2,1,29,6,1582,2,4,KIA CEED,3,-1,0,-1
2020440127749,2020,440127749,1,9,0,18,19,7,3,0,0,4,0,0,0,0,1,1,6,6,1,83,11,1591,1,12,KIA CEED,10,E01022784,0,-1
2020370976185,2020,370976185,1,9,0,13,13,1,5,0,0,0,5,0,0,0,1,1,5,6,1,21,5,1582,2,11,KIA CEED,7,E01029873,0,-1
2020360987723,2020,360987723,3,9,0,18,19,2,6,0,0,8,0,0,0,0,3,1,5,6,1,38,7,1396,2,6,KIA CEED,3,E01026455,0,-1
2020230925416,2020,230925416,1,9,0,18,19,8,4,0,0,0,0,4,0,0,1,1,5,6,2,54,8,1582,2,9,KIA CEED,7,E01031233,0,-1
2020430431729,2020,430431729,2,9,0,18,19,6,2,0,0,2,0,0,0,0,0,1,6,6,2,53,8,1582,2,7,KIA CEED,8,E01016751,0,-1
2020160928063,2020,160928063,1,9,0,18,19,6,2,0,0,8,0,0,0,0,1,1,6,6,2,62,9,1582,2,3,KIA CEED,-1,-1,0,-1
2020440041761,2020,440041761,1,9,0,17,19,7,3,0,0,0,0,0,0,0,2,1,6,6,1,47,8,1598,2,2,KIA CEED,8,E01022713,0,-1
2020990935172,2020,990935172,1,9,0,18,19,5,1,0,0,0,0,0,0,0,1,1,5,6,2,70,10,1582,2,5,KIA CEED,8,-1,0,-1
2020470941242,2020,470941242,2,9,0,18,19,4,8,0,0,1,0,0,0,0,1,1,5,6,1,68,10,1582,2,7,KIA CEED,5,E01021100,0,-1
2020471004226,2020,471004226,2,9,0,18,19,1,5,0,0,1,0,0,0,0,1,1,2,2,1,34,6,1582,2,12,KIA CEED,10,E01010386,0,-1
2020401008936,2020,401008936,1,9,0,18,19,5,1,0,0,0,0,0,0,0,1,1,2,2,1,54,8,1591,1,11,KIA CEED,5,E01027062,0,-1
2020200994523,2020,200994523,2,9,0,3,3,6,2,0,0,1,0,0,0,0,2,1,6,6,1,27,6,1591,1,12,KIA CEED,2,E01010420,0,-1
2020070324881,2020,070324881,2,9,0,4,4,2,6,0,0,0,0,0,0,0,2,1,6,6,1,72,10,1582,2,10,KIA CEED,10,E01018346,0,-1
2020350986612,2020,350986612,1,9,0,17,19,3,7,0,0,0,2,0,1,0,1,1,6,6,1,39,7,1582,2,10,KIA CEED,2,E01018075,0,-1
2020430054435,2020,430054435,1,9,0,12,12,6,2,0,0,0,2,10,1,10,1,1,6,6,1,77,11,1582,2,9,KIA CEED,8,E01017671,0,-1
20201378Q1354,2020,1378Q1354,2,9,0,18,19,5,4,0,0,1,0,0,0,0,2,1,6,6,1,24,5,1582,2,8,KIA CEED,6,E01011518,0,-1
2020430007206,2020,430007206,1,9,0,13,13,3,7,0,0,0,0,0,0,0,1,1,6,6,1,55,8,1396,1,13,KIA CEED,2,E01017665,0,-1
2020470981173,2020,470981173,1,9,0,5,5,8,3,0,0,4,0,0,0,0,1,1,5,6,2,18,4,1591,1,6,KIA CEED,8,E01031420,0,-1
2020470954187,2020,470954187,1,9,0,7,7,6,8,0,0,6,0,0,0,0,1,1,5,6,1,29,6,1591,1,10,KIA CEED,9,E01031751,0,-1
2020500996446,2020,500996446,1,9,0,18,19,7,3,0,0,0,0,0,0,0,1,1,6,6,1,76,11,1582,2,4,KIA CEED,7,E01018807,0,-1
2020160934213,2020,160934213,1,9,0,18,19,3,7,0,0,0,0,0,0,0,2,1,5,6,2,59,9,1582,2,2,KIA CEED,4,E01027830,0,-1
2020201004826,2020,201004826,2,9,0,18,19,6,2,0,0,1,0,0,0,0,0,1,6,6,1,43,7,1582,2,7,KIA CEED,9,E01010222,0,-1
2020052001505,2020,052001505,2,9,0,3,3,1,5,0,0,1,0,0,0,0,2,1,6,6,1,47,8,1582,2,9,KIA CEED,4,E01007000,0,-1
2020210964656,2020,210964656,1,9,0,9,9,4,2,0,0,8,0,0,0,0,4,1,6,6,2,32,6,1582,2,8,KIA CEED,7,E01029396,0,-1
2020231011273,2020,231011273,2,9,0,18,19,1,5,0,0,8,0,0,0,0,1,1,1,1,1,41,7,1582,2,8,KIA CEED,3,E01031321,0,-1
2020360993918,2020,360993918,2,9,0,18,19,2,5,0,0,1,0,0,0,0,3,1,1,1,2,55,8,1582,2,2,KIA CEED,5,E01026738,0,-1
2020010234522,2020,010234522,1,9,0,5,5,3,7,0,0,8,0,0,0,0,1,1,2,2,2,49,8,1591,1,11,KIA CEED,4,E01002600,0,-1
2020201027025,2020,201027025,2,9,0,10,10,4,2,0,0,1,0,0,0,0,2,1,2,2,2,46,8,1598,2,1,KIA CEED,2,E01008883,0,-1
2020501015584,2020,501015584,1,9,0,18,19,3,7,0,0,8,0,0,0,0,1,1,5,6,2,38,7,1582,2,9,KIA CEED,5,E01018946,0,-1
2020010247231,2020,010247231,2,9,0,99,99,9,9,99,99,9,9,99,9,99,9,9,6,6,3,-1,-1,1582,2,7,KIA CEED,5,E01033459,0,-1
2020990964559,2020,990964559,2,9,0,2,2,0,0,0,0,2,0,0,0,0,3,1,5,6,1,47,8,1582,2,9,KIA CEED,9,-1,0,-1
2020140970127,2020,140970127,1,9,0,16,19,5,1,0,0,8,5,2,1,11,4,1,5,6,1,43,7,1396,1,13,KIA CEED,4,E01007479,0,-1
2020500969630,2020,500969630,2,9,0,18,19,3,7,0,0,0,0,0,0,0,2,1,6,6,1,32,6,1582,2,5,KIA CEED,10,W01001798,0,-1
2020545200220,2020,545200220,1,9,0,18,19,5,1,0,0,8,0,0,0,0,1,1,6,6,2,50,8,1598,2,1,KIA CEED,7,E01015526,0,-1
2020500964056,2020,500964056,2,9,0,9,9,1,5,0,0,1,0,0,0,0,2,1,5,6,1,42,7,1582,2,10,KIA CEED,3,E01015115,0,-1
2020010243104,2020,010243104,1,9,9,18,19,1,5,99,99,9,9,99,9,99,9,9,6,6,1,-1,-1,1582,2,10,KIA CEED,10,E01030806,0,-1
2020110963110,2020,110963110,1,9,0,13,13,3,7,0,0,1,0,0,0,0,1,1,5,6,1,78,11,1582,2,10,KIA CEED,3,E01012328,0,-1
2020460966873,2020,460966873,1,9,0,18,19,7,3,0,0,8,0,0,0,0,1,1,6,6,1,32,6,1396,1,5,KIA CEED,6,E01024052,0,-1
2020371000833,2020,371000833,1,9,0,18,19,1,5,0,0,0,0,0,0,0,3,1,5,6,1,86,11,1396,1,5,KIA CEED,5,E01030281,0,-1
2020500975640,2020,500975640,2,9,0,3,3,4,8,0,0,0,0,0,0,0,2,1,5,6,1,75,10,1582,2,11,KIA CEED,8,E01020240,0,-1
2020990946977,2020,990946977,2,9,0,3,3,7,3,0,0,1,0,0,0,0,1,1,5,6,1,27,6,1582,2,8,KIA CEED,3,-1,0,-1
2020320645539,2020,320645539,2,9,0,18,19,5,1,0,0,0,1,0,7,0,1,1,2,2,1,53,8,1582,2,6,KIA CEED,4,E01026207,0,-1
202031C015720,2020,31C015720,1,9,0,9,9,1,7,0,0,5,0,0,0,0,1,1,6,6,2,63,9,1582,2,4,KIA CEED,4,E01013967,0,-1
20201372K0500,2020,1372K0500,2,9,0,4,4,5,1,0,0,0,0,0,0,0,2,1,6,6,2,43,7,1582,2,8,KIA CEED,8,E01011252,0,-1
202031C178220,2020,31C178220,1,9,0,18,19,2,8,0,0,1,0,0,0,0,3,1,6,6,1,32,6,1582,2,6,KIA CEED,1,E01013846,0,-1
2020420965517,2020,420965517,2,9,0,13,13,8,4,0,0,0,0,0,0,0,3,1,5,6,1,31,6,1582,2,2,KIA CEED,9,E01022099,0,-1
2020200995421,2020,200995421,2,9,0,9,9,5,3,0,0,8,1,0,0,0,1,1,6,6,1,41,7,1591,1,11,KIA CEED,1,E01009329,0,-1
2020990963097,2020,990963097,1,9,0,18,19,5,1,0,0,4,0,0,0,0,3,1,5,6,2,22,5,1591,1,10,KIA CEED,6,-1,0,-1
20201374B2807,2020,1374B2807,1,9,0,7,7,7,5,0,0,5,1,10,7,4,1,1,6,6,1,19,4,1396,1,10,KIA CEED,1,E01011559,0,-1
2020140983769,2020,140983769,1,9,0,17,19,7,7,8,6,0,2,0,1,11,4,1,1,1,1,63,9,1582,2,6,KIA CEED,8,E01013277,0,-1
2020990923440,2020,990923440,2,9,0,18,19,7,3,0,0,0,0,0,0,0,1,1,5,6,2,70,10,1582,2,7,KIA CEED,8,-1,0,-1
2020400926594,2020,400926594,1,9,0,16,19,5,3,0,0,4,0,0,1,0,1,1,2,2,1,36,7,1582,2,4,KIA CEED,1,E01016811,0,-1
2020220982878,2020,220982878,1,9,0,4,4,3,6,0,0,0,0,0,0,0,1,1,1,1,1,55,8,1598,2,1,KIA CEED,4,E01022151,0,-1
2020542080720,2020,542080720,1,9,0,16,19,5,7,0,0,0,0,0,7,0,1,1,6,6,2,28,6,1582,2,10,KIA CEED,8,E01032121,0,-1
2020030993190,2020,030993190,2,9,0,12,12,5,1,6,6,0,0,0,0,0,2,1,5,6,1,52,8,1598,2,1,KIA CEED,3,E01016464,0,-1
2020010242063,2020,010242063,1,9,0,99,99,9,9,99,99,1,9,99,9,99,2,9,6,6,1,28,6,1582,2,4,KIA CEED,4,E01004232,0,-1
2020160934580,2020,160934580,2,9,0,3,3,4,8,0,0,0,0,0,0,0,2,1,1,1,1,45,7,998,1,1,KIA CEED,1,E01013960,0,-1
2020610043120,2020,610043120,1,9,0,14,14,1,0,0,0,0,0,4,0,0,1,1,6,6,1,21,5,998,1,0,KIA CEED,2,W01001496,0,-1
2020110954301,2020,110954301,1,9,0,18,19,4,8,0,0,4,0,0,0,0,1,1,6,6,2,42,7,1598,2,1,KIA CEED,2,E01020908,0,-1
2020201022141,2020,201022141,1,9,0,18,19,4,8,0,0,1,0,0,0,0,1,1,6,6,1,-1,-1,1396,1,12,KIA CEED,-1,-1,0,-1
2020052000746,2020,052000746,2,9,0,18,19,6,1,0,0,4,0,0,0,0,1,1,2,2,2,21,5,1591,1,12,KIA CEED,5,E01019170,0,-1
2020460974247,2020,460974247,1,9,0,18,19,4,1,0,0,2,0,0,0,0,1,1,5,6,1,60,9,1582,2,8,KIA CEED,6,E01024736,0,-1
2020545072620,2020,545072620,1,9,0,4,4,7,3,0,0,0,0,0,0,0,1,1,6,6,2,46,8,1582,2,8,KIA CEED,8,E01031918,0,-1
2020410968537,2020,410968537,2,9,0,5,5,7,5,0,0,0,0,0,0,0,1,1,6,6,2,48,8,1396,1,12,KIA CEED,7,E01023335,0,-1
202063A074120,2020,63A074120,1,9,0,18,19,4,7,0,0,1,0,0,0,0,1,1,1,1,1,55,8,1582,2,7,KIA CEED,3,W01000670,0,-1
2020040978164,2020,040978164,1,9,0,18,19,1,5,0,0,1,0,0,0,0,2,1,6,6,3,22,5,1591,1,10,KIA CEED,10,E01025403,0,-1
2020420982331,2020,420982331,2,9,0,18,19,1,5,0,0,8,0,0,0,0,1,1,5,6,1,28,6,1582,2,4,KIA CEED,1,E01014197,0,-1
2020200948453,2020,200948453,1,9,0,18,19,3,7,0,0,0,0,0,0,0,1,1,6,6,2,34,6,1396,2,7,KIA CEED,3,E01010083,0,-1
2020410951726,2020,410951726,1,9,0,18,19,1,4,0,0,0,0,0,0,0,3,1,5,6,2,35,6,1582,2,8,KIA CEED,7,E01023513,0,-1
2020340N06672,2020,340N06672,1,9,0,18,19,5,1,0,0,2,0,0,0,0,4,1,6,6,1,46,8,1396,1,10,KIA CEED,9,E01027148,0,-1
2020010279812,2020,010279812,1,9,0,99,99,9,9,99,99,9,9,99,9,99,1,9,6,6,2,38,7,1591,1,6,KIA CEED,3,E01000535,0,-1
2020010269237,2020,010269237,1,9,0,99,99,9,9,99,99,9,9,99,9,99,1,9,6,6,1,30,6,1591,1,11,KIA CEED,3,E01001445,0,-1
202006A175935,2020,06A175935,2,9,0,18,19,7,3,0,0,8,0,0,0,0,4,1,6,6,1,38,7,1582,2,9,KIA CEED,3,E01005181,0,-1
2020522101142,2020,522101142,1,9,0,4,4,7,3,0,0,0,0,0,0,0,2,1,6,6,1,64,9,1582,2,3,KIA CEED,5,E01015019,0,-1